Sector,Ticker,Risk_Score,Momentum_Score,Quality_Score,Size_Score,Growth_Score,PE,PE_ZScore,composite_z_score
industrials,FLS,0.3543739090695837,0.8916504941368589,-0.2001230386040498,-0.6300131843328175,-0.7322392439618561,28.046099,-0.2040453738518839,-0.3148421852749237
industrials,NVT,-0.0233867308879718,0.8290979509469857,0.1322180221887464,0.1735097833112471,1.91142600224515,41.30137,0.0363966919531484,1.0725584122942118
industrials,VRSK,0.2929916097186643,-0.5650489146849859,2.1833276509116963,0.2035195391353098,-0.4406585182772599,29.766512,-0.17283819176124,-0.08838985162403569
industrials,CMI,-0.3249873134387099,-0.1766334106497649,-0.2441277685715295,1.2231245477802144,-0.197674580206763,28.89913,-0.1885719417481018,-0.13340416293479296
industrials,JBHT,-0.5084622630536623,0.4899680023187951,-0.3719086810054776,0.1930382335320342,0.2882932959342307,37.18067,-0.0383501480445247,0.0063187385874067204
industrials,ST,-0.1275063559493999,0.1065171647928372,-0.1194010515844665,-1.1020921982002017,-0.4115004457088002,66.177414,0.4876320841542496,-0.3505210988259293
industrials,FTV,-0.8259657619575386,-0.1111231518315682,0.0597751479962786,-0.1137932043385939,-0.2705697616279121,31.46524,-0.1420243615829771,-0.43055022035299473
industrials,ODFL,-0.5317974306099753,-0.3386054806958356,1.1507885356967498,0.6566682216406952,-0.1490777925926636,38.16031,-0.0205801103481816,-0.18748209757342427
industrials,VRT,0.9568133326371244,0.9388744686844088,0.4377922995302862,1.4482067700288863,0.5166981977204977,58.139328,0.3418263889739316,0.7401389689599227
industrials,CLH,-0.4995932490300405,0.332462733494228,-0.0942108166545429,-0.1733041635684203,-0.0761826111715145,37.574493,-0.0312064528547745,-0.2144174295275003
industrials,JCI,-0.7314271856764366,0.1559819722130366,-0.1694069899942681,1.290965475896258,-0.2025342589681729,39.384617,0.0016280289089908,-0.2557546229228638
industrials,SSD,-0.6848356690492171,-0.2402610787799287,0.4804207615146842,-0.8974462483471437,-0.3483246218104711,20.023027,-0.3495787247567816,-0.4781243729392355
industrials,ALLE,-0.2221774107059796,0.2484649648126282,0.5137173539085965,-0.383106387545322,-0.037305181080235,20.672436,-0.3377988643893564,-0.10435860780569733
industrials,FBIN,0.8293457232862173,-0.6777464499287106,-0.3132076597683464,-1.2121774614866627,-0.8537312129971046,36.636364,-0.0482235077872318,-0.3071905364911361
industrials,OSK,-0.0454852702303026,0.1771415497671205,-0.5711421174862983,-0.6799152531451922,-0.3288859067648313,17.632723,-0.3929372974832112,-0.25587650237916476
industrials,GWW,-0.8955835721245835,-0.1217696903206968,0.7132098006700703,1.0138826792501934,-0.1539374713540736,33.337322,-0.1080660016643895,-0.2891509577786688
industrials,CNH,0.6396103664187237,0.0059505456044695,-0.994407845511686,-0.0520089750756158,-0.5572908085510984,47.32,0.1455707579165031,-0.12133225609070682
industrials,KRMN,2.2092329811762994,-0.1674989737768905,0.1393766263254759,-1.1776714568016622,2.173848655361286,172.70834,2.4200343654477097,1.8292314574120803
industrials,SITE,0.3678749101577264,-0.5875891967501751,-0.5204566824249847,-1.3993651360629669,-0.42607948199303,26.415548,-0.2336225172268071,-0.2430229282684291
industrials,OTIS,-0.5092270169513972,-0.4319734576572995,0.3731700075470868,0.2678453397277519,-0.2997278341963717,18.427462,-0.3785212446589554,-0.312827432623804
industrials,WAB,-0.8803468764003858,0.7126345147052309,0.0783868963024232,0.7922515674738901,0.1959593994674418,39.384296,0.0016222061760476,-0.1057689449459008
industrials,FIX,0.2681486995390874,1.0912101796154128,0.3483647794101061,0.9000433678748505,-0.6058875961651977,37.315792,-0.0358991221231604,-0.14102031037515134
industrials,KBR,0.4053965339855834,-0.1063324301514114,-0.5988975973051853,-1.3137527354727685,-0.5767295235967381,11.46789,-0.5047633915602795,-0.2973065992684669
industrials,SNA,-1.2388593900116929,-0.2730108805147079,0.5785959344962183,-0.0074788504981281,-0.4503778758000797,19.995342,-0.3500809127989433,-0.6483448059514574
industrials,AMTM,0.6681516930128133,1.5122837862029233,-0.8621164148585811,-1.283563788297656,-0.7516779590074958,24.378048,-0.2705814529647301,-0.2728139427423732
industrials,FCN,-0.3269990917053776,-0.6084358658210105,-0.404449606410167,-1.4301987186905163,-0.3969214094245705,18.611868,-0.375176238767575,-0.4567026648686267
industrials,WM,-0.4426001686292264,-0.7873457107674878,0.3037043826565407,1.330851681649157,-0.4600972333228996,30.964638,-0.151104958956364,-0.3083363465110289
industrials,CPRT,-0.0520296872565441,0.0845259319476514,1.3596039130993725,0.3769851867410264,-0.5524311297896884,20.490685,-0.341095710293309,-0.25556621816815783
industrials,KEX,-0.7387719008257033,0.2789227270808443,-0.1209462366458974,-0.8967205184985506,-0.275429440389322,21.79109,-0.3175072024021317,-0.45874515690123396
industrials,LUV,0.2934265366785905,-0.4815818942327228,-0.9144816254136796,-0.0603991421934368,0.1425029330919326,24.698719,-0.2647646878692624,0.13681542442161843
industrials,GTES,-0.13991969460096,0.4542244763446952,-0.1512649389965106,-1.0286239004787432,-0.3337455855262412,18.402878,-0.3789671825613755,-0.29932437400116735
industrials,PCAR,-0.7036651939974643,0.0712441691731982,-0.4821056654575584,1.0661151708960297,-0.6301859899722474,26.132631,-0.2387544491149868,-0.5068788534528628
industrials,WSO,-0.2058720643199943,-0.9545389469642632,-0.3067270916984685,-0.4124903382155964,-0.5524311297896884,26.593992,-0.2303856581697186,-0.4306515254348973
industrials,CNM,0.3590171041875827,-0.6994936414908023,-0.3575868319711334,-0.8021099709187532,-0.6593440625407071,18.20339,-0.3825857662043139,-0.3270840209945029
industrials,SARO,-0.1216117420798425,-0.3259860383496858,-0.4160721664466518,-0.8253217837535257,-0.43093916075444,25.778948,-0.2451700305965062,-0.35561676620299837
industrials,GE,-0.2902143083274124,0.0361231585063244,0.083040051257776,2.5827133121876087,0.3709078348781996,40.30132,0.0182564300220024,0.3041905072520211
industrials,AME,-1.021517893527235,0.1333018065773377,0.6166192091579696,0.8919829678985526,0.0744674304321934,34.482403,-0.0872949709435471,-0.21156358021694074
industrials,PH,-0.6781257155521051,0.3303246541198886,0.5158957329021916,1.6427534889004485,-0.1782358651611232,34.96751,-0.0784954428753181,-0.17757264267055142
industrials,WCC,0.044359144403167,0.521219244711967,-0.7053002341942316,-0.176168496044058,-0.0227261447960052,23.251366,-0.291018737693601,-0.0162184950340009
industrials,CR,-0.440375252131694,-0.235260940770277,1.06289916325711,-0.4807730260344603,0.5895933791416469,36.103874,-0.0578825329116916,0.16108279110271503
industrials,SWK,-0.1924306387830804,1.2475002672041569,-0.5991658495017254,-0.2947827671639387,-0.6350456687336573,23.91315,-0.2790144028085038,-0.41871087125008627
industrials,GEV,0.0565698077172198,0.1928347122467848,-0.7116121626695848,2.24254983396555,0.4097852649694791,25.790184,-0.2449662168041374,0.3986265176672775
industrials,PSN,1.1486885461481875,-0.6925515911756576,-0.8765372227641364,-1.2283019479417014,-0.6787827775863469,33.777775,-0.1000764683526961,-0.12135447124902271
industrials,CXT,0.5819425883362922,-0.3499759649181702,0.0043778207436185,-1.7836543922348267,0.4146449437308891,20.72034,-0.3369299167291898,0.2766666096997879
industrials,LSTR,-0.4054738075492444,-0.1434788167809089,-0.6502645755991141,-1.0783236828654374,0.2251174720359015,46.67442,0.1338603531392327,-0.11138081023551288
industrials,TDY,-0.8173849118766933,-0.0851616859688704,0.1112362079889505,0.3115129031173103,-0.1782358651611232,30.120394,-0.1664190005480828,-0.3433561306835448
industrials,AIT,-0.958240746421296,-0.0444398635371269,-0.0522199286948391,-0.4779809423975761,-0.1490777925926636,29.399273,-0.1794996703386431,-0.43647911489330055
industrials,GNRC,0.5206618788403025,-0.174604649497545,-0.2299063726260023,-0.5535359997664587,-0.1393584350698437,42.227795,0.0532014438751142,0.0445531813910066
industrials,PAYX,0.0230274875723433,0.3630902899157275,1.11572404093653,0.734056371684935,-0.0470245386030549,25.987753,-0.2413824425833739,0.072870714075525
industrials,WWD,-0.2468858739108419,-0.0555599924154838,0.1213178060614456,-0.0037566701908864,0.3757675136396096,38.01119,-0.0232850509603236,0.12520335242884448
industrials,SNDR,-0.3637466585586594,0.0744371357488395,-0.8364714935148194,-1.0902869227883292,-0.1490777925926636,53.921875,0.2653245119654848,-0.3025427511561782
industrials,CSX,-0.7510012662922939,0.5050442377449237,1.2670780596487397,1.391559383283907,-0.1636568288768934,29.887571,-0.1706422595887259,-0.19019263326413174
industrials,LDOS,0.5306544399021059,0.2483233355410938,-0.154272274170684,-0.122783251731569,-0.3045875129577816,13.140581,-0.4744218557671988,0.0016121333577272879
industrials,TTEK,0.1061529778839211,0.2895466339993526,-0.0750586681983028,-0.7051473155050502,-0.8440118554742847,22.036585,-0.3130540814553924,-0.4745026816343308
industrials,AWI,-0.479993363915992,0.1328123750505897,0.5259967716117092,-0.9208105747107176,-0.1102003625013841,23.969446,-0.2779932296814844,-0.27227811302193916
industrials,GD,-0.9791386063255092,0.0737968940443323,-0.3978728559007049,1.4560632588707818,-0.2608504041050922,23.151495,-0.2928303332131505,-0.3645531523242045
industrials,PNR,0.1656882819851931,-0.7296399920254477,0.4307536534201389,-0.6671756262753864,-1.4806297732189866,15.910526,-0.4241768401831099,-0.8111586653665885
industrials,XPO,0.121508651665483,0.1159218705198589,-0.2260956847371756,0.1086044405741048,-0.0130067872731853,55.58453,0.2954840011921529,0.038379307963643014
industrials,CW,-0.2879162714322543,-0.3040676596873582,0.2497855305791529,0.059493062658404,-0.3920617306631605,40.994373,0.0308279643974502,-0.30590524337090785
industrials,LII,0.3838255709757863,-1.3203437118024592,0.7930082418527252,-0.3815744508261606,-0.508694020936999,17.006224,-0.4043015852284249,-0.19109431271711405
industrials,TXT,-0.6622416152201017,-0.572117017672633,-0.5633113192345285,-0.3393363028032085,-0.508694020936999,15.642717,-0.4290347226965025,-0.5494895313359429
industrials,J,0.1055420918050472,0.3257897805797755,-0.6857292598332483,-0.1305761061136442,1.022104788907131,50.525425,0.2037150998000524,0.5745089702427307
industrials,ATI,-0.1389817468670479,1.91281811609012,0.1514612302835891,0.2919203485242968,-0.1393584350698437,59.882694,0.3734499236790505,-0.052166995004730404
industrials,G,0.2556679738564747,0.3191406175841361,0.0236879777275455,-1.041826749551937,-0.3094471917191916,11.303572,-0.507744014089155,-0.1551448084780667
industrials,PWR,0.0679412205630032,0.7348562705339394,-0.601950200936614,1.369039909328494,1.342843587160187,68.9875,0.5386052315859242,0.8618450388248928
industrials,XYL,-0.5231271988398816,-0.709230556394263,-0.0544623991093731,0.2208719126123839,-0.581589202358148,26.53253,-0.2315005392044789,-0.4918993813690449
industrials,DE,0.4555078595465431,0.4743785837948865,-0.207241201138157,1.967080225404781,-1.1939087262958,35.096996,-0.0761466503585276,-0.3480211933006582
industrials,DRS,-0.2164466080361025,-0.4895140440927275,-0.3568894447080336,-0.6220680705434596,-0.1636568288768934,31.932772,-0.1335436326782299,-0.22788901288933025
industrials,TKR,-0.5197157690430164,-0.1454900199286293,-0.2164743258567509,-0.7985936670939009,-0.2900084766735518,32.820164,-0.1174469141985504,-0.3990831089538358
industrials,ADP,-0.1041583555749643,0.2909615346647314,0.4006734059648995,1.567999326109664,-0.3240262280034213,26.133333,-0.2387417152878025,-0.07692934117771313
industrials,GGG,-0.9173622497735646,-0.0199873656193834,0.99949164920935,-0.4297176476819077,-0.4941149846527691,24.97742,-0.2597092315016085,-0.5816503036944042
industrials,DAL,-0.126807923058718,-0.1427348401811204,-0.6106345839359022,0.8468262208300562,0.2542755446043612,13.287905,-0.4717494934365711,0.1426171115000567
industrials,LECO,-0.5482852976683111,0.423504171955307,0.4161644683128239,-0.2477555061174851,-0.0713229324101046,28.493416,-0.1959313320077218,-0.2188726065353287
industrials,TTC,-0.7090465794006752,0.2336558990116548,-0.0711602810058597,0.0,-0.2608504041050922,28.187319,-0.2014837341439529,-0.3732528582193546
industrials,GXO,0.435042982514844,-0.6573562282908472,-0.9432606447843144,-1.1809150215105868,-0.4455181970386698,42.238937,0.0534035525681164,-0.2269528288273527
industrials,RBA,-0.1507554126052668,-1.0072243285768356,0.0406263866506153,-0.2281314563217496,-0.115060041262794,37.096493,-0.0398770645272786,-0.15220487532735402
industrials,DCI,-0.4558961382081922,0.0715850388387286,0.2247007883684229,0.0,-0.2657100828665021,23.855642,-0.2800575608337389,-0.2887590984871233
industrials,LOAR,0.2168874758943072,-0.157081313286295,0.5310667151178987,-1.014683267178067,1.2602290482162182,101.72464,1.1324358345323715,0.693475727382656
industrials,TT,-0.7176242683648507,-0.2662357657224736,0.3161682018811044,1.431440905077353,-0.1393584350698437,33.114754,-0.1121032416198831,-0.20397469691311654
industrials,HAYW,-0.3595825405290276,-0.3402093098581913,0.2381043150625648,-1.7318690676240631,-0.3483246218104711,19.51389,-0.3588141415247811,-0.44170638228263925
industrials,RBC,-0.6077027799546256,-0.2316063822075383,0.5033735394108971,-0.2290759535962969,0.2785739384114108,49.525055,0.1855690332753182,-0.05886860635639449
industrials,DOV,-0.8028980439944222,-0.3744601611616056,0.1334696788865443,0.2365863787531953,-0.3191665492420114,24.038366,-0.276743065337407,-0.427394223199275
industrials,LMT,0.1064475430859073,1.908264290688546,-0.1523148181436237,1.6862541519888825,-0.1442181138312537,20.69432,-0.3374019027453374,0.12375746909798976
industrials,TDG,-0.4411231805045556,-0.3770887518706701,1.8441026410342896,1.0582031850166969,0.4389433375379388,35.97605,-0.0602011778205329,0.2102069001128821
industrials,BA,1.893072326208408,-0.2691792854199823,-1.430425858045344,1.90133411208651,-0.2657100828665021,75.832115,0.6627621326587211,0.5823803068931798
industrials,HEI-A,-0.4247264313515368,-0.180851962782064,0.5310517753824612,0.4774822659950311,0.4681014101063984,41.667233,0.0430332107781221,0.16026106278435648
industrials,RRX,0.398202996703926,-0.4733253518311888,-0.3295298454978328,-0.5864917394450654,-0.4503778758000797,32.336735,-0.1262160044291509,-0.17775416663148247
industrials,ETN,-0.2472521846874648,-0.0233848171636192,0.0658897093232523,1.8553058007429732,0.3854868711624294,40.88301,0.0288079114106613,0.26978352430567265
industrials,LYFT,0.687247976999109,0.1854592793623762,-1.2164085117500534,-1.0396448936990106,0.1279238968077028,2.459971,-0.6681612317828145,0.19330594230297612
industrials,TRU,0.1858647263147565,0.1383378765182453,0.2393172928536872,-0.1938152484079834,0.0696077516707835,22.403696,-0.3063949247154244,0.09393262972803758
industrials,BAH,1.274257579527689,-0.1756663961908668,-0.2136792473992729,-0.7203445719938946,-0.8585908917585146,11.801872,-0.498705173510894,-0.11171912962542337
industrials,HEI,-0.3649206377230485,-0.1460024702871034,0.5310517753824612,0.7536119023857007,0.4681014101063984,56.222412,0.307054769214915,0.20162704159917524
industrials,RSG,-0.8009696939905583,-0.2445367140631499,0.3318005814667397,1.0976128066288378,-0.43093916075444,31.42532,-0.142748484633116,-0.4151561460930664
industrials,EME,-0.0666835814032089,0.1273029004038732,-0.0581004972406657,0.4305003146120209,0.3077320109798705,23.040777,-0.2948386863159881,0.18011510781046144
industrials,MAN,0.6910382111592249,1.074360330541375,-1.0619562191448857,-1.7480193208619366,-0.2900084766735518,28.102678,-0.2030190672874099,-0.06289141503622833
industrials,TREX,0.7800258380908055,-0.4410467685008944,0.4162962922404802,-1.330101800117685,-0.275429440389322,26.970415,-0.2235575877563315,0.007051389061397231
industrials,BR,0.295494716671284,0.1845816295001461,0.474060053272448,0.0286425580477949,-0.2900084766735518,19.117401,-0.3660061962348637,-0.04284267989169455
industrials,HXL,-0.4787316838792539,0.8254425144055828,-0.1319573045779302,-0.957020576403974,-0.2657100828665021,47.76804,0.1536979145143039,-0.35965775140702866
industrials,RHI,0.5781428846211685,0.1692718358449822,-1.411560796727132,-1.3304787188361846,-0.7711166740531356,39.426086,0.002380249819968,-0.3612266733315099
industrials,EMR,-0.3806915372460588,0.391590123097192,0.5769638798650496,1.304855055956652,-0.3143068704806014,34.026787,-0.0955595512945505,-0.17618601751805762
industrials,BLDR,1.1469500726755677,-0.8092295282930979,-0.9332701671623034,-0.9395546267385247,-1.0821361147833717,73.77778,0.6254978208799894,-0.32474859156912034
industrials,HON,-0.3240127052295381,0.557238128686545,0.1051398505741274,1.0979827721579496,-0.4455181970386698,8.36061,-0.5611274464509461,-0.2524607596436722
industrials,EFX,0.4311421920869265,-0.1686261065336197,0.2157959717817593,0.088834211120713,-0.1393584350698437,34.144405,-0.0934260366424656,0.07438031480275192
industrials,MTZ,0.778018332970302,-0.0794063069483489,-0.672812016533815,-0.0410716800982938,0.4826804463906283,38.303513,-0.0179825002993582,0.4995839331360868
industrials,BWXT,0.5557388696355813,-0.4752286804181496,-0.3886980085690558,-0.332959081384416,0.2202577932744915,39.35142,0.0010258567422709,0.2584888226361331
industrials,HWM,-0.5286696116363526,0.0444658494358244,0.9385262045862572,1.4305887902932282,0.5166981977204977,57.0979,0.3229355568131102,0.23942489140332726
industrials,ROK,-0.4355053773197085,-0.0884185827881686,0.392292124639873,0.7719743082641349,-0.2705697616279121,40.306744,0.018354817883324,-0.22614490890302555
industrials,AOS,-0.4247057429670915,-0.3281874048949738,0.4228457895818889,-0.8329511376039329,-0.6885021351091667,16.798296,-0.4080732650272543,-0.5766834714352607
industrials,ESAB,0.5736372297430163,-1.0543031751177854,-0.2829707302046241,-1.3221745598669712,-0.0275858235574151,24.006369,-0.2773234702781709,0.0436243459121653
industrials,MIDD,-0.2083067083254791,-0.9227435571881656,-0.0181106824289566,-1.2607223118186957,-0.1733761863997133,17.131376,-0.4020314086760457,-0.2803442590270591
industrials,UBER,-0.0531046572845048,0.0550106140599377,-0.2271615664300272,1.846141723655014,-0.0616035748872847,16.589912,-0.4118532163719469,0.08352016539953089
industrials,CHRW,0.3384892820002683,-0.7046673370384499,-0.4483982730942975,-0.1283266288152995,0.2834336171728208,28.561071,-0.1947041139476731,0.2298642630263643
industrials,HUBB,-0.3081747591458001,-0.3027325870050126,0.3392056959699491,0.1560001027688953,0.0890464667164232,27.23993,-0.2186687595033714,-0.04013616075335916
industrials,ROL,0.0801068549730589,-1.4837090978024114,0.5504175279495842,-0.135247358657862,-0.2705697616279121,33.091743,-0.1125206463169458,-0.1524716288421599
industrials,MMM,0.4713905864639181,0.4247022311971269,0.3896048115284215,1.342284167858236,-0.5329924147440487,30.96036,-0.1511825591168974,-0.015112484798077261
industrials,ECG,0.6952342843603242,0.335210544065883,-0.171460629289697,-1.1166124480935553,0.983227358815852,23.118473,-0.2934293309927518,0.6866863079621701
industrials,MSA,-0.6471585502336549,0.6090549040364394,0.6288428243868939,-0.9318674378359468,-0.353184300571881,23.701777,-0.2828485726851821,-0.44764239846559156
industrials,UNP,-0.6895947348612673,0.241092855033559,1.5433895683261742,1.977491226065564,-0.0956213262171542,24.869314,-0.2616702046092816,-0.08793400820078545
industrials,CACI,0.2819067723937015,0.7184049231511782,-0.4202501572067471,-0.3450465060445691,0.2008190782288518,25.969572,-0.2417122341959635,0.18329664227815795
industrials,HII,0.1946024133392865,0.3146456128493413,-0.672504064295044,-0.5101827747639401,-0.1247793987856139,17.333334,-0.3983680208263478,-0.051478172862042586
industrials,ROP,-0.0492495795768704,0.9742590605408298,0.5985935152950292,0.6656006266623274,-0.2414116890594524,17.759933,-0.3906297901383173,-0.060932817810042214
industrials,EXLS,0.3813332735399666,0.5001488062456522,0.1885458256701052,-1.1326396387552646,0.1036255030006531,24.101267,-0.2756020817708543,0.11355713398309702
industrials,MSM,-0.9170439662507732,0.1170887105471395,-0.2664230846353113,0.0,-0.275429440389322,28.784502,-0.1906512197288462,-0.45743540546727673
industrials,UAL,0.5410153921337376,-0.3971364716146233,-0.7031586944601133,0.5017381297026238,0.1230642180462928,10.353786,-0.5249725194824209,0.25747043126947966
industrials,CSL,0.1398711178468072,-0.2110847641163602,0.5079402953162336,-0.3453171529934387,-0.2511310465822723,20.244158,-0.3455675510543705,-0.10951102939839986
industrials,IEX,-0.9385142070124736,0.393300810694567,0.3151736357533315,-0.1617174851490084,-0.3434649430490611,33.13623,-0.1117136808326892,-0.49328539178477754
industrials,RTX,-0.6814923913324343,0.5913545358435216,-0.3326735138844506,2.384759629473033,0.0501690366251437,37.294434,-0.0362865424664686,-0.012671636407023769
industrials,AYI,-0.1243781539743803,-0.0223695048684236,-0.0449856456489138,-0.640989438626591,-0.5767295235967381,22.267786,-0.3088602444484998,-0.406241161499866
industrials,EXPD,-0.743727841518873,0.8017084448490106,0.1312668593899058,0.1828444394935085,0.9054724986332928,27.767202,-0.2091043855331107,0.2846718606286202
industrials,MLI,-0.6071666539229784,0.3498569175594572,0.8007376088685224,-0.342700088543618,0.584733700380237,16.380577,-0.4156504182432098,0.12082638283519184
industrials,UPS,-0.1836232609242144,-0.5418450965261369,-0.3270706969319055,1.34290145109169,-0.2851487979121418,19.373606,-0.3613588027964664,-0.13595630041541987
industrials,CARR,-0.2293007868062166,-0.8651784817694582,-0.4704628439963627,0.7865205227741681,-0.4649569120843095,41.88489,0.0469813683613903,-0.3022235712453019
industrials,ITW,-0.0121169361527903,-0.0718186971207193,1.14477157036376,1.2315705933547256,-0.3580439793332909,25.379723,-0.2524117145817687,-0.08063602199659758
industrials,R,0.1803095244549962,-0.277931421816928,-0.347669530138798,-0.6933907082889302,-0.4115004457088002,20.00491,-0.3499073554506535,-0.23248886104978425
industrials,WMS,-0.0829316606898993,-0.3780766430791742,0.7368025137000693,-0.6138058637843454,0.3466094410711499,23.361444,-0.2890219937779402,0.12510047269484795
industrials,FAST,-0.7676206364513699,0.2637768491107558,1.0590528388569695,0.9357485658488462,0.0598883941479636,42.1453,0.0517050377874087,-0.1184874255739854
industrials,NDSN,-0.9294003829412892,0.8974704161662127,0.6774470568107849,-0.1062308754088653,-0.1539374713540736,32.895706,-0.1160766310459055,-0.361973703747267
industrials,URI,0.3789945391738762,-0.0153262277242549,0.5608729599254667,1.0559336223523794,-0.0810422899329245,24.814726,-0.2626603957180235,0.17383657793948712
industrials,CAT,0.3935333523851678,0.7391360882932533,0.3442193565961277,2.629008641434105,0.5118385189590878,34.477734,-0.0873796635918712,0.6333357814437859
industrials,IR,-0.2361310404335901,-0.2938517919786673,0.0309709700927844,0.3575770389259503,-0.2414116890594524,31.838842,-0.1352474622899419,-0.1891107308550108
industrials,SAIA,-0.0041064063777385,-0.4011643855624027,-0.1709819712343892,-0.6862655451101406,0.1765206844218022,34.016285,-0.095750050800376,0.029988455144425084
industrials,ACM,0.7688927209125951,-0.5567154378044669,-1.0068670303334948,-0.7633307685134418,-1.3445587678995083,24.34296,-0.2712179266516858,-0.5758239258128232
industrials,FDX,-0.6007305118364067,0.9017574563245064,-0.4335712629367811,1.2206493023114249,-0.0470245386030549,17.822536,-0.3894942120995437,-0.1220590540455714
industrials,NSC,-0.8709492540483438,0.1276057647559372,1.0491095223979516,1.214872241637581,-0.1004810049785642,29.756077,-0.173027475930283,-0.22267004968227602
industrials,VMI,-0.4951496280021146,-0.1789751082624095,0.1006536556008747,-0.7236209535658197,-0.3386052642876512,18.360437,-0.3797370349253771,-0.40490107345361515
industrials,CTAS,-0.743630342991317,-0.1747065631686306,0.91248263432931,1.258043925803492,-0.2219729740138127,41.18163,0.0342246855898311,-0.2540850358972556
industrials,ITT,-0.5364263057124108,0.0587641090035879,-0.1923425230172797,0.0,1.8482501783468208,39.819084,0.0095089800418733,0.8296449911963935
industrials,SAIC,0.3686430133165152,0.6495298020917412,-0.4327853403243534,-1.1979235251863851,-0.581589202358148,14.422947,-0.4511605637002062,-0.2818379625689693
industrials,AGCO,-0.1632625160590064,-0.2824174632630444,-0.7350999148289304,-0.8052790948211273,-0.7030811713933965,15.6701975,-0.4285362441524308,-0.5234224215952195
industrials,FERG,-0.3943369032998191,-0.2565962703646734,-0.3693964751334658,0.6960435441276466,-0.43093916075444,22.075712,-0.3123443429137395,-0.32843474033337977
industrials,NOC,-0.1203285648312181,-0.1253098978844262,-0.180499484555552,1.2110733469196868,-0.4066407669473904,17.331408,-0.3984029572240073,-0.17815337917035148
industrials,VLTO,-0.4492822014390427,0.0380934337079626,0.4500950794261332,0.1596864350135319,-0.2900084766735518,24.828714,-0.2624066624207955,-0.28309236186421166
financial-services,CACC,0.6013405009927938,-0.0982315809568996,0.3110508592346553,-1.0588322598778928,-0.1749720431478387,13.245141,-0.3726738066147822,0.0031832161801225766
financial-services,FAF,-0.3753113054346396,0.1609375099555248,-0.0963051941153993,-0.9068573803699276,-0.1190302395408351,10.324022,-0.5345197049987633,-0.4616008243490009
financial-services,BPOP,-0.4085268292948409,0.2692431930887149,-0.1981570937979354,-0.6293010306285108,-0.1942973934848036,11.371873,-0.4764630539456727,-0.409977751310993
financial-services,KNSL,0.2198226095409623,-0.1199354951756317,0.617744683834473,-0.8114376224430602,-0.1007220129058157,15.4567995,-0.2501358830139059,-0.0838470247255037
financial-services,EWBC,-0.3719066837015336,-0.1899730306730607,0.0123605468823089,-0.2482716924339847,-0.1058076314155433,12.1746645,-0.4319840335659745,-0.27258100150433695
financial-services,FCNCA,-0.2013606109441831,0.0756811490579874,-0.279999751227493,0.0208896364963052,-0.1851432801672939,11.764961,-0.45468383834235,-0.13267693835943625
financial-services,TROW,-0.5316464954275899,-0.3042990840918637,0.6026768895243758,-0.0022169963717174,-0.1627665587244925,11.17269,-0.487498876716952,-0.23996686857617347
financial-services,KKR,0.5130436581288816,-0.2163951325056433,-0.4263005352940929,1.1435973552366252,-0.1922631460809126,34.72152,0.8172345310085278,0.5233440219386272
financial-services,TW,-0.1978821494846851,-0.0998973231424944,0.423050780262995,-0.0180574431488424,-0.1800576616575663,25.951805,0.3313445680366411,-0.087438786666345
financial-services,FHB,-0.4237054244192367,-0.9122095038813745,-0.2402015598144193,-1.6051831208711465,-0.2115884964178775,11.134783,-0.4895991309243436,-0.7464044227770563
financial-services,PRI,-0.647213884713432,-0.3727567331572048,0.3862313368778648,-0.7808684075079069,-0.1831090327634029,11.669372,-0.4599799894339784,-0.544712748673706
financial-services,CG,0.6241543212171174,-0.4497103347470211,-0.3418890920917635,-0.2545821838429286,-0.6062324927727398,50.936844,1.7156517746632132,0.13800170729892425
financial-services,LAZ,0.5708717135975149,-0.5744774037632242,-0.1124759856595198,-1.3671609565247738,-0.2705816711307178,21.507463,0.0851038213516689,-0.16317989259630497
financial-services,TRV,-0.8493312727737549,0.3563396240979308,0.1915176081705529,0.9198153019137332,-0.2685474237268268,9.941048,-0.5557385499303484,-0.1543860031193768
financial-services,CNA,-0.7234373055691999,-0.4533208015535471,-0.3391694378178029,-0.4689280745861263,-0.2410850837742976,10.865772,-0.5045038051160398,-0.5637370019012903
financial-services,FHN,-0.3427090331771558,-0.3332982440857733,-0.2400676873500309,-0.5728338737157262,-0.1800576616575663,11.863415,-0.4492289506505112,-0.38504903980465505
financial-services,PFG,-0.7336771326025744,0.2365787965291864,-0.3625636910118671,-0.0072891420006285,-0.2065028779081499,15.692308,-0.2370874297466601,-0.40988687072639046
financial-services,AIG,-0.5763002355236414,-0.5883794926272312,-0.1560791619790555,0.4083159152126914,-0.2665131763229357,14.036765,-0.328813526543234,-0.22924728784995094
financial-services,LNC,0.0361582129403445,-0.0632743353610922,-0.4311626536302027,-0.845834651589432,-0.1434412083875276,3.646404,-0.9044961024940532,-0.277724804105126
financial-services,TFC,-0.2837542656449274,-0.2779653863314344,-0.2891621321049667,0.7372786483938677,-0.1881946512731305,11.584112,-0.4647038576831727,0.0183899790683366
financial-services,CBOE,0.1261362652851502,0.5553537369526199,0.7632794801139842,0.2173749880823191,-0.0386774670871388,23.416538,0.1908769714552417,0.20802464254212896
financial-services,FISV,1.656463100401251,0.1244219692022647,-1.4353286315452786e-17,0.1379176073402013,0.0,10.212645,-0.5406905972576247,0.8716076765653815
financial-services,PGR,-0.4800583751372707,-0.1527943231618991,0.3577565723113587,1.3201099216544367,-0.1973487645906402,10.964304,-0.4990445957994831,0.1475252359267406
financial-services,AMP,-0.3751586148851492,0.2717274993413128,0.3118951746963468,0.567659508007779,-0.1536124454069828,13.513559,-0.3578019878520301,-0.0011756018822983915
financial-services,L,-0.9284156448902492,-0.4078145892643112,-0.271335593911407,-0.0573188442644378,-0.2319309704567879,13.287117,-0.3703481076512802,-0.5393683207691832
financial-services,USB,-0.4343273494610988,0.1268623271882494,-0.2457317783313708,1.1004355679778697,-0.165817929830329,12.465588,-0.4158652875585327,0.06812244259270626
financial-services,CBC,-0.6217232659232245,0.4833659452232062,-0.1010152949223464,-0.8921334193275218,-0.1322528476661268,17.64011,-0.1291685929707139,-0.5703469298353733
financial-services,FNB,-0.3842062022297058,-0.2648813679598493,-0.2476093938303847,-1.0260970458471437,-0.2024343831003678,10.981928,-0.4980681302350473,-0.5363787296975123
financial-services,PB,-0.467959440151226,-0.2993721738409164,-0.1657462421526751,-0.8037815561792255,-0.0081637560287732,12.40208,-0.4193839765659199,-0.49090685969486453
financial-services,LPLA,0.3046197878666689,0.4308477341431914,-0.1494155686250337,0.159801150616113,0.0986342326755065,29.682037,0.5380197323215179,0.20979233553514295
financial-services,BEN,-0.4232241082379962,0.6566242986185578,-0.2413345982896717,-0.2496581782835868,-0.1261501054544537,23.551723,0.1983669565510349,-0.291600896339413
financial-services,SCHW,-0.2550875891797443,0.4739115975510732,-0.0226837323460983,1.639489113696722,-0.0590199411260493,20.003643,0.0017840049019458,0.3542176748205143
financial-services,PRU,-0.2709106712428644,0.0653387617560335,-0.4510076558018785,0.4209451835760647,-0.1281843528583447,10.858726,-0.5048941918822116,-0.062291162482025875
financial-services,AON,-0.2569322938320862,-0.8290466244205948,0.533852812209126,0.8309976395846265,-0.2492220733898618,19.604877,-0.0203098028186526,0.10420899336661103
financial-services,MTB,-0.4300830733749248,-0.2061236142708618,-0.214350254155147,0.2764183011579743,-0.208537125312041,12.56391,-0.4104177133854471,-0.18008074765674573
financial-services,UNM,-0.7083785586573885,0.4852514490936203,-0.4371571146241034,-0.3774714772531206,-0.2685474237268268,21.578703,0.0890509052605664,-0.5067678449665799
financial-services,KEY,-0.3643340051764293,-0.4113292018571365,-0.310370523586163,-0.0250645886723316,-0.1688693009361656,12.637427,-0.4063444712780577,-0.2461282353558247
financial-services,CB,-0.8683007421281251,-0.0391647327704182,-0.0107710789845647,1.3440728624092446,-0.2095542490139865,12.049822,-0.4389009878458247,-0.06826247776718737
financial-services,FRHC,0.7392240756842844,0.1105155470625642,-0.5069891197082332,-0.5978072153427381,0.0111615943081916,72.31818,2.9002942125679194,0.15854600554846013
financial-services,RJF,-0.4459104400525673,0.2601776716112742,-0.2480924840839259,0.2866732517900759,-0.1180131158388895,15.642669,-0.2398377006359606,-0.1628527773724024
financial-services,APO,0.3009816133397311,0.2614164493756917,-0.3959281733192678,0.9634036774291068,0.3773261270085794,48.091553,1.5580071603702466,0.43694124543206103
financial-services,MKL,-0.6276395510751595,-0.683379102228041,-0.0497227905661992,-0.0502006790852967,-0.142424084685582,9.953131,-0.5550690859372095,-0.36989451333332285
financial-services,VIRT,0.5278846045578977,1.1180516256998727,0.3670981538325061,-1.1152791039184868,0.0243842024334834,11.031933,-0.4952975809528404,0.017215524350022847
financial-services,CINF,-0.804134677864034,-0.2940596643832651,0.3874296823066095,0.0719487566833812,0.0498122949821214,8.017933,-0.6622895924831201,-0.35373717532812804
financial-services,CFR,-0.5806857910092801,0.1722984382060055,-0.2234791066711091,-0.684865827155964,-0.2095542490139865,15.291824,-0.2592764240219397,-0.519037701565917
financial-services,RF,-0.3331813899047299,-0.333961277544718,-0.2436627555034038,0.0529427603390772,-0.2370165889665156,12.347107,-0.4224297800993818,-0.2057142999168281
financial-services,ACGL,-0.7366753979166089,-0.2244459714473289,0.1505863269283438,0.268895620876827,-0.378396783536943,7.673709,-0.6813614764170945,-0.31991962030389354
financial-services,MKTX,0.4389507918270216,1.0448701181295588,0.8022841945173642,-1.1252352540991828,-0.2766844133423909,19.223404,-0.0414454841771431,-0.02237866410340531
financial-services,V,-0.5472530160592949,0.3140364844621052,2.0515180663082018,2.6786569190251277,-0.1251329817525082,32.48031,0.6930592933967902,0.6743483223450677
financial-services,C,-0.2780422641437492,0.5884906514233427,-0.3421242380013572,1.758387513729459,-0.1139446210311074,14.183189,-0.320700839649966,0.34861898905708777
financial-services,GPN,0.2635927846223302,0.1933487397660115,-0.0867990363378407,0.0095256145800404,0.4261480647019645,43.564598,1.3071892036492585,0.1724026710185376
financial-services,RGA,-0.6878733703444383,0.5247281978872148,-0.396838593326067,-0.3103553821422205,-0.0834309099727418,10.810193,-0.507583184349232,-0.45559708203837945
financial-services,ARES,0.9222072578061784,-0.1280235831657882,-0.0818275369471769,0.5408076579256449,-0.212605620119823,65.37443,2.5155726531573754,0.585358580052675
financial-services,MRSH,-0.1659783049421741,-0.0583396058583416,0.3750675816919062,1.0549636806141394,-0.208537125312041,23.519209,0.1965655039090657,0.2320312030155647
financial-services,VOYA,-0.4660848088301221,0.4564694566194983,-0.451054039761668,-0.7523100282733293,-0.3153351140163207,17.290102,-0.1485609419991445,-0.5000567643338997
financial-services,TFSL,-0.5499900803446228,0.0463293452995292,-0.3175583915938444,-1.2479714493974825,-0.116995992136944,48.527775,1.5821762344424966,-0.6700528639280795
financial-services,CFG,-0.2685505083669308,0.1553308490457613,-0.3375669086632342,0.1560315839342921,-0.1220816106466716,15.004357,-0.2752036611083945,-0.1237363089777131
financial-services,GL,-0.7684492847186265,-0.0975290020810366,0.0908099013658592,-0.4613655039594913,-0.1902288986770215,11.496005,-0.4695854652345657,-0.5294686820424617
financial-services,RNR,-0.6787948502412618,0.4255812293556817,0.0866430263736569,-0.4411330321071299,-0.4058591234894722,5.733987,-0.7888326371966358,-0.47970287832591096
financial-services,AJG,0.1376105080047132,-0.2730530761212523,-0.150893803090518,0.8193039705182784,0.0426924290685028,44.4322,1.3552590786285863,0.28540395338471053
financial-services,WRB,-0.5957490430220549,-0.5444688630288462,-0.0478821621758432,0.0412097366149305,-0.259393310409317,14.074999,-0.3266951547552948,-0.3330219431686106
financial-services,CME,-0.2831374490220322,0.6105676919162453,0.5860272175641779,1.153841660539452,-0.2634618052170991,24.215437,0.2351403261398898,0.2394659210146337
financial-services,GS,0.9218257902648034,0.4049330294341198,-0.1855541509312656,1.9970406074474096,0.1606787784941833,15.974774,-0.2214372752911485,1.0482502450944309
financial-services,RITM,0.3052585294690269,-0.2404024041905309,-0.5552050703589224,-1.1423296920549622,-0.1729377957439477,16.716665,-0.1803324742207402,-0.24840231943507177
financial-services,AIZ,-0.7066113596040696,0.4131950208047503,-0.193270979998831,-0.4245874149808296,-0.1759891668497843,13.682524,-0.3484404068207714,-0.49267351613069726
financial-services,MET,-0.3063531568557117,0.2082519812658163,-0.4555334388068106,0.7361060569110534,-0.1648008061283835,18.47961,-0.0826557218095759,0.012175498433445273
financial-services,WBS,-0.9480268033535678,0.2194616758819279,-0.1869801306189577,-0.504191737388904,-0.212605620119823,12.633551,-0.4065592227832638,-0.6459586790943247
financial-services,HLNE,0.6949022022910886,0.0400213016816584,0.9232777607513568,-1.0872811203955774,0.3030760967665563,16.563166,-0.1888371546380881,0.142685837038657
financial-services,RLI,-0.2759039682339272,-0.0955515438439314,0.3650812988246102,-1.1113695772091443,-0.116995992136944,13.504256,-0.358317424707792,-0.44013150314949784
financial-services,AGO,-0.5192156068440216,-0.951391709713444,-0.2671521106488141,-1.5634880182494548,-0.2766844133423909,10.040322,-0.5502382297735279,-0.7917366690838488
financial-services,MTG,-0.6549563712977745,0.2805573229931892,1.1336364026626455,-1.0510809925231257,-0.3010953821890834,9.578125,-0.5758464602822408,-0.5488237210876621
financial-services,WFC,-0.1615289427681802,-0.0871614298762685,-0.2667486184163139,1.891228161728261,-0.1749720431478387,12.593294,-0.4087896797866396,0.42151087654053554
financial-services,COLB,-0.235081681245146,-0.4023900190333584,-0.1808769222504754,-0.8237342555785498,0.0854116245502147,11.856,-0.4496397820259249,-0.3769213857748527
financial-services,THG,-0.8302839555008066,0.5867031746754333,-0.1702842585399393,-0.8734757402748384,-0.2278624756490059,10.891619,-0.5030717405765496,-0.6800077662738157
financial-services,HOOD,2.011240128297939,0.0211712076542975,0.0894422047106541,1.086221469389414,0.0569321608957401,46.171806,1.4516427233565703,1.330773448993279
financial-services,AXS,-0.542719834280347,-0.7746286488136159,-0.0897798464808585,-0.9432068303647436,-0.1963316408886947,7.0860834,-0.7139191343370307,-0.5960466791364268
financial-services,MCO,0.0624393963265956,-0.1087853226536184,1.7446824876207874,1.0267421000922008,-0.1180131158388895,32.68394,0.7043415041824272,0.46243942412795314
financial-services,WAL,0.2602510209080164,-0.532198960901674,-0.2471397400824611,-0.8107707159512118,-0.1332699713680724,8.868331,-0.6151729127812864,-0.15593284143936645
financial-services,CBSH,-0.4220798276135504,-0.4033359916221135,-0.1520540796955755,-0.8339448731725153,-0.1271672291563992,14.144608,-0.3228384371273549,-0.49000188634806946
financial-services,HIG,-0.835776262667873,-0.173978481282633,0.011794732109223,0.3527066830659652,-0.189211774975076,9.566853,-0.5764709904594038,-0.3383664369595871
financial-services,BAC,-0.4155926761695118,0.2696205662726321,-0.2813316007823522,2.2903730271164853,-0.1007220129058157,14.30485,-0.3139601577937002,0.42784027992273904
financial-services,MS,0.4443269690791871,0.5397042706912291,-0.1631685433237896,2.0876298337986308,0.0131958417120827,17.357203,-0.1448431812275145,0.8293115429958333
financial-services,WEX,0.8535014174544285,0.4750431024957502,0.2330427810997044,-1.0253611952124015,-0.1271672291563992,19.688017,-0.0157033941130695,0.15716178139986922
financial-services,CPAY,0.2900948439073557,0.6185094068054726,0.7439078701149332,0.0860592252070308,-0.0529171989143762,24.818905,0.2685757392832723,0.2514763445151804
financial-services,JKHY,-0.0794434871402054,0.2091918216524484,0.6403261373324164,-0.555864510102734,-0.2237939808412238,24.021461,0.2243929995212441,-0.15701463005809496
financial-services,RYAN,1.3046715893545084,-0.5191454921620865,0.1251527389727104,-0.2917264166869702,-0.1963316408886947,59.40845,2.185024875801895,0.5419830382724595
financial-services,OZK,-0.3193877106479363,-0.6480941248074458,-0.1198855089179432,-1.1782694947075678,-0.2929583925735193,8.152824,-0.6548158965881861,-0.5588497799102675
financial-services,MORN,0.7738327615289705,0.3354248169808807,0.5464863476683569,-0.8400965858098621,-0.1739549194458932,20.831589,0.0476567215504027,0.18840836627421217
financial-services,WTM,-0.6741610300284463,-0.2209827869709297,0.1606987663271931,-1.2292491851760348,-0.0427459618949209,4.8923774,-0.8354623916847558,-0.6884519910935732
financial-services,HLI,0.1225026090477514,-0.8117828665015355,0.2087129268664431,-0.7407034146555084,-0.4292529686342192,22.364092,0.1325657323819183,-0.20213481392808774
financial-services,SPGI,-0.0899135839826146,-0.4995186244384841,0.5588663084254766,1.330994643108859,-0.165817929830329,26.953617,0.38685040780279,0.3531397304432209
financial-services,MSCI,-0.1714792219124814,-0.4675187942913326,1.5264500850745093,0.4385238845014753,-0.1475097031953097,31.250822,0.6249389635121382,0.14185439249147014
financial-services,WTW,0.0069779673332532,0.4020637297879599,0.1281765226768907,0.2196783376005283,-0.1790405379556208,20.949875,0.0542104100294572,0.07617473998340936
financial-services,BLK,-0.3756118287324886,0.2186509535362588,0.2051484617293245,1.6304732817130283,0.0396410579626662,27.719118,0.4292633314320006,0.3107073850235776
financial-services,HBAN,-0.2057272462482216,-0.6768482076685544,-0.2792232917010687,0.2746844140531778,0.2125520872934048,12.834616,-0.3954191269643071,-0.053181868508076775
financial-services,SLM,0.7484722116121163,-0.3144361754458329,-0.0495099830853216,-1.2507114853708752,-0.189211774975076,7.3569403,-0.6989121872342252,-0.0187520862336918
financial-services,EEFT,0.3987830509931274,-0.9103518691873724,-0.0019977246567635,-1.7481913861173797,-0.2390508363704066,11.033334,-0.4952199579242558,-0.35858743523072967
financial-services,NDAQ,-0.245225227611743,0.4226580010141704,0.6297055406557142,0.6628759738078966,-0.1200473632427806,29.002941,0.5003941161761406,0.12703213828164384
financial-services,WTFC,-0.283957603348514,-0.4939639940779017,-0.199720022948195,-0.6735199987413268,-0.1678521772342201,12.077108,-0.4373891948708363,-0.38592219293818786
financial-services,BX,0.471700302025327,0.020380810498566,0.7847134886635434,1.5576505060530543,0.0192985839237558,31.831112,0.6570901892490015,0.7539312413894053
financial-services,IBKR,0.1859991681694911,0.8169947938262841,0.201576311309889,1.5321108652248625,-0.0040952612209911,38.607143,1.032519202812881,0.5803913962012205
financial-services,SEIC,-0.6858155259664681,1.00143493828664,0.8630120644278217,-0.4583883683027955,-0.1220816106466716,19.573193,-0.0220652689411891,-0.37472232276207434
financial-services,AFL,-0.870727112465404,-0.3575946305446797,0.09614537364399,0.7041696021492041,-0.2817700318521185,12.565075,-0.410353166041906,-0.26244495909077314
financial-services,EVR,0.1384020027204002,-0.7396255039055193,0.8814392753112409,-0.6083448888805908,-0.0803795388669052,16.339417,-0.2012340675736847,-0.0639980754903214
financial-services,NTRS,-0.4562038388508928,0.6044202559369983,-0.1703423785455921,0.2802531630354529,0.0986342326755065,15.955288,-0.2225169057943599,-0.13109083856229953
financial-services,XP,1.4932753757401622,0.1395171873098668,-0.1851314801919119,-0.7461875990807054,-0.163783682426438,9.253807,-0.5938154434260621,0.5055189287376873
financial-services,ICE,-0.1990813053972961,0.4166172279023219,0.4577906209157693,1.0518318059162293,-0.2227768571392783,22.891737,0.1618001384615117,0.23767845928311296
financial-services,SOFI,1.1417577600757105,-0.4584401493066662,-0.4620088440759117,-0.0239484235837173,0.1616959021961288,37.25,0.957326090834036,0.5215441915447054
financial-services,AMG,-0.1917422615252484,0.873904559484611,0.1581903057391935,-0.7234186200000323,0.0325211920490476,12.92802,-0.3902440367702214,-0.25563190581293266
financial-services,EG,-0.5882761548401506,-0.1379575898585001,-0.31841422143033,-0.3987395878401331,-0.3865337731525072,7.981466,-0.6643100628495682,-0.4759225790970935
financial-services,NU,0.4848055154353607,0.0326297590409497,0.2456969070431292,0.8547589018687607,0.2583226538809534,19.4,-0.0316611041943291,0.5337816387352639
financial-services,ZION,-0.118819593302409,-0.1627050810054768,-0.1075538483626979,-0.7060121716569575,0.0864287482521602,8.638601,-0.627901205684024,-0.2698644852294807
financial-services,SSB,-0.3478717138443152,-0.0007532275478278,-0.1776740745392311,-0.6712610500375402,-0.2726159185346088,11.134819,-0.48959713632832,-0.40685411022867746
financial-services,AGNC,0.5916381875847442,0.0968977121617218,0.2755963659102056,-0.4947463176761002,0.0,5.419192,-0.8062739942867733,0.18045475447682974
financial-services,FDS,0.8783961266727202,0.0334593346434089,0.7160370744779898,-0.5986494278048982,-0.2065028779081499,20.36039,0.0215497312249028,0.31083147923218024
financial-services,ORI,-0.5919188408176723,-0.1135741641830865,-0.0939607636303496,-0.6787994086760563,-0.1353042187719634,9.232301,-0.5950069929283747,-0.5154082181009938
financial-services,BNY,-0.5951897147986117,0.8546436820387865,-0.2211332438835765,1.2042537529193145,-0.1383555898778,18.974117,-0.055257341369694,0.04865267115862897
financial-services,JHG,-1.646030149464453,0.204601412763353,0.2634298207997593,-0.8604452901570993,-0.1597151876186559,10.287128,-0.536563833490269,-1.0540464682525816
financial-services,STWD,-0.2614454092789977,-1.0206202335961514,-0.705339532099918,-1.0929445234223134,-0.1353042187719634,26.61017,0.3678215738996579,-0.5551262696504766
financial-services,ALL,-0.6873282517284983,0.4239197482239128,0.6229006289040137,0.7952934914526197,-0.1515781980030917,5.163228,-0.8204557936362544,-0.059087423738440004
financial-services,FNF,-0.2847430785345607,-0.7840833120596852,-0.3395892662770981,-0.5112186416116676,-0.1648008061283835,16.18467,-0.2098078939865169,-0.36192953316498966
financial-services,OMF,1.0082073685745234,0.0862913631158282,-0.1117532224596746,-0.9456336866058208,-0.2990611347851924,9.477997,-0.5813940966891764,0.19802540433822421
financial-services,BOKF,-0.5765433720257344,-0.0663738957863226,-0.2571516424814764,-0.8347383556483287,-0.1688693009361656,12.825637,-0.3959166124558567,-0.567982951041137
financial-services,JEF,1.248605731752778,-0.4009707285212551,-0.1960600467683312,-0.6308002220924706,0.0843945008482691,14.703911,-0.2918500054667974,0.41834895514924125
financial-services,STT,-0.4662505374672203,1.082472443222921,-0.3471748937173019,0.625506811793034,-0.3000782584871379,17.072258,-0.1606306857814279,-0.0706576703895666
financial-services,ALLY,-0.0734723100160743,-0.4209311656102455,-0.4021785258500421,-0.4873303725326793,-0.1597151876186559,9.931765,-0.5562528786772082,-0.24128459828682328
financial-services,FIS,0.4475431529911733,-0.7670007002395157,0.1432250611745767,-0.0980111449112435,0.0243842024334834,6.3703127,-0.7535767285598032,0.18206551296477957
financial-services,PYPL,0.758596728482023,-0.7457133677811544,0.0750844504423638,0.5036481999869441,-0.2227768571392783,10.147399,-0.544305580928595,0.48313837969049495
financial-services,BHF,0.5591076322378072,0.950078656652613,-0.0117376992918199,-1.6223363147845862,0.6102474547541038,4.2046,-0.873569004661221,-0.0989614774757851
financial-services,JPM,-0.4447977718511364,0.4340781661913001,-0.1020452725420918,2.907413451997551,0.0376068105587752,15.247108,-0.2617539339050146,0.6247015587669169
financial-services,SF,-0.3314500361908608,0.1918446750552036,-0.270457350450926,-0.5278463988369406,-0.142424084685582,14.528777,-0.3015533826888757,-0.34664737254551153
financial-services,AXP,-0.0831943908820944,-0.487882911795218,0.0013971777766567,1.7661543940780362,-0.1414069609836365,20.206244,0.0130092034845757,0.4362605062785505
financial-services,FITB,-0.2102739748131118,-0.3842890968718624,-0.3089679240624831,0.566133135017464,0.2552712827751168,18.351536,-0.0897517187852657,0.040311732256441246
financial-services,PNFP,-0.2088062792491915,-0.1530777827799461,-0.2631092813220833,-0.3589991383849439,1.1218606768327013,13.769972,-0.3435953114576992,-0.13457532627441968
financial-services,BAM,-0.1089537728013863,-0.1049964758591924,1.3321241257540894,0.9789311462472188,0.3468124159502137,29.94186,0.5524153412836385,0.36959157041643115
financial-services,SYF,0.0879685967223467,0.0538751725354061,0.0140425135231589,0.0411925883350694,-0.2654960526209902,8.004154,-0.6630530241111479,0.03499524007718753
financial-services,AFG,-0.7721285488044188,-0.0265140247847877,-0.0901939927361769,-0.5526624494444647,-0.212605620119823,12.548416,-0.4112761653518207,-0.5726241157730696
financial-services,FIGR,2.705433123027086,0.7550185668283275,0.0871504361988948,-0.8382529614555743,0.9570866371175266,37.82474,0.9891698163505964,1.2314896152445174
financial-services,PNC,-0.4264373367368448,-0.1950642543525704,-0.2444554862614311,1.0975839778096257,-0.0315576011735202,13.335004,-0.3676949071017943,0.07178868921877182
financial-services,BRO,0.2652121255051585,-0.3888138847851674,0.340715279673347,0.0113363489255186,0.0579492845976856,23.057507,0.1709846990956772,0.15623437907535898
technology,ESTC,0.2611047798090343,0.51753683826547,-0.5239099747200848,-0.691486762242112,-0.2716481496685241,27.87143,-0.1637363616729141,-0.23619576386266175
technology,GEN,-0.5024485309796379,0.0991102268617438,0.3967234851786015,-0.3271187514321582,-0.4629638954983091,18.128654,-0.1869391320578769,-0.14913741604198358
technology,CSCO,-1.13584746415883,-0.3557716017663271,0.119659877211594,1.6075799625522766,-0.2172970855123351,32.98209,-0.151565141632998,-0.13470566098465173
technology,OLED,-0.1869080519119435,-0.391421089752917,0.2823201569409899,-1.2956447376409603,-0.8477694297241268,20.040962,-0.1823849019873787,-0.3954948192546039
technology,ENPH,0.7520153479871121,-0.6288332007212788,-0.2278564208780168,-1.1545069692025294,-1.026040920156427,36.787876,-0.142501525812178,-0.49337985693213277
technology,RNG,-0.0286721241808059,0.653411366239844,-0.0594461377009553,-1.0386597389713506,-0.4716600657632994,55.696003,-0.0974711433841396,-0.22771054775718474
technology,MSFT,-0.6990313054657906,0.29603528304269,0.6855320802866783,2.930339852682584,-0.2151230429460875,28.563625,-0.162087874460787,0.24892457811891433
technology,VRSN,-0.9353007881489952,-0.2853825657429957,1.5693985953616396,-0.1189036444870631,-0.4694860231970518,31.7489,-0.1545020278357633,0.12946878437664996
technology,ENTG,0.209591380955582,-0.3255476304943041,0.0018527420407895,-0.2609106026635368,-0.3499136820534361,67.645,-0.069014178580514,-0.150411088581195
technology,GFS,0.2453141116776775,-0.7981454023893885,-0.0106990455623337,-0.1562242909218467,-0.4738341083295469,34.914062,-0.1469640810414195,-0.2285287296176426
technology,CGNX,-0.3295484445774235,-0.4133310516698507,0.028688123509926,-0.6907075552234119,-0.232515383476068,58.615387,-0.0905185257095124,-0.21239984064190273
technology,VNT,-0.6825651328687866,-0.2940140144918405,0.0362322403252168,-1.215805308129299,-0.6477575136293516,13.590717,-0.1977463917375027,-0.45268507204583175
technology,DOCU,0.0431780642653571,-0.0249955565153622,-0.196499756379257,-0.5618321247191465,-0.4107868739083677,41.418747,-0.1314729404792726,-0.25689389246443234
technology,GLOB,0.4850739744392001,0.1132000852679125,-0.1572123044328944,-1.7719926997595217,-0.5999285771719053,15.840467,-0.1923885314445462,-0.32621829196938845
technology,AMKR,0.7177281675445008,-0.4776073203086959,-0.1305444469644922,-0.6071753195214877,-0.0433736802125305,21.5,-0.1789101506745152,-0.031217691450236194
technology,MKSI,0.0994023629314915,-0.4624286223733371,-0.0235554555029976,-0.3691623459876738,0.0153254690761534,40.67301,-0.1332489398842236,-0.04904489572340177
technology,WDC,0.4561487644057435,0.6536735335382872,0.5543993631828144,1.002983576067435,0.352302066844525,17.066288,-0.1894691947795068,0.4990719633454768
technology,DLB,-0.8116066207386753,0.2000807692642714,0.0044418477762127,-1.0436839346799582,-0.6716719818580746,26.195745,-0.1677270655844611,-0.43953704048881975
technology,CRM,-0.1702839087383619,0.3759469576015759,0.0656729854896197,1.1660996298709596,-0.365131980017169,23.412727,-0.1743549227404933,-0.03834061694826452
technology,APH,-0.5876820230248531,-0.2109158991215868,0.3138314958114105,1.116519744594069,0.5957948342642515,39.53865,-0.1359504588982999,0.3046763961299428
technology,WU,-0.578808838993841,-0.9979493581539725,-0.0745090745407952,-1.6252905567520817,-0.6281911305331236,5.821138,-0.2162499227152064,-0.5484629397059164
technology,CTSH,-0.0405731984443865,0.4318116213417083,0.021763012356714,-0.0514869640624934,-0.5020966616907652,13.740426,-0.1973898543859756,-0.16612918357835427
technology,GWRE,0.4583254518536891,0.081537817307805,-0.2937894106105698,-0.3791359921355752,-0.0151111268513122,111.27717,0.0348973987674264,-0.04829678437470526
technology,IOT,0.1734282236585853,-0.15767857725258,-0.5040897705364681,-0.1744370505378951,0.0631544055335998,408.49997,0.7427441543097584,-0.1296062388361524
technology,ADI,-0.9770081079317466,-0.3646665963400086,0.383444273079339,1.050319442340793,0.2609922790621276,42.907585,-0.1279272193978881,0.11960584506804559
technology,MPWR,-0.4811701432496353,-0.371852999762398,0.2625016163613539,0.4154465114923124,0.4349156843619321,76.927795,-0.0469068694403182,0.17995741172437366
technology,WDAY,0.2216016517477055,0.1368536699092162,-0.1635340702038397,0.2502397744963722,-0.3216511286922179,41.65612,-0.1309076281684292,-0.1161831706747051
technology,HPE,-0.4772407524573998,0.1815892141053853,-0.2383514426007099,0.4796157618080552,0.2696884493271178,48.82243,-0.1138408039452856,0.009706017529374033
technology,COHR,0.6901440950643615,-0.0340584802946436,-0.1255802762290915,0.3323845652248722,0.1327237676535217,67.27118,-0.0699044443143569,0.13599987022290372
technology,APPF,-0.09236866076669,0.1197780879970347,0.2046292789687442,-0.8207454909755978,-0.1803383618861266,53.472603,-0.1027662502072798,-0.06862007882292818
technology,MSI,-1.0259726377863188,0.1894646911112417,0.2172352421118915,0.5711411137675507,-0.3107809158609801,38.303078,-0.1388930179194751,-0.15290049824808624
technology,ZBRA,-0.2530165457557238,0.3009927719150684,-0.0311145469592399,-0.3907563099411471,-0.1564238936574035,32.675602,-0.1522950537945572,-0.11154048170584392
technology,MCHP,-0.4393848691557515,-0.420078429965132,0.0170764080238114,0.1419979665702939,0.2262075980021666,108.0147,0.0271277094819672,0.0054393558878039275
technology,HPQ,-0.3882271596732882,-0.0637272861724303,-0.2300971973010331,-0.095563306983577,-0.3281732563909605,11.635659,-0.2024024324658623,-0.26956276875785945
technology,NCNO,0.1245196974074217,0.2029530126581709,-0.2343163914325518,-1.5837405082485825,-0.4216570867396055,72.90323,-0.0564915152942676,-0.31296911556617474
technology,ZM,-0.6833965365726417,-0.0767665803866846,0.0378764808387392,-0.0703208192421041,-0.4934004914257749,9.137997,-0.208350704076053,-0.2950522480120648
technology,GLW,0.4966073864234571,-0.3119351664159652,-0.0201661195251208,0.8574388085911937,-0.2390375111748106,68.53917,-0.0668846806637886,0.007219872499352426
technology,HUBS,0.9282295275717712,-0.1672923736532183,-0.3754266259547778,-0.5276610165310119,-0.1694681490548888,92.68085,-0.0093904041098324,-0.09491431063116693
technology,NOW,0.3347402500001604,0.1435291300114429,-0.1122053731927644,0.966276112126483,-0.0781583612724914,90.23781,-0.0152085914684743,0.062298421719007215
technology,AMAT,-0.0230144055683939,-0.365210137375576,0.342111500730006,1.4972681513368469,-0.0607660207425109,39.550476,-0.135922294855262,0.15212194779046134
technology,NTAP,-0.7033613997977962,-0.0040098045198327,0.1352681279201992,0.0852880356098706,-0.3281732563909605,29.133646,-0.1607303490103808,-0.18626850842472545
technology,IBM,-0.2822131994729631,-0.0968383748631239,-0.0234719864023328,1.1898763775301562,-0.5760141089431822,20.918604,-0.1802947660952881,-0.20183447485738512
technology,FOUR,0.5718766477184641,-0.7418220572166421,-0.1432873797715491,-1.3787486197906955,0.1414199379185119,68.19354,-0.0677078109018393,-0.05830385364939565
technology,APP,0.768950585815344,-0.9937364806316265,1.7369453259768275,0.7344832991235549,0.5479658978068053,24.456112,-0.1718700639509538,0.8367176890057157
technology,NTNX,0.1870189353625169,2.0142781355634924,2.8129157125388167,-0.3277904902029457,-0.2542558091385436,13.366471,-0.198280441627159,0.9342715090884465
technology,DDOG,0.3928581831478797,0.4120567291949943,-0.4613593736470803,0.606736458490222,0.1740305764122252,474.08,0.8989253472191474,0.05934823670011696
technology,INGM,-0.869295028411492,-0.3453974449348928,-0.3885260646668673,-0.9704609550400216,-0.3042587881622374,15.650001,-0.192842133052973,-0.46319525845640114
technology,SWKS,-0.3988529236662505,-0.1585928159085232,-0.0971963915763717,-0.7010621175964492,-0.6673238967255795,34.188774,-0.1486913804196428,-0.4131799455115933
technology,ANET,-0.3593137095411743,-0.0673943446679742,0.4745282880580558,1.2594354248915085,0.2196854703034239,61.73186,-0.0830965335144813,0.26119379161129563
technology,DELL,0.0831623974328446,0.3374733943763064,-0.1596846294446531,1.3680526360803764,1.3023586682947077,36.364433,-0.1435099704998235,0.597817628207101
technology,ARW,-0.935291134257358,-0.3347987878900817,-0.3751129741936398,-0.6817063686269507,0.091416958894818,13.037627,-0.1990635954043241,-0.2921056920289754
technology,OKTA,-0.072263437357339,0.0461653117490787,-0.3055940248985741,-0.0274871474149223,-0.3694800651496642,100.02312,0.0080954751626048,-0.2488208810224046
technology,DV,-0.1218900858208884,0.1168953305920583,-0.1163162285963416,-1.6697550246003128,-0.5455775130157163,38.285713,-0.1389343732896217,-0.3747492502693602
technology,INTU,0.3386375529182006,-0.0243988906799004,0.2100955389543858,0.694919512556284,-0.3020847455959898,21.736235,-0.1783475485514764,0.04186261010676011
technology,SSNC,-0.8773154119253134,0.2356834769552036,0.0881245402368976,-0.2976682957518554,-0.3760021928484068,23.841955,-0.1733327008679185,-0.2526141948174776
technology,ALAB,1.2635853443456335,-0.2701410571145095,0.0965345328877428,0.2989644743237555,1.6719459045567922,142.77885,0.1099197792245541,0.8749742808984711
technology,ON,0.1873315983180651,-0.6315608097879112,0.1515410462025609,-0.0566739634013051,-0.39991666107713,47.493587,-0.1170054911973239,-0.1377024149516848
technology,DBX,-0.6452860675836923,-0.0550712735170642,0.349471674319616,-0.8702295681149766,-0.5803621940756772,19.769663,-0.1830310102836867,-0.2809653051735208
technology,IPGP,0.588266457178623,-0.8887080634788208,-0.3207940960731548,-1.3978494464479845,-0.3586098523184264,117.04616,0.0486364553076924,-0.32084205865084686
technology,SMCI,1.253451222711228,0.2817554148994248,-0.2092745947798491,-0.1664605190787601,1.4262790945708188,11.435582,-0.2028789230154051,0.6944671037932241
technology,ONTO,0.2795093885222396,-0.2253329794107915,0.0190682863489232,-0.4053663949490654,0.1675084487134825,100.833954,0.0100265054072005,0.0672965401521821
technology,DXC,0.0870221913682096,0.3368909822951839,-0.2949977300926297,-1.7555916846384327,-0.7108047480505307,15.066667,-0.1942313638902356,-0.452328108688625
technology,JBL,-0.6220336961141474,-0.3142625668636001,-0.2732510055692302,0.0067289540884823,-0.3433915543546935,37.733006,-0.14025066482821,-0.33655497093420905
technology,SNPS,-0.0524495564167697,-0.0547229729402157,-0.14152758495067,0.6004114686382923,0.3218654709170591,76.985985,-0.0467682878688338,0.11244853788824702
technology,ORCL,0.7744794824709175,-0.0708564631357525,0.3213210346013451,1.599141028456284,-0.1520758085249084,25.888887,-0.1684578589142872,0.25849258855627183
technology,DT,-0.4546258251232156,0.0776864961814686,-0.1968665206019998,-0.4240101631508008,-0.2477336814398009,107.039215,0.0248045569770779,-0.24874162254722898
technology,KEYS,-0.8076377192196061,-0.1832711091366388,0.0800760544822352,0.3385258301452252,0.1935969595084532,43.315437,-0.1269559052357799,-0.00998864224153139
technology,SNX,-1.088857232848493,-0.1431702672869426,-0.375050367439717,0.0,0.0740246183648376,18.21686,-0.1867290663061264,-0.25931955119292266
technology,ADSK,-0.425209229456678,-0.0313504776078693,0.1997194078531745,0.3281409123498747,-0.2499077240060484,33.44502,-0.1504626572389905,-0.07977594305354689
technology,PLTR,0.1995343037729377,0.2807058454845324,0.5357455815957138,1.6247832461408362,1.4175829243058284,159.29915,0.1492634660331905,0.8881740643282049
technology,AVT,-1.04231467499528,0.9158815886555222,-0.3566640385791964,-0.8948630489897111,0.4370897269281797,22.334162,-0.1769235639614612,-0.08038787248555607
technology,KLAC,0.0880815362161035,-0.584828495595755,0.6371808416907607,1.2141446505066231,-0.2694741071022765,48.068493,-0.1156363319442592,0.14020698889895203
technology,TDC,0.0120571562138328,-0.2061832158751686,0.0234373621969503,-1.50955799803381,-0.5890583643406675,6.105263,-0.2155732688400042,-0.3437988442172034
technology,PANW,-0.4304854037765611,-0.0237659147598233,-0.2527762728887498,1.4020264538776006,0.0761986609310851,323.839,0.5411210186163772,-0.01696269730639049
technology,BSY,-0.1589521034639398,-0.1483753909240098,0.0981327382865903,-0.6420532682730677,-0.3216511286922179,40.833336,-0.132867117766509,-0.17623152687458388
technology,KD,0.9785227903762572,-0.1672044042838793,-0.2996110290648472,-1.458828190411133,-0.6716719818580746,35.394737,-0.14581933629364,-0.3262289706956998
technology,TER,0.1735415107276593,0.1073556307250899,0.4489822292770777,0.3355833336882781,1.658901649159307,48.790794,-0.1139161462136389,0.8498887061199883
technology,EPAM,0.4551982101359633,0.0559003883194991,-0.1075259427369238,-1.011352906922059,-0.5020966616907652,15.585979,-0.1929946037415721,-0.22890356153182842
technology,PAYC,-0.0168950832080999,0.5374140283900727,0.2113178646422343,-0.6602853685715386,-0.3868724056796446,25.248152,-0.1699837922912435,-0.09222594744050853
technology,LRCX,0.1223316351417729,-0.1940725248348374,0.5725796811126461,1.519581558833092,0.052284192702362,52.34201,-0.105458797975785,0.3045848136302967
technology,TXN,-0.7819960492571303,-0.5978705621346735,0.522116826723843,1.2378623376314908,-0.1042468720674621,39.35294,-0.1363927339221937,0.04153117871783704
technology,ADBE,-0.2353777144589342,-0.0037785082843191,0.5269882391176349,0.7985656321687713,-0.3238251712584654,16.740423,-0.1902452539613556,0.054822053145687416
technology,PCTY,-0.2486004791961581,0.1636275238681856,-0.0213611742843815,-0.7796050445489592,-0.3607838948846739,32.498985,-0.1527156735129086,-0.22626106984040803
technology,AVGO,-0.5158988006433533,-0.3971436041564591,0.6019077332706644,2.464486479544588,0.4414378120606748,61.314568,-0.084090329375074,0.42134169434750396
technology,LSCC,-0.3284445041724143,-0.1133208658323283,-0.2000381064594243,-0.4035306521259943,0.7523258990340755,461.36,0.8686322111256227,0.1492723111619771
technology,TOST,-0.0179705289359995,-0.0915287788106363,-0.1891392355384996,-0.2903219082140826,-0.0977247443687194,44.272728,-0.1246760823942621,-0.12689432237250733
technology,ACN,0.0814018755566548,0.1977948537633273,0.0124750759059494,0.7971844078960897,-0.478182193462042,15.168664,-0.1939884543774894,-0.10175541172007918
technology,FFIV,-0.6314929180247929,-0.3905003287544812,0.0963089778083232,-0.1940404340201967,-0.3629579374509215,31.43861,-0.1552409945966485,-0.25161241302549386
technology,PEGA,0.3556209894587874,-0.2128522889311026,-0.1108882864178417,-1.014056647761572,-0.3955685759446348,20.914774,-0.1803038873776181,-0.2244441976415134
technology,CDNS,-0.6814844218499024,-0.2631867199784958,0.2883136100729924,0.6630117098784288,-0.0738102761399963,67.62076,-0.0690719070096734,-0.016501420521786412
technology,AMD,-0.0638687662550687,-0.1953208583732894,-0.0393070604726998,1.9557466620106652,0.4892667485181211,119.16962,0.053693551437343,0.29044926969392426
technology,FICO,0.1841777115761106,-0.5951204870132362,1.207938966149761,-0.149867273201971,-0.0411996376462829,33.446354,-0.1504594802701581,0.3256417046180373
technology,CCC,0.3317023766282705,0.1102904013741784,-0.0035056863198115,-1.2103239975808129,-0.3868724056796446,106.57143,0.0236905102264876,-0.17904313875146421
technology,TWLO,-0.3484070893859201,2.6741953344026697,-0.3167628654187854,0.0823586491197655,-0.1216392125974425,32.909218,-0.1517386889139263,0.022890392968029635
technology,AFRM,0.3419443194276998,0.8157172864094421,-0.193889500527655,-0.1414141087418768,0.1175054696897888,14.073724,-0.1965960932481061,0.0928376363144827
technology,FSLR,-0.2085861107979059,-0.4991592040152281,0.3541687418234397,-0.2312176598603524,-0.6803681521230649,12.6108675,-0.2000799384556373,-0.2458055789384131
technology,PTC,-0.3404824796654055,0.0632991609654996,0.401272255566686,-0.3844811631365857,-0.7477634716767392,15.238748,-0.1938215468185289,-0.24283097193735856
technology,CDW,-0.2571266953735731,-0.1419013485882285,-0.2184319216281105,-0.3142392427306761,-0.3825243205471494,17.770224,-0.1877927459548896,-0.2893140800713105
technology,MTSI,0.1002478438282981,-0.2123197591187216,-0.0011565349796589,-0.2766322851490877,0.1783786615447203,84.290726,-0.0293717852555516,0.048705022453659444
technology,TYL,-0.1130795842724107,-0.0919242351855093,-0.1236194787248782,-0.447692605511635,-0.4216570867396055,49.76203,-0.1116031128546035,-0.2593415873208626
technology,AKAM,-0.1547700244607597,-0.5748343357831179,-0.0734900997063378,-0.4330971161246572,-0.4825302785945372,38.9319,-0.1373954557791762,-0.3117758903522698
technology,FLEX,0.0899694013176215,-0.3924412687437117,-0.2887822403608421,0.1492303588108688,-0.1520758085249084,42.18147,-0.1296564883062647,-0.15689997618145377
technology,Q,-0.2580692579863065,-0.6650573957155211,0.0548898195230069,-0.1447234974508939,-0.119465170031195,42.653572,-0.1285321604653822,-0.13171162812784917
technology,CIEN,0.4681569515869739,1.37069096596702,-0.1364607333332231,0.3298822945264852,0.25881823649588,126.75497,0.0717583344457563,0.26196569329229724
technology,MANH,-0.1489470703994909,0.2057978327727486,0.4405771687732485,-0.544671693898398,-0.3977426185108824,64.135056,-0.0773732360705022,-0.06397193494157281
technology,UI,0.1176442460376309,-0.1324268783578413,0.9645668883711692,0.0742754405402994,-0.0890285741037292,37.87035,-0.1399235751675474,0.2744153595799916
technology,ALGM,0.3415902216519006,-0.7229323985508072,-0.219546098535197,-0.9464679771917988,-0.0020668714538268,517.8571,1.0031820805587572,-0.1411867765367532
technology,FTNT,-1.0235991446130233,-0.090976194321077,0.3412211019364987,0.8443769294087438,-0.0433736802125305,58.738827,-0.0902245489233972,-0.012545326595835082
technology,QRVO,-0.8759714972338303,0.1641859051919613,0.0127318191010696,-0.8074883875794236,-0.6912383649543027,21.98627,-0.1777520812336191,-0.44082164035213817
technology,CRCL,1.407774571095497,0.1746326995476513,-0.3750803388526925,-0.1192364678342256,-0.4564417677995664,17.436132,-0.188588398032229,-0.08130083442381798
technology,MRVL,0.5855325493475063,-0.0150369685156772,0.0406669761185041,1.099766262064613,0.1935969595084532,69.85479,-0.0637514844603796,0.2502216678325971
technology,PATH,0.4397421588504631,0.4896588802007031,-0.3324988675048566,-0.7265045079153202,-0.2238192132110778,30.112904,-0.1583982109707052,-0.13647595981996666
technology,DOX,-0.6232173910669784,0.0950784909569091,0.0155368886068181,-0.9623379068643308,-0.5412294278832213,14.978622,-0.1944410462147131,-0.3596007411748818
technology,IT,0.2351206303942411,0.1333109703657228,0.0582311727150578,-0.568822296063564,-0.6129728325693906,17.831684,-0.1876463767611547,-0.2173536079650312
technology,QCOM,-0.1281011189541131,-0.442859935976172,0.1682384988796284,1.0729632664187216,-0.6868902798218075,19.483429,-0.1837126868180101,-0.1993798267285158
technology,CRUS,-0.5165365292188956,-1.178735357954262,0.1558145855961138,-1.073964343101338,-0.3194770861259703,13.38753,-0.1982302888635589,-0.32297802842184636
consumer-cyclical,HD,-0.4934837053067107,-0.3596136532554301,0.3690777103600803,2.4424019335670533,-0.1724503850888357,23.086618,-0.1463319039523755,0.8955141855751527
consumer-cyclical,TNL,-0.4233828177191336,-0.0854457596460997,0.1483470989858114,-0.9323016332638678,-0.2803657658198929,19.206705,-0.2094686325357483,-0.3982726879069021
consumer-cyclical,DHI,-0.4092547127690363,-0.2759874234172182,-0.0987384322868058,0.8212698643662365,-0.6456178236788556,14.048591,-0.2934051650353417,0.030119102424144017
consumer-cyclical,GME,-0.1606841522315585,0.9843827228158823,-0.2200711742334886,-0.4115837822633554,0.5248489980964566,13.31884,-0.3052801969807602,-0.005649710517704953
consumer-cyclical,H,-0.6107695152623451,-0.0740230351058576,-0.1391194306690625,0.0893888758248969,-1.1934959104672995,214.06412,2.9613910551202944,-0.4333759186669125
consumer-cyclical,ULTA,-0.2147263133457853,0.3520555449552867,0.2934017067127109,0.3825964269359567,0.093187475172228,18.832397,-0.2155596409172726,0.249755237339447
consumer-cyclical,DRI,-0.645434462046494,0.3617668625834829,0.0948561578561127,0.4272887395810806,0.4916442655638238,20.661524,-0.1857947737814582,0.34885845477877636
consumer-cyclical,PAG,-0.6638310066350236,0.527257406555551,-0.33700024915104,0.0110010999634143,-0.147546835689361,15.774945,-0.2653126939060097,-0.13591225695852152
consumer-cyclical,GAP,0.1344866730291239,0.7400634860758223,-0.1914589997510786,-0.4511385269367428,-0.8116414863420205,6.7198796,-0.4126632160606274,-0.4834291042503432
consumer-cyclical,LVS,0.5342187263632291,-0.4580971838714037,0.5791671055061449,0.5466570738921483,-0.7037261056109634,16.980621,-0.2456930688341366,0.09834087431246573
consumer-cyclical,DECK,0.0179801650451523,-0.892294201281672,0.5832006062020223,-0.1299180081113696,-0.1724503850888357,12.475645,-0.3190012711022307,0.03225097348880259
consumer-cyclical,PLNT,0.7821574419595181,-0.5471750139869876,0.5185395238309984,-0.9895626597998012,-0.2720645826867346,18.169014,-0.2263546851406414,-0.3117894256600642
consumer-cyclical,BROS,0.2516046858500209,-1.0405106863804512,-0.1550337290201219,-0.3817983002340983,2.0522666945975736,69.8,0.6138217697370624,0.5316989978663215
consumer-cyclical,LEA,-0.6157855294247375,-0.1900272939619184,-0.3130866653437421,-0.4046346832482951,-0.3965823296841083,11.551756,-0.3340354558981692,-0.3766224627580501
consumer-cyclical,AZO,-0.3258500752855377,-0.3994705375408025,0.2669954219938893,0.0,0.0516815595064368,20.366583,-0.1905942653847773,0.07824195131204577
consumer-cyclical,POOL,0.0719952257951592,-0.6540983372568394,0.0736959971064806,-0.563668602371981,-0.4629917947493742,17.27037,-0.2409780651806259,-0.3543966997623288
consumer-cyclical,EBAY,-0.5294927269932231,-0.0218281362385805,0.2823746787514849,0.9227077883324916,0.5829572800285644,22.175589,-0.1611568215999057,0.6020921516040217
consumer-cyclical,LEN,-0.0571661411363952,-0.5260592559303569,-0.3347486822044082,0.2854759843716898,-1.0772793466030843,13.522509,-0.3019659488587413,-0.3750596238767987
consumer-cyclical,MTN,-0.2847476377703807,-0.4605914085893556,0.2321849696516265,-0.818694741024476,-1.2267006429999328,30.560268,-0.0247153080191359,-0.6734639598591085
consumer-cyclical,BBWI,0.907235416434185,-0.289515500940297,0.2242237798626318,-0.9959585784909558,-0.8365450357414953,5.0524936,-0.4397961175781912,-0.5847374943269764
consumer-cyclical,PHM,-0.5972920232348615,-0.1037769879642022,0.0540189076229632,0.4187880952667399,-1.442531404462047,13.117341,-0.308559133305575,-0.35310394121468364
consumer-cyclical,ETSY,0.5260218917708679,0.7447410876674704,0.1831149732036247,-0.4888745130496508,-0.1309444694230445,26.491858,-0.0909193950530151,-0.15386576406264846
consumer-cyclical,LEN-B,-0.0724617217209345,-0.4900547716107356,-0.3347486822044082,0.2682292205631758,-1.0772793466030843,13.31068,-0.3054129823564221,-0.3807965915641349
consumer-cyclical,VGNT,0.495668444430724,1.0941360233548754,-0.07914676942657,-1.108434118120843,0.2509099547022347,7.0222225,-0.4077432754288633,-0.3039802388493255
consumer-cyclical,BBY,-0.2003330282421382,0.1383984159936097,-0.1306780293198186,0.1444699725730188,-0.3467752308851589,13.724315,-0.2986820168096216,-0.10511363306540344
consumer-cyclical,PVH,0.0334238579305211,-0.1484287146646654,-0.2961250568778811,0.0,-0.4712929778825324,22.959753,-0.1483963422714125,-0.24602353894656262
consumer-cyclical,LAD,-0.1518026028061935,0.371248287157927,-0.3499252685120494,-0.4279383972004907,-0.4629917947493742,12.2685375,-0.3223714729637366,-0.4034745870837735
consumer-cyclical,VFC,0.2886676825464417,-0.4815895454732743,-0.0693338751427377,-0.7568306227700833,-1.0772793466030843,19.764706,-0.2003884398390949,-0.671927482849976
consumer-cyclical,BIRK,0.2616589140044212,-0.9082811708776388,0.1902456396337936,-0.6892903641598095,0.4584395330311908,16.70335,-0.2502050215173643,-0.04593412057641167
consumer-cyclical,DDS,-0.2853392474817323,0.5133059158144953,0.0617926242374774,0.0,-0.6788225562114886,14.203993,-0.2908763521739931,-0.21769506485405007
consumer-cyclical,LKQ,-0.2575333872631214,-0.337574508731129,-0.2869101471089796,-0.6142388470423401,-0.8946533176736029,13.944445,-0.2950999034830965,-0.6180931794550689
consumer-cyclical,VIK,-0.2955606306939707,0.191769584071086,0.602130388552487,0.782733616348848,0.7240773932922546,28.61794,-0.056322263060624,0.6923401255014962
consumer-cyclical,HRB,1.0965177715337984,0.4829204677810767,2.609622885949765,-0.6122469409163435,-0.3965823296841083,9.223215,-0.3719271460242764,0.3502559386997205
consumer-cyclical,RL,-0.619215043647054,-0.1878556566137545,0.2274920304403121,0.3009131997537034,0.5165478149632986,22.323036,-0.1587574582071099,0.3388542896375466
consumer-cyclical,DPZ,-0.1962009868835058,-0.1337291156795821,1.0329006088835566,-0.166249449033017,-0.2886669489530512,19.841068,-0.1991458225772945,0.1067609709722051
consumer-cyclical,LOW,-0.471368426387026,-0.294801738143256,0.185970692219605,1.6308165936858587,0.0433803763732786,17.28885,-0.240677345359274,0.6353010753293868
consumer-cyclical,BKNG,-0.1879549688509783,0.5134311647924302,0.8605119065408458,1.835777871840244,0.0267780101069621,22.83142,-0.1504846689398944,0.89671888751398
consumer-cyclical,QSR,-0.9436832402427444,0.8793427554300534,0.2509790498558355,0.7242307184008092,-0.2637633995535764,19.666666,-0.2019838170731498,0.2348121034327211
consumer-cyclical,DASH,0.358804175482628,0.454741658398752,-0.3562248415071089,1.5266550027117818,2.309603371725479,123.26596,1.4838582383304209,1.275249145124362
consumer-cyclical,WEN,1.986337736608224,-0.2593757286644363,0.1649369664262487,-1.6918513984741792,-0.5044977104151654,12.575757,-0.317372176797297,-0.7184735942361274
consumer-cyclical,BWA,-0.3424218027556958,0.7143794729787211,-0.1340490027378218,-0.0546629243951509,-0.6207142742793809,31.605913,-0.0076998222184077,-0.26569242716057545
consumer-cyclical,LULU,0.3930555182824651,-0.4983476836211844,0.3595216048635516,-0.020487521904627,-0.2886669489530512,9.737652,-0.3635558579973942,-0.01781755321990259
consumer-cyclical,WHR,0.7900237548491339,-0.5029350829679964,-0.4725431409159476,-1.2882398149196377,-1.2100982767336164,13.434211,-0.3034027972778824,-1.0088897130612133
consumer-cyclical,BYD,-0.892837710549558,-0.7029413905709889,0.3937025481167118,-0.7065964275754028,-0.6456178236788556,3.526818,-0.4646230057747756,-0.3973299120400428
consumer-cyclical,DUOL,1.3743233222940656,-0.4835427943485626,-0.0579987951230832,-0.5484567048886838,0.8734986896891029,17.352047,-0.2396489584247517,0.10486509755078156
consumer-cyclical,M,-0.0837621355950182,0.7020293797053626,-0.3722871425218755,-0.6877103060030201,-0.4712929778825324,9.07438,-0.3743490959491088,-0.49869442406403314
consumer-cyclical,WSM,-0.5296945246041526,0.3120768500154882,0.4785493776240211,0.5047518686136515,-0.0894385537572532,23.410257,-0.1410654178992104,0.2734605540780191
consumer-cyclical,BFAM,0.4263885048445349,-0.5755376928491055,-0.0878093672775828,-1.0527050677943497,-0.1060409200235697,23.775642,-0.135119610976881,-0.4401719957408923
consumer-cyclical,ROST,-0.9643190053684986,0.6794186220888596,0.3024969973795959,1.282714758532033,0.4584395330311908,27.634823,-0.072320248374908,0.6982803799059851
consumer-cyclical,EXPE,0.266744573704433,1.4970420496573726,0.208673662522403,0.7743844088447266,0.5165478149632986,20.69974,-0.1851728956054419,0.540456452678784
consumer-cyclical,MAR,-0.7826450743016308,0.0368061161231414,1.037206614657333,1.4341351571974854,0.2758135041017094,36.35745,0.0696205975752456,0.8731250097475513
consumer-cyclical,WING,1.253467404762613,-1.180967423096609,0.7288903258912292,-1.200294034683361,-0.114342103156728,25.881798,-0.1008467291554995,-0.2808281606175062
consumer-cyclical,RCL,0.0682014475686813,-0.528745551793353,0.3833539615682938,1.267371817783802,-0.1060409200235697,17.271208,-0.2409644286432723,0.5075706997495625
consumer-cyclical,FIVE,-0.2342170364166159,1.8385668918252824,-0.0412939511982184,-0.0208788455834385,2.0522666945975736,30.474072,-0.0261179511858699,0.7317041034502715
consumer-cyclical,MAT,0.0355705489686125,0.1135606483561863,-0.2562583814399143,-0.9217988133283256,0.2260064053027599,11.156716,-0.3404638302610931,-0.3142362996992485
consumer-cyclical,WH,-0.4382584882153654,-0.2718809699279791,0.5748792059859589,-0.730474991904937,-1.102182896002559,27.588017,-0.0730819091951567,-0.5065777563682308
consumer-cyclical,BURL,-0.0999734406123162,-0.576684722049954,-0.1069467702397998,0.1175623369386797,0.2675123209685512,24.505661,-0.1232402179431442,0.09735633139936552
consumer-cyclical,SCI,-0.7049265965900879,0.2221098983158981,0.0847673418629265,-0.1793173249679055,-0.3467752308851589,21.770666,-0.167746019230926,-0.16824907313899004
consumer-cyclical,FND,0.5084071257901936,-0.5240139991262691,-0.3348768726298446,-0.7466936852686539,-0.3965823296841083,24.763548,-0.1190436956179837,-0.49671066785697354
consumer-cyclical,MCD,-0.8397036284127181,-0.2786188314622606,0.8845662383152473,2.006748218954977,-0.3384740477520006,21.391235,-0.1739203927447438,0.8148812655057688
consumer-cyclical,WYNN,-0.2538515968256405,-0.2133253148347828,0.0794164043909172,-0.3101455476228096,-0.0728361874909367,22.82,-0.1506705033749507,-0.12170536869763388
consumer-cyclical,SN,-0.1708320025967888,1.40331742274346,0.1261175341828165,0.5150151815200139,1.1972448318822746,39.04463,0.1133483188707147,0.6593588631117677
consumer-cyclical,ONON,0.3100439428317585,-0.8043131830833273,0.0636180461005299,-0.2998469318387406,0.4750418992975073,19.655172,-0.2021708556893088,0.06762714953125526
consumer-cyclical,MGM,-0.090921540882011,1.0268935751930643,-0.308664827731779,-0.2182501038759325,-0.5626059923472732,25.689442,-0.1039768840232461,-0.34152567230358033
consumer-cyclical,YETI,-0.2346628309197724,-0.2724629625981964,0.1708696067678271,-1.1967462612914803,0.0599827426395951,18.244444,-0.2251272340516494,-0.36761154235777693
consumer-cyclical,KMX,0.7297887995137381,0.2350005153903794,-0.4762251859989004,-0.3698078998375168,-0.1890527513551522,38.572327,0.1056626655274277,-0.31156407742366565
consumer-cyclical,SGI,0.0050512787210545,-0.570587757536505,-0.1051826200010646,-0.0224678626742191,-0.8946533176736029,25.492126,-0.1071877515703165,-0.360037019085625
consumer-cyclical,CCL,0.0255654139335323,-0.5189286220717678,0.0269144981748893,0.6571443895644092,-0.2056551176214687,11.16355,-0.3403526225089763,0.16073039267627498
consumer-cyclical,MRP,-0.8506442914377081,0.0599983771421991,0.3178083745646523,-0.7917348314057663,2.0190619620649404,10.673684,-0.3483240735915708,0.5036543803617257
consumer-cyclical,YUM,-0.9093205531646604,0.5574364465447426,0.9096182235177954,0.8477557005096819,0.36712651856645,19.381796,-0.2066194261374627,0.6696840363881554
consumer-cyclical,SBUX,-0.7816115754576128,0.5290745727989269,0.0333393491765064,1.6720837029514368,-0.761834387543071,61.416183,0.4773942832388687,0.33609605522410385
consumer-cyclical,MHK,-0.1926887385374937,0.4327278384949744,-0.2467076045073782,-0.3712339789581014,-0.081137370624095,17.214766,-0.2418828933703687,-0.22106611593097358
consumer-cyclical,GRMN,-0.4546490364878853,0.6993929033060283,0.4340854719249536,1.0569117573991085,0.3007170535011842,29.410973,-0.0434174609996866,0.6031549232771488
consumer-cyclical,TPR,-0.0702791875114799,0.0264203764254672,0.9896751802478782,0.4360207452008808,0.093187475172228,17.281513,-0.2407967382883464,0.44860007722456907
consumer-cyclical,CAVA,0.4516566802445992,-0.0299355059555971,-0.2812807373362235,-0.466814416708661,1.9526524969996744,119.54545,1.4233154297515365,0.4518777116737708
consumer-cyclical,MUSA,-0.316607113726129,0.0563333236667284,0.1684079189670174,-0.3040978504559309,2.741264894649708,15.770808,-0.2653800141387441,0.8985704802456387
consumer-cyclical,ABNB,-0.6814925524013704,1.173817713032616,0.0923965615990956,1.5953223981832554,0.7240773932922546,41.83105,0.1586909446613655,0.8592548172379142
consumer-cyclical,GM,-0.6347592648496975,0.8462845102416715,-0.4051941822410586,1.3315071759991777,-0.4878953441488489,38.535713,0.1050668562450155,0.20251003162229866
consumer-cyclical,CHWY,0.6775386316639093,-0.0177666277878659,-0.1493610695428403,-0.2822052884221417,-0.0064267224256708,39.01639,0.112888777325532,-0.13464159297055525
consumer-cyclical,ADT,-0.5305339195652968,0.0578598716495369,0.3372228685839473,-0.7401186874407291,-0.4795941610156907,10.408451,-0.3526401353002621,-0.34906725358974744
consumer-cyclical,GNTX,-0.648840786402365,-0.544052816245595,0.239623792527195,-0.8454746001193273,-0.728629655010438,11.962567,-0.3273504445058869,-0.5112367969373796
consumer-cyclical,TXRH,-0.7244234197198655,0.1021952041453794,-0.0409090941577337,-0.068304965119735,0.2758135041017094,31.246006,-0.0135564871936935,0.05527259662752158
consumer-cyclical,CMG,-0.0122077203444717,0.0915163091897915,0.306566657361266,0.956291465239266,0.126392207704861,35.21296,0.0509966350027899,0.46750468659993244
consumer-cyclical,NKE,0.0867259810308719,0.3949187580989693,-0.0876595247180827,1.1003149427909102,-0.7369308381435963,18.869566,-0.2149548002765893,0.11705606062797948
consumer-cyclical,THO,-0.0828463108877309,-0.4513491505283638,-0.4291883768598467,-0.981179380731348,-0.969363965872027,15.60575,-0.2680659563612925,-0.8125177590773296
consumer-cyclical,CHH,0.308684463614324,-0.4401244499187591,2.142398241995457,-0.8472160191166749,-0.0562338212246203,14.619519,-0.2841146149182004,0.23904753748723176
consumer-cyclical,NCLH,0.7520474577076404,1.0510118017363566,0.0172064491169818,-0.4944333428091037,-0.2388598501541016,10.0875,-0.3578628802885034,-0.22993869491536206
consumer-cyclical,AS,-0.3174410312989905,0.7448961891872466,-0.135546151494993,0.1839222786907487,2.0190619620649404,31.822916,-0.0041685936798354,0.7493534889955892
consumer-cyclical,LOPE,-0.2862308640292578,-0.122551389667305,0.6841203890962051,-1.0000966242004032,-0.0894385537572532,17.890099,-0.2308933901716128,-0.21305969793702798
consumer-cyclical,TJX,-0.9308487226184996,-0.6175818149348812,0.2750847378250433,1.823789594323563,-0.1973539344883104,24.79815,-0.1184806270433941,0.6321903453886615
consumer-cyclical,CHDN,-0.2440739943432893,-0.0118174256254697,0.35464581204668,-0.6457628511916406,-0.2388598501541016,15.267016,-0.2735780790867145,-0.22388444515823244
consumer-cyclical,NVR,-0.4588075026332845,-0.4437307303997257,0.3316399184265424,0.1453951655531058,-1.550446785193104,16.638731,-0.2512565482563219,-0.41936064293376274
consumer-cyclical,APTV,0.2975940511685008,-1.1923355595498988,-0.0963716008349328,-0.3189228084529143,-0.454690611616216,20.722221,-0.1848070686409499,-0.31521518019868217
consumer-cyclical,HOG,0.0384597299081804,-0.0351111829241896,-0.385313491600001,-1.2294657676831977,-1.135387628535192,15.593221,-0.2682698372401734,-0.9397216917004425
consumer-cyclical,TOL,-0.4846135909242917,-0.1855810390921075,-0.04778299675356,-0.0457384468211047,-1.450832587595205,11.559226,-0.3339138986976551,-0.5484595379800397
consumer-cyclical,COLM,-0.5626410391458329,-0.1758380375947775,-0.211163425080253,-1.2118259600643542,-0.521100076681482,14.986946,-0.2781355791065204,-0.6804953739292874
consumer-cyclical,ORLY,-0.6376183701798631,-0.0253551253153852,0.3657205740700998,1.2669471912739017,0.0267780101069621,28.190475,-0.0632782802919103,0.5495836499526079
consumer-cyclical,ARMK,-0.98590578634648,0.562014382310111,-0.3163702915633373,0.0442377737709032,0.126392207704861,40.51079,0.1372067265153701,-0.025327709570172205
consumer-cyclical,HAS,-0.315063434827816,0.8494977101225568,0.7552121022677256,-0.0425888360298943,0.6991738438927799,16.773619,-0.2490615539239351,0.4402303837128872
consumer-cyclical,BLD,-1.929973531544108,-0.1469823758866732,0.057185966120944,-0.2671323601273619,0.7821856752243622,19.917416,-0.1979034331335407,0.17051812781416756
consumer-cyclical,OLLI,0.3629326718512689,-0.1156090121778573,-0.1080511775056712,-0.8711685624431899,0.5331501812296149,18.668316,-0.2182296846947202,-0.14892642653133845
consumer-cyclical,AN,-0.4975728151576539,0.2173600799078597,-0.2307370307465582,-0.5780781573139456,-0.6954249224778051,9.330089,-0.3701880156028934,-0.5139648289411831
consumer-cyclical,HLT,-0.9623092882912766,0.1178931525154935,1.0155783057996448,1.25987463560522,-0.4380882453498995,47.135616,0.2450106491997371,0.5531488151259721
consumer-cyclical,TSCO,0.157120173309951,-0.1130107608729202,0.0028011148174272,0.2015910675728662,-0.454690611616216,18.082903,-0.2277559451263789,-0.08754956061903109
consumer-cyclical,CROX,-0.1968629842049509,0.1708273571835434,0.3627074317733838,-0.6883395627899289,-0.4297870622167413,10.681455,-0.3481976183030575,-0.30064246413693835
healthcare,ILMN,-0.0795828624280955,0.3435863865983896,0.2966577747765956,0.1779317303365882,-0.1196792557281074,40.156013,-0.1046866049368004,0.10082257704515943
healthcare,LLY,-0.3268039924874387,-0.1809056015577838,1.174955296123582,2.777461447378194,1.0488095502613872,39.37134,-0.1102892334493897,0.7070553704817081
healthcare,HSIC,-0.6435145294199635,-0.1386964605517929,-0.0968866318935812,-0.7001273299535844,-0.2020531402234503,26.180758,-0.2044710528962754,-0.2734130116634648
healthcare,INCY,-0.5143109132285867,0.003734584581699,0.51014423249615,-0.0140042064079383,0.7437210891675244,15.6968155,-0.2793272479926353,0.2686593127556196
healthcare,DXCM,-0.053985170766443,0.2222510105247553,0.3869098466249005,0.2253420758484505,-0.0067965251233781,35.85039,-0.1354291004530983,0.15758558920817656
healthcare,SOLV,-0.3403294954530727,0.0086965718970121,0.0764686576878399,-0.3719025455191756,-0.3393429477156887,11.132029,-0.3119201918033468,-0.1524200665743459
healthcare,MCK,-0.2899531441516469,-0.2796219511416273,-0.1429641493649282,1.0505104844222857,-0.171544294114064,23.979416,-0.220188812338948,-0.15810318420092861
healthcare,DOCS,1.27608053246456,-0.6433471881010872,0.3142665639783905,-1.2574896417597528,-0.1837478325578186,31.797619,-0.164366212294075,0.23510478035826754
healthcare,SHC,-0.2011948654971889,1.9271610096947605,0.4987160254814993,-1.1638896651974493,-0.1257810249499846,33.157894,-0.1546537390727939,0.2752550419629646
healthcare,EXEL,-0.4954300571379202,-0.2464903324027159,0.7993368016685448,-0.4734213789981693,-0.0830686403968438,17.18239,-0.2687201262345584,0.10978217865328793
healthcare,MDLN,0.0819006740753127,0.1381574756720701,-0.147771939123301,0.4623798886938538,-0.0525597942874575,43.7875,-0.0787574948370555,-0.01765713965852289
healthcare,STE,-0.4802232567682328,-0.1659841033244406,0.1614176538037769,-0.0862820506844644,-0.1837478325578186,28.440096,-0.1883391973355816,-0.12099808770763472
healthcare,GEHC,-0.1439497334448541,-0.0716288785247486,0.0698829515026543,0.1759635499632902,-0.229511101721898,16.412443,-0.2742176099193322,-0.07120634562698828
healthcare,MEDP,0.0933876863266627,0.037475128889223,1.187099356918229,-0.3214315145180316,0.1182897439251055,34.838123,-0.1426567684836704,0.47269249490729803
healthcare,SYK,-0.3773889275280219,-0.386382837487335,0.2289994195191557,1.189332235622758,-0.1196792557281074,34.26455,-0.1467521259687009,-0.037232265845024426
healthcare,MDT,-0.4269140062771834,-0.0566043591324409,0.127017472044419,1.1382796029081028,-0.1044248326734142,24.433962,-0.2169433172347665,-0.04582742099119455
healthcare,BDX,-0.5204495337341897,0.2468896969511565,0.0923428194118248,0.5250790425416262,-0.2417146401656525,32.77178,-0.1574106241771748,-0.10351434423630879
healthcare,MRK,-0.6877498591973129,0.468380961449067,0.3912187951972131,1.9971444822914644,-0.2508672939984684,119.161285,0.4594174097955368,0.03893670467027187
healthcare,GMED,-0.1704863709278966,-0.2200827400687655,0.2495796707797111,-0.634355786147853,-0.2264602171109594,20.810741,-0.2428134074277667,-0.05607608795330639
healthcare,BIO,-0.2040962027893945,0.6029023908669169,-0.0805797010858575,-0.6767875163766974,-0.4095132937672771,46.973232,-0.0560111113924003,-0.1413332257894936
healthcare,EW,-0.76994198856049,-0.2519558206565974,0.2135537121740069,0.540578893153823,0.008457897931315,53.698223,-0.0079941332072125,-0.10355195266549021
healthcare,TECH,0.1816536709775347,-0.081714824311797,0.1502372284854445,-0.6064095182857215,-0.3668009092141363,62.33621,0.0536817907223416,-0.03418767151762925
healthcare,BIIB,-0.5629492873557446,-0.3680847442794018,0.162382966481091,0.1721598633332524,-0.3027323323844251,38.756706,-0.1146777697864457,-0.18509034205592975
healthcare,THC,0.0410687599817092,1.1690078886998938,0.2820309169745677,-0.1295659284405049,-0.1990022556125117,10.310585,-0.3177853682219254,0.182828014033419
healthcare,ELV,-0.2843797192014655,-0.240391369110245,-0.1335597079427852,0.9059553592610968,-0.3637500246031976,17.369026,-0.2673875301402929,-0.20597311793044887
healthcare,BMRN,-0.3707950417803877,-0.4751061428472871,-0.0430288948314002,-0.5257391117442349,0.2006636284204486,176.2973,0.867373165549495,-0.11556010760843448
healthcare,TMO,-0.2501761005937105,0.2496482121107046,0.1254554108986401,1.645614753166132,-0.0861195250077825,33.44715,-0.152588427901086,0.049804030257922294
healthcare,EHC,-0.3968639424608168,-0.1670021389167507,0.2521203348222303,-0.5727972537532096,-0.1135774865062301,20.169462,-0.2473921912140378,-0.06748721904801476
healthcare,BSX,0.5114038521884586,-0.4559341164802074,0.1739626020171382,0.7591257024332357,-0.1776460633359413,19.554655,-0.2517819627850482,0.1045023641981891
healthcare,NVST,-0.2607569965594246,0.1051753589666774,-0.0834415636658581,-1.3236345927637747,-0.1898496017796958,46.793102,-0.0572972541218848,-0.17342795158480206
healthcare,NBIX,-0.4486411084156492,-0.6391334411070715,0.3054960972388464,-0.3643683186770224,0.7986370121644197,22.519005,-0.2306162646773092,0.14097415041434985
healthcare,BMY,-0.6961702429226918,0.6544037471380958,0.5476364817804242,1.2600269993669333,-0.2325619863328366,14.651316,-0.2867921987537775,0.09372589549786578
healthcare,UTHR,-0.4958195938754702,-0.5438660012347841,0.5032712922548013,-0.1129414915819368,-0.4644292167641723,18.280087,-0.2608824811131082,-0.12057908591595481
healthcare,HALO,-0.0069377679606094,0.7277505622258019,1.779920602666856,-0.5585553237461167,1.0488095502613872,30.866665,-0.1710132989458509,0.9835098338488818
healthcare,OGN,0.8804365859152142,0.3177663671588958,0.1963487295382121,-1.4643780961626365,-0.4766327552079268,17.641027,-0.2654454210603924,0.12489662249924047
healthcare,UNH,-0.2231273361853914,-0.5051198146184614,-0.0797133388242197,1.9655859209518016,-0.3942588707125839,25.02635,-0.2127136191320974,-0.17437801700048788
healthcare,HCA,-0.1529404392647051,-0.0493460140293229,0.1815307747109605,0.9454295908960888,-0.1410354480046778,14.006421,-0.2913968010717192,0.01962481073040535
healthcare,PEN,-0.5019047060009223,-0.26006423554908,0.0116068792677011,-0.5198265077857032,0.0481193978735171,78.80488,0.1712694229034193,-0.14239464692129103
healthcare,CAH,-0.4645823694040214,0.1338906542375569,-0.1610776932697125,0.5722929117498278,-0.229511101721898,32.450897,-0.1597017546799513,-0.18972578300079396
healthcare,UHS,0.014643990300215,-0.0920376900833294,0.1124006695884464,-0.6978252322630777,-0.1532389864484322,7.006582,-0.3413762161464497,-0.03188154093188754
healthcare,HUM,0.4040333069672777,-0.427475634891066,-0.1739933060247236,0.4444644508596412,0.3928693589095822,36.498096,-0.1308044273684183,0.1018969069687712
healthcare,CAI,0.982908284463196,0.0995650638771009,0.1434580425457495,-0.9465954251858056,0.9786392042097988,2.6607516,-0.3724057957419208,0.5154769239761453
healthcare,VEEV,0.3617815674374847,0.4547734394591227,0.2342073578605944,0.448324169194688,0.1304932823688601,46.91133,-0.0564530966654839,0.26678832320409673
healthcare,IDXX,-0.2259538517006822,-0.5705035174968136,0.9551307686766822,0.4083680500482985,-0.1105266018952915,39.065964,-0.1124696427213544,0.21290798762497606
healthcare,PFE,-0.7164879385820359,0.3657659346631604,0.2415545694207609,1.389647881209638,-0.3271394092719341,36.96104,-0.1274989698668449,-0.0741542037714939
healthcare,COR,-0.1355222131654908,-0.223958431585951,0.3195946746530538,0.6650906367616511,-0.2508672939984684,23.917221,-0.2206328896556652,0.014392091863279556
healthcare,VRTX,-0.6587430004604957,0.1173348958125386,0.4598941313944627,1.268449640031666,-0.0251018327890099,31.548088,-0.1661478837615205,0.06700920093012926
healthcare,QGEN,0.03049529623608,-0.3360090296386166,0.230684889576669,-0.7848518100230839,-0.3973097553235226,21.974619,-0.2345032246280842,-0.08196638174885706
healthcare,DGX,-0.8065170733035546,0.4275699901727902,0.0931801004519633,0.0310614750507258,-0.0952721788405984,25.783262,-0.207309206398741,-0.12465720160003736
healthcare,INSP,1.322101460449489,-0.1183566936974445,-0.0543028802982625,-1.9784747682582453,-0.6383296395876742,13.575432,-0.2944740972957671,0.024087465441914268
healthcare,REGN,-0.3399900418408781,0.263537740339598,0.2055709787171296,0.8803124726435367,0.1030353208704124,19.769423,-0.2502485019416246,0.08487660878318547
healthcare,ABBV,-0.5874422645720879,0.6931902453400212,0.442173380098684,2.160321777254279,-0.0952721788405984,72.02809,0.1228825956800671,0.15249387426190406
healthcare,PODD,0.6721081711021787,0.2202498717003527,0.2202916678196917,-0.6778018281906533,0.3104954744142391,27.838951,-0.1926314211246,0.31541381231493526
healthcare,CHE,-0.4647386532094783,-0.1972016119839764,0.2478010142858524,-0.9923160789286168,-0.1379845633937391,26.3171,-0.2034975600187794,-0.10861215257640479
healthcare,RGEN,0.1958371153356569,0.0100205968899584,-0.0778691103732374,-0.684855070455037,-0.0434071404546417,251.3611,1.4033347522783552,-0.018041016411618892
healthcare,ABT,-0.1533600459640891,-0.3369126752365148,0.1091568399506988,1.5120711600934151,-0.0098474097343167,36.422443,-0.1313445958906726,0.016273405253115495
healthcare,ISRG,0.1879460773620424,-0.2544961552282624,0.3730193611484002,1.2519961959418582,0.1579512438673077,42.72789,-0.0863231957063663,0.23339409454309745
healthcare,WST,-0.3586487127354968,-0.4859340069124241,0.2866126338266529,-0.0437382337785198,0.0145596671531922,43.288067,-0.0823234867418719,-0.02936917413921182
healthcare,CI,-0.4409477830851599,-0.568724266550622,-0.087055419356107,0.7901334092944964,-0.2020531402234503,11.532163,-0.3090632027680972,-0.22135220996409607
healthcare,RMD,-0.2199962525440695,0.0469394518785474,0.46288024876589,0.2312681605836103,-0.1440863326156164,23.042227,-0.2268804173936459,0.0911362457917318
healthcare,ZBH,-0.3958668480468845,-0.0574628683832553,0.1142782770252841,-0.2159781830311307,-0.2600199478312843,24.51961,-0.2163317836063044,-0.13192353719028294
healthcare,COO,-0.3320849678579449,-0.439111382640532,-0.0277229324142004,-0.4662024421438502,-0.1654425248921868,60.422413,0.0400171257733657,-0.19422563854647973
healthcare,A,-0.2543912251228696,0.2416022747848179,0.2627390965390855,0.3987616772076552,-0.1593407556703095,30.287968,-0.1751452422041889,0.03482660879337335
healthcare,IQV,0.0643104094951512,0.3269323002882606,0.098911834795949,0.3934269388417883,-0.1410354480046778,32.56733,-0.1588704136683372,0.061836866524273615
healthcare,ZTS,0.3870815493554728,-0.6978007129976292,0.775335597402522,0.1686040132971516,-0.4125641783782157,12.618657,-0.3013055479702934,0.181994947029847
healthcare,CORT,1.3320805659833113,0.2367290942178963,-0.2397108288861225,-0.5482877568908436,0.5606680125112067,251.88889,1.4071032154504786,0.372239807903255
healthcare,RVTY,-0.1604382212766532,0.1948666520193796,0.0693540207984246,-0.4293563229571192,-0.3668009092141363,62.15942,0.0524194958622653,-0.10317437681702442
healthcare,ALGN,-0.3424544619856832,-0.7456816581518521,0.1104875852199057,-0.6056205341014902,-0.2752743708859774,27.69324,-0.1936718094178099,-0.21555042993062173
healthcare,JAZZ,-0.5875724227448692,0.1337500866373073,0.3777987040371794,-0.335428786294456,0.0664247055391489,17.169863,-0.268809570025,0.025155587321266024
healthcare,CVS,-0.5708796887891902,-0.1501141189586808,-0.177332967906853,1.16419330802535,-0.1898496017796958,24.58377,-0.2158736760310881,-0.22016317206403124
healthcare,ALNY,0.6406059291205355,-0.7707022770062547,0.6828815024307221,0.1767304417363141,1.634579395561604,41.35567,-0.0961209571911442,0.7509757245415272
healthcare,JNJ,-0.9047322411026952,-0.00582577001062,0.36269371909791,2.42016237716512,-0.2051040248343889,31.057241,-0.1696525709337807,-0.046133074096130426
healthcare,DHR,-0.2057873942945196,-0.1199549262681393,0.1413776441065649,1.3315738630724827,-0.2386637555547139,38.0,-0.1200807116631858,-0.027715086690364616
healthcare,RPRX,-0.9411503874443238,-0.0502340711222494,0.50492306329506,0.2494554929078688,0.0969335516485352,32.664894,-0.1581737988387174,-0.0008605039290004912
healthcare,AMGN,-0.5441065768782387,0.6205047412440793,0.8373835883234596,1.6594144499070953,-0.1166283711171687,26.717216,-0.2006406995049817,0.2732161378516348
healthcare,LH,-0.7321385563752706,0.4902546821538138,0.0256239011988092,0.0438505261534149,-0.229511101721898,27.698584,-0.193633652826757,-0.16106039176536147
healthcare,DVA,0.1531824197447772,-0.9825538633292844,0.5354086083671872,-0.6137285513885811,-0.2478164093875298,15.318538,-0.2820281798549155,0.02918966368938328
real-estate,CSGP,1.015858300163697,1.946874827099588,-1.265234403511497,-0.109054513868863,0.0230339654782713,178.16666,0.5251996720796235,0.04898211623366705
real-estate,ADC,-0.6619823139216179,-0.6963351015930593,0.4139889593783294,-0.4958326521782774,-0.0075137534447836,39.266304,-0.2156332840147426,-0.09809783954219135
real-estate,SPG,1.0077932782403936,-0.0262163217329021,2.4311940789139106,1.8193360922976065,0.0440355222378716,14.994351,-0.3450891271025279,1.1201008870778184
real-estate,EQIX,-0.050931531250004,0.9322528163159638,-0.0162429177391449,2.0813257552282574,-0.0094229858774746,67.097435,-0.0671943624458191,0.21228022892853907
real-estate,NNN,-0.5200201085691861,-0.3955269587459229,0.9404247263325296,-0.5453189308991653,-0.1812539048196592,22.487562,-0.3051236596578741,0.12296903508476419
real-estate,FR,-0.5064317325065905,-0.3456496801066525,0.4926081825899794,-0.5602285796224472,-0.1678892777908226,22.501818,-0.3050476244703035,-0.026531948944928184
real-estate,O,-0.6046101430872227,-0.1880821888215243,0.4016762447330322,1.4713256933577918,-0.1449784885985313,45.39259,-0.1829583888743765,0.02239355373870493
real-estate,WPC,-0.520919132372274,0.1078719662037185,0.748929074606722,0.1066399586657489,0.0230339654782713,24.124136,-0.2963948990614133,0.2151684299923956
real-estate,AMH,-0.3788084958168269,0.0263887126701592,-0.2435818046882343,-0.0569592232144381,-0.2748062940215152,26.64,-0.2829763951934218,-0.22117839064234152
real-estate,PLD,-0.5587725578402934,0.3009320288123699,0.2416442043949836,2.372231810597182,-0.0934292129158759,31.372196,-0.2577369584313019,0.09920707263706087
real-estate,STAG,-0.4175160439660418,-0.5394761424076675,0.2360949320123129,-0.7139072317160078,-0.1736169750888954,28.653847,-0.2722354275739308,-0.14563721797879312
real-estate,INVH,-0.2733823026116757,0.0413811104557274,-0.2042406382941387,0.1939608580670476,-0.1354323264350766,26.733944,-0.2824753395213447,-0.14209459025248378
real-estate,ELS,-0.1976254582290096,0.1330630758117527,0.5906025887540943,-0.1314293599206051,-0.2060739264446414,30.800972,-0.2607836141541429,0.1477244274437735
real-estate,JLL,-0.0819092273309747,1.091861998686075,-0.5371209221242028,0.164400893327406,-0.12206769940624,18.112375,-0.32845896859456,-0.046014422435026764
real-estate,GLPI,-0.2157178654066566,-0.2342148393383576,1.785808932274806,-0.1416447022631723,-0.1564338831946769,12.446745,-0.3586769287345392,0.5296992557526079
real-estate,CCI,0.0938131329983628,-0.3762130149834559,0.6002639791310964,0.8844333853550325,-0.4218171913387175,31.07755,-0.2593084696460132,0.08667223555913135
real-estate,REG,-0.655751210866685,-0.6665410635475971,0.2417368098064639,-0.0319087700641121,-0.1583431156273679,25.175083,-0.2907896134082325,-0.1795055984129245
real-estate,WELL,-0.5460203200757613,0.7259212757034245,-0.8940795115811966,2.6093188346040384,0.4182450790452958,106.41441,0.1425049619672751,-0.09731643965500744
real-estate,AMT,1.0248032966359306,0.4859125889244008,0.9532550652343618,1.8358236612094392,-0.2385308778003873,24.201101,-0.2959844018524227,0.5990678285849088
real-estate,PSA,-0.2243146586073845,0.2272465819785458,1.1524934966740157,1.459318410056661,-0.2652601318580605,29.950243,-0.2653210257062429,0.4001668094338234
real-estate,SUI,-0.4974737296954158,0.2973625543011101,-0.3887890311720415,0.0663908303307481,-0.3244463372714796,157.68831,0.4159772265559052,-0.2557165769696467
real-estate,IRM,0.223364334088798,0.4783434360801685,-0.1264850805065708,0.9177814838521808,0.0249431979109622,83.58695,0.0207534045275958,0.11024263941357659
real-estate,EQR,-0.4993220773829629,-0.2032269460910866,-0.042179373677628,0.565808175718383,-0.2881709210503518,28.675674,-0.2721190120268557,-0.19132301430105123
real-estate,KRC,0.1941108320613915,-0.578609837132436,-0.3819057428915623,-1.2867378020938711,-0.4428187480983179,25.384615,-0.289672062557921,-0.36545105740277145
real-estate,CUBE,-0.1529179410762281,-0.1707676517954674,0.4573604280067918,-0.49825341815788,-0.2996263156464974,27.205479,-0.2799603807551342,0.017231430900719404
real-estate,WY,-0.2798472114048249,0.120853426820882,-1.1883240749498607,0.1650762663749015,-0.34544789403108,35.95385,-0.23330044599629,-0.544612090737135
real-estate,ESS,-0.3892476803721172,-0.0104098136837958,0.0994258407325896,0.3201025706795926,-0.2690785967234423,44.28169,-0.1888834372660827,-0.09055132260916916
real-estate,UDR,-0.1286738320504403,-0.1447906222208639,-0.1459484275749341,-0.0629590084806371,-0.3301740345695524,23.535032,-0.2995369187821332,-0.18857060640840526
real-estate,BXP,0.6162468402006033,-0.0014336202279603,-0.3176083746994076,-0.1672932683097211,-0.2576232021272967,37.35714,-0.2258159188943029,-0.0868026702171427
real-estate,KIM,-0.5004597345761693,-0.5223058750754354,0.0088772539248512,0.104451157280061,-0.2347124129350054,27.569765,-0.2780174406359325,-0.2292483032870161
real-estate,DOC,-0.0624998396642532,0.2239016182764003,-0.5286701572423264,0.0255638884660845,-0.1163400021081672,59.485714,-0.1077919097220519,-0.19404480416196454
real-estate,DLR,-0.2644774462453819,0.5510202093594124,-0.4568667637478478,1.6716877939592405,0.2425956952377293,90.09223,0.0554496857424658,0.0024910937711201966
real-estate,ZG,1.0227080592439048,-0.3007175500128019,-1.2987317581296884,-0.6152844152919114,0.0134878033148166,155.6087,0.404885508232135,-0.37285932952067624
real-estate,AVB,-0.5141641884169817,-0.2004131830195754,-0.0046637864131146,0.6352566514523803,-0.2843524561849699,25.248285,-0.2903991863739633,-0.1763793994863141
real-estate,EXR,-0.2471515567019318,-0.1379921689099697,0.3540858489244425,0.8144587110164392,-0.2557139696946058,31.147903,-0.2589332379154328,0.023073721873694417
real-estate,VTR,-0.379740607431237,0.4759496993939611,-0.6314328731427806,1.2441116944444968,0.0860386357570723,165.76363,0.4590474054905651,-0.14822994997341662
real-estate,CPT,-0.3062389023256789,-0.3601063909817233,-0.3698049196750333,-0.1718871612132104,-0.343538661598389,35.033115,-0.2382112385347163,-0.3443365198778396
real-estate,LAMR,1.0069853097268673,-0.0123720931685591,1.2114107759477897,0.0518392412366708,-0.2041646940119504,27.191605,-0.2800343785239582,0.5554360986199901
real-estate,HIW,0.3322983122710539,0.6135841269002406,-0.1843746435867179,-1.514326830749322,-0.185072369685041,20.675676,-0.3147874567865582,-0.0020551869443147107
real-estate,EGP,-0.6836267195745364,-0.4895972402410488,0.3312073647071725,-0.3116216756772654,-0.154524650761986,35.061512,-0.2380597815186219,-0.12854388227516192
real-estate,MAA,-0.3602262112927174,-0.0730240409718492,-0.07168905323658,0.0654772371367195,-0.3091724778099521,37.675438,-0.2241182583911223,-0.17778399914999146
real-estate,Z,1.041129241585481,-0.389552443829066,-1.2987317581296884,-0.640078010455661,0.0134878033148166,158.90909,0.4224883261828988,-0.3860882954021197
real-estate,BRX,-0.1901255819039384,-0.6963876159355126,0.3767524730578709,-0.5130899292982888,-0.2461678075311511,20.784172,-0.3142087871940597,-0.09651006675710004
real-estate,FRT,-0.4377144447989725,-0.4491241592321233,0.2361694305725842,-0.3708348233709475,-0.1908000669831139,23.583332,-0.2992793079824938,-0.12674822812818703
real-estate,VICI,-0.457108873756449,-0.5137022453377371,1.195215478996401,0.7112260731615726,-0.219438553473478,10.019531,-0.3716226127808322,0.2359635014851017
real-estate,CBRE,0.2394302305236858,0.2471784158679235,-0.860800372198484,1.1361444314803115,-0.0323337750697659,33.366135,-0.2471021712631406,-0.20354885685571036
real-estate,NSA,-0.4044047046162728,1.016072338644794,0.1847384155165563,-0.8588476279128339,0.0153970357475075,57.88,-0.1163560767517038,0.1541074151283732
real-estate,OHI,-0.5204784764034226,0.0771949992606569,1.199798095265171,0.0139017263426614,-0.1144307696754763,16.387098,-0.3376608316912364,0.335455364789936
real-estate,SBAC,0.1863842956455561,0.2584786563444192,1.2145976138686545,0.3529268897522882,-0.2843524561849699,20.61522,-0.3151099023042186,0.4561297833210809
real-estate,HST,-0.3127594505826362,0.2572501209617552,-0.1684086884738553,0.0590375004136311,-0.2595324345599877,14.718121,-0.3465624155328466,-0.13477721802745243
real-estate,EPR,-0.003103742610511,-0.0119181287141611,0.7931189341669367,-1.230146519468381,-0.1258861642716219,19.06169,-0.3233957429991214,0.21460447133383803
consumer-defensive,DLTR,0.3032215484646741,0.2653219630238197,-0.0946004286249734,0.1468630316127325,-0.0735497418869808,15.51348,-0.5176024774960657,0.0755301392734176
consumer-defensive,CASY,-0.4279383654861932,0.0662367829396464,-0.3901862636904001,0.2608424136811021,0.4089194104328654,39.19802,0.1820564383287267,0.024518763476222265
consumer-defensive,PPC,0.0908993770920768,-0.3023888847403464,-0.4581128506549413,-0.6840828693499029,-0.7039761009182469,13.703056,-0.5710837481064801,-0.41809138421517145
consumer-defensive,TSN,-0.5513352062452404,-0.1425241545261932,-0.8930826479590885,0.0013814856907571,-0.5302872060831022,34.248447,0.0358423729943075,-0.5023539542380827
consumer-defensive,ACI,1.058318594969298,-1.0020801174973593,-0.8711204322070132,-0.842451391654708,-0.5109884399903083,77.18751,1.3042942097246162,-0.24975117292064491
consumer-defensive,PEP,-0.4183670721989319,0.0943286987483879,0.3672404686496042,1.647256864275748,-0.1121472740725686,18.393185,-0.432533851371377,0.05348355222865732
consumer-defensive,SEB,-0.0439791431486413,-0.6895846303400641,-0.7887699178985854,-1.1803112899525183,0.6212058374535978,5.9276752,-0.8007742762169229,-0.05950054239871175
consumer-defensive,HRL,-0.4601953990080423,-0.8747216257701003,-0.4666427519219107,-0.342186349529813,-0.7104090229491782,34.68254,0.0486658028665843,-0.5974921198295658
consumer-defensive,ELF,1.1476901561008916,0.6678757519759437,-0.1663070148604814,-0.7914368805402942,1.7598330369284354,111.27551,2.3112790666243286,0.9761269559811581
consumer-defensive,POST,0.0530341939057359,-0.5025117334733081,-0.3420574927352173,-1.1740324614489386,-0.639646880608934,15.523278,-0.5173130372934166,-0.44812274701777705
consumer-defensive,USFD,-0.3705590833658828,0.6713785668590622,-0.6158341135729926,0.1136810692893526,-0.234372792660263,32.96855,-0.0019667357064484,-0.19578299987103798
consumer-defensive,ADM,-0.6915144128747945,0.3253359200714059,-0.8823046600442228,0.5064318070802316,-0.0606838978251183,22.271233,-0.3179734309791505,-0.254300485715846
consumer-defensive,PFGC,-0.241834308617936,-0.5996075154935837,-0.9028419546258428,-0.156253261723199,-0.054250975794187,44.075554,0.3261424180580591,-0.30007418913264516
consumer-defensive,SFD,-0.4551014526966107,-0.9128724604602426,-0.3062172974425788,-0.5807606635274805,-0.6718114907635905,8.144981,-0.7352734148077494,-0.5808616459642348
consumer-defensive,INGR,-0.5397249942731377,-0.3030507241367051,-0.1116721419117807,-0.7814820681956616,-0.4659579857737894,11.381738,-0.6396572072137533,-0.43930232000749797
consumer-defensive,STZ,-0.3450011634185386,-0.2664996710724471,1.0206107458001754,0.1018745450869899,-0.7361407110729034,12.4518585,-0.6080450522454961,-0.24791171181408855
consumer-defensive,MDLZ,-0.5572151713168161,0.1171891496377113,-0.0856880064245688,1.0123196090610285,-0.2601044807839882,22.819853,-0.3017667884013424,-0.16001046522259035
consumer-defensive,CHD,-0.6740713334360491,0.0914624169188962,0.1849304159010475,0.1443201850591112,-0.4209275315572703,32.50163,-0.0157598995583498,-0.28860004996991245
consumer-defensive,PRMB,0.4725871479938557,-0.2854904338487844,-0.287294438848525,-0.6120703151502944,-0.2794032468767821,76.066666,1.2711836448646388,-0.11816934419029339
consumer-defensive,WMT,-0.4223681579605782,-0.3331833685538845,-0.5338160907570404,2.701910951548561,-0.144311884227225,37.996376,0.1465589814117941,-0.05611210027401978
consumer-defensive,BRBR,1.6684414772233425,-1.1100047515875835,0.5274933182924516,-1.967397604741902,-0.2536715587530569,7.5314693,-0.7533970064362052,0.11280706176913476
consumer-defensive,PM,-0.3814437193868145,-0.0955878884785485,1.5379804365724474,1.9494169144463505,0.1451696071646827,26.306181,-0.1987780679664251,0.34656243665515873
consumer-defensive,SJM,-0.3424646919027396,0.8252123016980192,0.0791093618280758,-0.2323763130678148,-0.2022081825056066,61.86793,0.8517424298001939,-0.08247761772587166
consumer-defensive,KVUE,-0.1199179201483319,-0.1615334808275149,0.1774109031093285,0.4508953846514821,-0.3308666231242324,22.47619,-0.3119188488588855,-0.11573195515047435
consumer-defensive,COST,-0.674158653810462,-0.0228503974161744,-0.3931747224768193,2.208355186166099,0.8592239525980554,47.623108,0.4309398000409859,0.294449181074061
consumer-defensive,FLO,0.4184743646147821,-1.210542069439277,-0.5041849188976437,-1.8537193268258312,-0.0864155859488434,27.68,-0.1581944335754046,-0.29592782840122017
consumer-defensive,CLX,1.9305015115932087,-0.2592331928428961,0.8430870775845439,-0.3550039302398726,-0.6525127246707967,21.32751,-0.345851709848781,0.2990954707360503
consumer-defensive,KR,-0.0318383784612798,-0.341972384859889,-0.6354489069540573,0.4305503823951316,-0.3823299993716826,33.847057,0.0239850140494889,-0.25880255519001344
consumer-defensive,BJ,-0.4305945967572013,-0.2897627506692251,-0.4730936389135652,-0.3773736875692534,0.4861144748040409,19.835886,-0.389915391501802,-0.05148942081614244
consumer-defensive,SFM,0.6623869389061591,-0.3522403908133227,-0.0814398861971102,-0.6671495103271942,-0.2215069485984004,15.567363,-0.5160107336259552,-0.02785628661837829
consumer-defensive,BF-B,-0.1980749696176141,-0.1349428390339633,0.528237812085945,-0.3322853722628304,-0.3951958434335452,17.832214,-0.4491053516694258,-0.17091353480032562
consumer-defensive,KMB,-0.0429324050503024,-0.3267870366708448,0.8290174795506354,0.4436813375746695,-0.4852567518665832,21.333992,-0.3456602267508457,-0.07826415532517934
consumer-defensive,FRPT,0.3953091978080878,0.7179430217009282,-0.4159157166518878,-1.2588641688367033,0.4732486307421783,18.335958,-0.4342243794870129,0.20096558370040862
consumer-defensive,KO,-0.8378641807021986,0.774102564200752,1.0588105548989115,2.1416978581931327,-0.0928485079797747,26.951368,-0.1797187644323792,0.17705115624262585
consumer-defensive,LW,0.3581876188968162,0.4924666314770686,-0.2181510185308071,-0.6816723248760236,-0.1636106503200189,26.470875,-0.1939128847928085,-0.009147773289603834
consumer-defensive,SYY,0.0880466464861092,-0.1364919038744157,-0.108496005485795,0.5002917143770426,-0.2215069485984004,22.39779,-0.3142348431319709,-0.05562185061357417
consumer-defensive,PG,-0.6976913247342195,-0.3926272304084284,0.6511981701862641,2.052713938303278,-0.4273604535882016,21.954613,-0.3273266211161954,-0.12073458421936671
consumer-defensive,COKE,-0.1248533508527007,1.173040630497305,0.5319937993741216,-0.2851892037368976,0.0100782445151258,26.392714,-0.1962218188282502,0.16051947471725259
consumer-defensive,CART,-0.0929773480944793,0.3644766288624265,0.0400071823468047,-0.3621654134107442,0.3831877223091403,27.606558,-0.160363964843312,0.14561812626540185
consumer-defensive,BF-A,-0.2506592991798947,-0.0958623585620302,0.528237812085945,-0.3143925221399488,-0.3951958434335452,18.16,-0.4394223095929259,-0.17838316814061272
consumer-defensive,DG,0.0874137171376865,0.0887572742828941,-0.5076743598516837,0.2641313248020178,-0.189342338443744,15.943397,-0.5049024097677228,-0.09790126640867074
consumer-defensive,TGT,-0.5505876295648665,1.358265180032461,-0.4476298559382267,0.9544241434864216,-0.1829094164128127,16.688797,-0.4828827397274433,-0.04786929925396898
consumer-defensive,CPB,0.1205331484137784,-0.0625881018115165,-0.1711116483072158,-0.7246635397768657,-0.8069028534131475,11.607843,-0.6329778974546206,-0.38464083912071145
consumer-defensive,MKC,-0.084344319501168,-0.1284859071923315,0.0214108499147396,-0.2039127213916198,0.5504436951133539,9.205433,-0.7039468745158869,0.16958868156154366
consumer-defensive,MNST,2.632545985526548,0.1744219080173167,1.2287003444330162,1.103658015021121,0.7755959661959488,43.320755,0.303845094571699,1.275960120437086
consumer-defensive,REYN,-0.541797423238208,-0.5498991047260183,-0.0271193570190483,-0.9901817313758072,-0.4852567518665832,14.745222,-0.54029738984622,-0.4799590941166187
consumer-defensive,HSY,-0.2504262938179047,0.5651060267319895,0.5186700274127802,0.4336698536944348,-0.099281430010706,24.439669,-0.2539162197858806,0.07513945049832108
consumer-defensive,CL,0.6701714781032052,-0.1816394591360456,2.184649524280724,0.9396735315445494,-0.2086411045365379,35.78486,0.0812291549980584,0.4761466161969629
basic-materials,CRS,-0.2303516122171721,0.4151541366697829,0.6516653598593884,0.3472913057796656,-0.1363946404315361,45.24407,0.0378380277824556,0.2269218442084038
basic-materials,SHW,0.5238172868392089,-0.2554908699873996,0.7942832104913546,1.4381867929147396,-0.3452649316232076,31.843044,-0.1430151452776881,0.21127077875117603
basic-materials,SCCO,0.1751805221842866,1.4707805512013472,2.856158452529201,2.104905702207976,1.0103442131697975,31.456326,-0.1482340872735825,1.77604507727977
basic-materials,LIN,-0.9675207193435488,-0.5742390691252747,0.6046234568146684,2.3204810963639697,-0.2715460053202647,31.545101,-0.1470360267341571,0.04973097107009277
basic-materials,FCX,-0.1605881925889886,1.0045834304410513,0.6396534036193973,1.682431143114291,-0.9513983256696268,37.12745,-0.0716995913165166,-0.1036077460957729
basic-materials,SLGN,0.0524078618661053,-0.9286256464927912,-0.3234743081228711,-1.1232287728723265,-0.3739334029632409,16.484127,-0.3502909817858319,-0.35590620761440434
basic-materials,AA,0.6417998192575866,1.2012464413757236,0.0437445291795659,-0.1621456015574455,0.6335585898436451,10.449791,-0.4317271951706173,0.40899863631847244
basic-materials,RPM,-0.42640607808255,-0.5267536786791124,0.0559257678529196,-0.1551872873808199,-0.3575514193403648,20.613861,-0.29455827163406,-0.19296100970010854
basic-materials,STLD,-0.530900928332318,0.7514883278225576,-0.0800377088085952,0.6489254183079879,0.7154685079580262,21.108892,-0.2878775945640255,0.29322428815482643
basic-materials,LPX,-0.2265504360578056,-0.9513452057724864,-0.6619733109760554,-1.02178003596399,-1.1479821291441412,92.77632,0.6793081835144138,-0.8675076504222483
basic-materials,DD,-0.8963606659520522,0.7454873954787061,-0.3528782037472737,0.118606747307464,-0.4886072883233742,58.772926,0.2204163270465392,-0.3893290540656328
basic-materials,PKG,-0.7004713238661567,-0.3335111789455977,0.0644440321023662,0.2383371288682008,-0.050389226411436,31.233646,-0.1512392590102117,-0.05832761932704021
basic-materials,GPK,1.1952888178544454,-1.07312663329104,-0.5709120353133114,-1.3684750278900912,-0.6810955958921696,17.777777,-0.3328325642490512,-0.5329085746627487
basic-materials,CF,-0.3103357246037491,0.8034170570326356,1.5746239518131746,0.1880573541191675,0.0683801548544163,9.327834,-0.4468685346088841,0.7303953963152763
basic-materials,SW,0.013454143449303,-0.0455197312700762,-0.5971841217107079,0.3831738696450617,-0.6073766695892266,51.538464,0.1227838466616019,-0.5292722405174061
basic-materials,AMCR,-0.2377685072527838,0.0248069023693892,-0.3892001025621661,0.2538566359061451,0.4083063150290975,19.61111,-0.3080908698201416,0.0020356586388135156
basic-materials,SMG,-0.3788778014772143,-0.972438607239332,0.0290439182558892,-1.325886214475771,-0.6073766695892266,23.088804,-0.2611577473239817,-0.3403517799825046
basic-materials,VVV,1.1582635281251017,-1.241289926254143,0.3610052126708661,-1.1853610241622967,0.3345873887261545,39.58025,-0.0385978972460834,0.31162897559713854
basic-materials,EXP,-0.1167553046385908,-0.7138214414030747,0.5583941202488292,-0.8561410217281943,-0.545944231003441,15.3201885,-0.3659988813878373,-0.05295533814619002
basic-materials,PPG,-0.4363769156302908,-0.4985044377224243,-0.0495736594363038,0.3950059279549247,-0.3575514193403648,16.399122,-0.3514381643952813,-0.2359662097957181
basic-materials,AU,0.4672879193865966,1.4495362386276591,2.544357676876784,1.1147137446167323,0.453356769992007,15.178378,-0.3679126810400614,1.4079850970346701
basic-materials,EMN,-0.5532536579063217,0.1131818327061154,-0.3485905637619164,-0.568427036315216,-0.2469730298859504,19.013124,-0.3161609732245782,-0.2923641056429155
basic-materials,VMC,-0.7027962486776684,-0.6525681731531099,0.2094545039916236,0.6896674000222002,-0.55003972690916,32.362545,-0.1360042340043336,-0.23595241605861006
basic-materials,AVY,-0.3988269790620975,0.0371575904881746,0.1980030913397296,-0.1612709624597229,-0.2060180708287599,19.453632,-0.3102161097821539,-0.03195685361892357
basic-materials,MLM,-0.5906166548852285,-0.8813195260758802,0.107309615486224,0.736102662480408,0.207627015648864,34.488033,-0.1073197699117141,0.0548724421097099
basic-materials,CTVA,-0.9868425672319788,-0.3908188642950005,0.0968155947171808,1.1094170009299535,-0.7015730754207649,51.29091,0.1194429885509072,-0.355808750975033
basic-materials,NEU,-0.2979187271867926,0.4589365266757639,0.6062640547743225,-0.571197331295672,-0.3657424111518028,19.686405,-0.3070747282451933,0.1000969261158394
basic-materials,ATR,-0.7892303286991519,-0.5023492800486334,-0.0797056459488678,-0.5593212728199601,-0.3944108824918362,23.974499,-0.2492048751249796,-0.29144677609379016
basic-materials,ECL,-0.6072015899275707,-0.1094214469063678,0.2506608843510154,1.4072538199660165,-0.2551640216973885,38.47826,-0.0534697725920867,-0.04876562730904127
basic-materials,AXTA,-0.1862132975590275,0.1388593299944116,-0.0407704470702082,-0.6214230271225722,-0.5254667514748458,22.343557,-0.2712152074515535,-0.2594379786411606
basic-materials,SOLS,0.8142645247976219,0.2680625813161258,0.110120743025503,-0.3976039966348327,-0.1978270790173218,48.022724,0.0753372754323191,0.02569011280853747
basic-materials,CRH,-0.3633794723603745,-0.7267040701411766,0.0537710040061018,1.2013852593305625,-0.4230793538318695,16.958633,-0.3438872992815165,-0.22619815336368332
basic-materials,NEM,-0.0375557645951266,1.0499714143977217,1.9656078335575435,1.857140798213067,-0.0340072427885598,16.120203,-0.3552023079897166,0.8881950645868028
basic-materials,ASH,-0.2925652349761132,0.3940705838199498,-0.4032490785744841,-1.3574668198633275,-0.3534559234346457,47.616886,0.0698603000090656,-0.3334070737031757
basic-materials,ESI,-0.0121652058138616,0.14360944922766,-0.2873065315561321,-0.5293195062172014,1.657432566273407,48.027027,0.0753953464489471,0.6246437626172289
basic-materials,BALL,-0.4899795547345398,-0.0699374809691329,-0.2596926126543525,0.0429482604272747,0.1543855688745164,18.305233,-0.3257142964948052,-0.07835951876590318
basic-materials,NUE,-0.8211444910249717,0.9256880304136836,-0.0272569783383787,1.11208240696582,0.289536933763245,20.003206,-0.3027993491750664,0.11651419524142653
basic-materials,RS,-0.9934825269574246,0.0487950878020848,-0.2573266820079589,0.1848981513918307,0.4328792904634118,22.524927,-0.2687675336691194,0.020988615040718094
basic-materials,SON,-0.3989443988919721,-0.6408757327984468,-0.2223974182874509,-0.9337093534277074,-0.705668571326484,8.726266,-0.4549869787945341,-0.4749191328288606
basic-materials,JHX,0.0581753962634617,0.7062527429593093,-0.0831166982077137,0.0727927771515816,1.964594759202336,135.04546,1.249750184859941,0.8864413636232068
basic-materials,CCK,-0.3125193314867038,0.001774525650923,0.0674924655300803,-0.1975752007637545,0.0233296998915068,17.040997,-0.3427757582139948,0.018416855866428678
communication-services,MTCH,-0.3698207177045576,0.0502375426330214,0.8047124422234202,-0.5234192732715058,-0.2051752247151172,14.728262,-0.2939119884461754,0.07655168558531904
communication-services,DIS,-0.6990459442805941,-0.0244888619363207,0.0992701694746256,1.1231629523083972,-0.1835106852367802,22.267082,-0.2586463854795344,-0.015015597210334058
communication-services,GOOGL,-0.6190920822576428,0.5944871588074178,0.9069362797701952,2.8428230980014013,-0.1363903118713972,17.027096,-0.2831583470102192,0.4987482074756013
communication-services,NXST,0.5077703056315443,-0.293549662255771,0.2427074795502107,-0.8138389825749558,-0.0334837493492964,34.494316,-0.2014490018539518,0.0495176802493773
communication-services,FWONA,-0.6449536024140293,-0.3777298958598813,-0.030027449187677,-0.0310330641734176,-0.1523679097366707,113.65432,0.1688510281111779,-0.17943720269134936
communication-services,SPOT,0.0153810315343838,-0.020288364982882,0.4400987012488329,0.8420791214448845,-0.1642834064497561,29.289871,-0.2257947072868604,0.1874021483575953
communication-services,META,-0.2533483064893727,-0.8287841690332579,1.0661948528096743,2.2637997238096337,-0.1260996556191871,21.786829,-0.260892945501068,0.5195321835101014
communication-services,VZ,-0.5987217760609115,0.4554350657012657,0.4079286794894146,1.1854458334412492,-0.2038211909977211,13.026042,-0.3018747484910997,0.11369874714471258
communication-services,FWONK,-0.630246927503204,-0.4080859390550206,-0.030027449187677,0.0144828027792436,-0.1523679097366707,123.39506,0.2144169216384513,-0.17239523608928978
communication-services,TMUS,-0.1682608018371783,-0.7796300104107247,0.4647640085664594,1.1460734799929102,-0.1805318110585089,18.973711,-0.2740523394760285,0.18142015369027106
communication-services,TIGO,0.1216343650860606,0.1889744054354089,0.5671161949328984,-0.2434509873922947,-0.0410663381667143,23.323383,-0.2537051490951578,0.1702972131427996
communication-services,IRDM,0.8276554760231551,0.3808173010214746,0.6152968465140113,-0.879994827067924,-0.1916348875411566,53.386364,-0.1130744997442415,0.17238876209743367
communication-services,T,-0.4559270698654187,0.3478763089049396,0.3543364469074955,1.0978632953406091,-0.1956969886933448,8.572847,-0.3227062057752677,0.10904265068492253
communication-services,VSNT,0.0015822286674235,0.0790921376753454,0.3433796305939615,-0.8029420741298461,-0.2119453933020975,7.531135,-0.3275791967470093,-0.05434349101832873
communication-services,OMC,-0.494978856988963,0.1891683992219464,0.0212466940183422,-0.0090913848796796,-0.0302340684275458,236.56757,0.7438229565879814,-0.07988182847832187
communication-services,NFLX,-0.0323718977418146,0.150225068472045,0.8995352034862774,1.4538192950960964,-0.1656374401671521,25.73016,-0.2424465645804402,0.4083844476354219
communication-services,RDDT,0.7333557614555252,-0.4836894070623874,0.7827536519869415,0.0845173291933444,-0.0364626235275677,35.616867,-0.1961978567310007,0.36676737016995586
communication-services,CHTR,0.9825815442104152,-0.2654606120933903,0.5187976335353606,-0.0954271348991805,-0.2065292584325133,3.965661,-0.3442580125924442,0.2378136596354196
communication-services,FOXA,-0.225562010862224,0.3781848536901825,0.3504566342355494,0.0821441399349053,-0.1258288488757079,17.539062,-0.2807634377686643,0.0525203128742317
communication-services,TKO,-0.6095106571049753,-0.2769252231951277,0.2461040224838756,0.19247617921104,-0.1526387164801499,64.98576,-0.0588140592523815,-0.053054297696676474
communication-services,NYT,-0.4068716373487606,-0.4791277324677676,0.3421771788438831,-0.4488609610640542,-0.1713243817802156,28.383966,-0.2300324110727971,-0.07396317265219751
communication-services,CMCSA,-0.3515657679844112,-0.1141868583225852,0.195127680315516,0.7490184203808588,-0.2051752247151172,8.67101,-0.3222470122431215,0.01907504832068314
communication-services,FOX,-0.2769587775584816,0.3494018710732403,0.3504566342355494,0.0202058898632286,-0.1258288488757079,15.682292,-0.2894491622746705,0.03662350243934286
communication-services,PINS,0.5054824745954593,-0.5895057968206389,-0.212076636257655,-0.3796477791675294,-0.1526387164801499,67.84375,-0.0454447599956502,-0.10313245705005
communication-services,NWSA,-0.5874675557083185,-0.0214333642033932,-0.0185903036939303,-0.2170822855392206,-0.1726784154976117,29.815535,-0.2233357206128376,-0.1887998598218101
communication-services,EA,-1.577306964466901,0.2029436839894215,0.2496869873530652,0.4283416637949276,-0.1507430692757955,59.743587,-0.0833362512798401,-0.16787321434391103
communication-services,SIRI,-0.5879643933961102,-0.2959194026500405,0.2229066144437616,-0.5226673918944755,-0.1992174763585745,11.45122,-0.3092415575401461,-0.158185823066105
communication-services,GOOG,-0.6336040579555288,0.507568959973273,0.9069362797701952,2.8363588584109998,-0.1363903118713972,16.837852,-0.2840436054150915,0.49403356475545623
communication-services,TTD,0.8708773940482396,-1.356998731252385,0.2248343173063072,-0.7369948743525627,-0.1938013414889903,16.333334,-0.286403673897629,0.03037139497480453
communication-services,NWS,-0.6078002716019029,-0.1253553294235833,-0.0185903036939303,-0.1541142299626345,-0.1726784154976117,33.40777,-0.2065317203484896,-0.18668819595815012
utilities,IDA,-0.6940593630094863,-0.0440647465654942,-0.0698057097980786,-1.4096019182869377,-0.1824528300896178,22.580431,0.4191401599510119,-0.5286896651260939
utilities,CMS,-0.3501480263439249,-0.7256916409409707,-0.2989572864443912,-0.1953785907583709,-0.4429018206503477,20.5,0.0436029123018713,-0.4120174495446006
utilities,AES,0.636647417238844,1.1793396168584425,-0.3164394775276657,-1.0574563540559487,0.6875576277409056,5.520599,-2.6603190264563867,0.06488834781983478
utilities,PCG,0.8320036442922043,-0.6089988918288877,-0.048484213242178,0.1875145281544599,-0.4096530133447226,11.954955,-1.4988576068588455,-0.17657161301809984
utilities,ETR,-0.3487820331500399,0.524785944970171,0.003207799762949,0.8319718609813395,-0.0882478760570134,27.05089,1.2260998084989947,0.392566095551963
utilities,UGI,-0.0518954126614736,1.044614206781277,-0.5500794625349297,-1.3534535272571435,-0.6645605360211816,12.606558,-1.3812371728334332,-0.3747178571742042
utilities,MDU,-0.625307659168801,0.788958557892183,-0.67017958638659,-2.178231756865267,-0.0328331972143048,20.968422,0.1281574630744304,-0.6324036067491453
utilities,ED,-0.7601389462924034,0.4005686881110341,-0.2454878377840617,0.5568911503862312,0.3162792794947586,17.660065,-0.4690319087532186,0.28594983340745206
utilities,AEE,-0.5614335083443509,0.1268138773748611,0.2654377491529336,0.1926193922201961,-0.7587654900537861,18.69665,-0.2819186241240311,-0.0007205941357729096
utilities,PNW,-0.3307386718887766,-0.3080942638738677,-0.2337293085056797,-0.9136758608899634,-0.0217502614457632,18.740883,-0.2739341540429451,-0.43739118623593404
utilities,WTRG,-0.4573411523443287,0.7486053972642148,0.5652141336955959,-0.9298943628992766,-0.2434089768165971,21.11282,0.1542226522040099,-0.03499149258317145
utilities,VST,2.2828117230535647,-1.003228626584169,1.0401390264430137,0.7428177265452502,-0.7199752148638902,23.087395,0.5106519020934809,0.07788383590103988
utilities,NFG,-0.2930181956715372,0.2535256934211012,2.038419309738174,-1.40671755332133,-0.3542383345020141,11.568245,-1.5686623776195192,-0.05725006619703406
utilities,CEG,1.3127239048123542,0.0235689765659428,-0.37629995379711,1.65315640677848,0.8593431321533018,27.017698,1.2201083421518917,0.6510205227130098
utilities,AEP,-0.4224088162290604,-0.1692177009617989,0.0055352500549274,1.1916751374383374,-0.027291729330034,21.18166,0.1666489158619574,0.32494119446019737
utilities,PPL,-0.4970051916592968,-0.1742845571260351,0.0410430823412699,0.0302002033889342,-0.1824528300896178,20.195267,-0.0114042434691515,-0.07447361139703382
utilities,EVRG,-0.7008151429264341,0.4120981134182146,0.1742400792027744,-0.3576141105248106,-0.1713698943210761,20.51139,0.0456589137990242,-0.012175678600536357
utilities,WEC,-0.5664351950700818,-0.0098340791734073,0.0068555059767302,0.3929725657460257,-0.2711163162379514,20.615534,0.064457879551396,0.06433921987287614
utilities,NEE,-0.2517769340904591,0.3733558292233643,0.3811010761358513,2.344684517989436,0.2719475364205918,18.379463,-0.3391738433406685,0.980052998542302
utilities,D,-0.477840287481321,-0.3860204200368247,0.2799927090762093,1.023553354322362,0.5601038664026758,22.68385,0.4378082564245917,0.3695662712208482
utilities,PEG,-0.3930856338709656,-0.9275572499069216,-0.1025412033452694,0.4598855637873484,-0.908385122929099,18.19603,-0.3722852149497366,-0.3043764857622233
utilities,AWK,-0.2791972047222983,0.4530639528425468,0.938255234903127,0.1120794770029264,-0.0716234724042008,23.998262,0.6750719122521593,0.32658469658036926
utilities,ES,-0.0574196608671808,-0.3939660976324612,-0.0193049469248164,0.0645944067736102,-0.2877407198907639,18.409449,-0.3337610899698496,-0.14662071390463713
utilities,CNP,-0.2685525718823,-0.0223475467883258,0.046545256736573,0.0490680520400033,0.1777425823879873,23.431952,0.5728476622211872,0.04555870682168925
utilities,XEL,-0.3845980351788843,0.2606097531277165,-0.1087164879446736,0.7734015433156125,-0.6978093433268067,20.96676,0.1278574565346352,0.16611730373919617
utilities,NI,-0.3117494783529927,-0.9720639225102032,-0.0400389871938774,-0.2976271134484927,-0.1602869585525344,21.650793,0.2513318087824071,-0.41108011793425847
utilities,DTE,-0.2448573273641263,-0.2774345560899431,-0.6656796962925959,0.1450035926845269,-0.4983164994930562,21.494453,0.2231109769944426,-0.2562408766472789
utilities,SRE,-0.4243428057965741,0.0446518033776323,-0.0905603414527507,0.922238498095495,-0.4207359491132643,24.461077,0.7586143470989466,0.2071320774615412
utilities,ATO,-0.8316860118362248,-0.1510100149232542,0.887192155314736,0.1385599213589316,-0.1492040227839927,19.872011,-0.0697549739312869,0.1309264139107752
utilities,EXC,-0.3010158157554775,-0.1381671371033766,-0.3669259903030581,0.7143935127719315,0.1334108393138206,16.132841,-0.7447101203851886,0.13879753543438011
utilities,NRG,2.69533469503058,-0.7042828318099076,-0.3683415023557269,-0.0964212058484406,0.1943669860407999,28.902887,1.5604025832771369,-0.20851710033236215
utilities,DUK,-0.5672165445386751,0.047596561780028,0.3196190765629901,1.603892994179433,-0.3542383345020141,18.113295,-0.3872196560267305,0.5171223844258902
utilities,SO,-0.3048081016415448,-0.3186120282056795,0.4408549977659247,1.7007446683938527,-0.4096530133447226,21.256039,0.1800750208098723,0.4650187998999072
utilities,FE,-0.2884441301946647,0.0758062006611003,-0.0579656699424715,0.0699517186291145,0.0724546925868412,24.524065,0.7699842700403584,0.03974826735251837
utilities,LNT,-0.5016988081926425,-0.2513824736520767,-0.1747677771728537,-0.4283781337812956,-0.359779802386285,21.51266,0.2263975107309366,-0.31856106622502844
utilities,OGE,-0.743116984201115,-0.1425808171282853,0.1790990025215797,-1.1907094146347426,-0.6368531965998274,20.101322,-0.0283621943602885,-0.5209808552866607
utilities,EIX,1.181260998933109,-0.3403448162073876,0.7129033691575755,-0.2283398097365776,-0.6423946644840983,7.245638,-2.3489333577428244,-0.12284800102559618
energy,OVV,-0.1556996874427722,0.075839064616046,0.0080439708154714,-0.6574336125536557,-0.0141924472827699,18.33799,-0.1666397796112775,-0.1725850098724082
energy,DTM,-0.8289365900775255,-1.4077489912157464,0.1160389588788334,-0.9362147285330094,-0.6637698421480165,28.420824,0.593516676114566,-0.6798978180772353
energy,AM,-0.693380673115469,-0.8142199037937452,0.5816841900073687,-1.143538599786922,-0.7575590916740145,27.012049,0.4873075080458292,-0.45784157643310586
energy,TPL,1.3952169554517866,-1.1920411954829409,2.516500173568154,-0.337207372426023,0.0379126913427846,46.50186,1.956666782682956,0.4616010239907375
energy,KMI,-1.1355709602592456,-0.7949028486695268,-0.3825614539789733,0.5931258859063545,-0.670717193964757,20.405064,-0.0108006925487471,-0.2681169618743086
energy,PR,-0.1780764393147148,0.4837082789537177,0.5020246017718561,-0.5922924230509902,0.868121233443287,14.647799,-0.4448475247265306,0.21200567803785936
energy,EOG,-0.5188934457954333,-0.5872668653480414,0.5182374124539454,0.6453719773809233,0.9931735661446176,11.159354,-0.7078454067897025,0.31558907025238253
energy,APA,0.970330965015438,0.5143156990083321,0.9636567511820197,-0.824182149566339,-0.7262960084986818,8.970895,-0.8728358486576658,0.1314308126959508
energy,VLO,-0.4404246116640781,1.8185436320285595,-0.2328882584568677,0.9245278187048188,0.7500162525586966,14.685761,-0.4419855258706271,0.7060499233622377
energy,MPC,0.1283029109951267,1.454530175841552,-0.0612899783058252,0.937590696412748,0.8194897707261027,12.789311,-0.584961073267448,0.7048864327059714
energy,PSX,-0.3372044861109241,1.3397199286290744,-0.6899612078604466,0.884205668122206,0.7986477152758809,13.931073,-0.4988823224715457,0.4463563194042681
energy,EQT,0.0692553530327395,-0.6220083683848509,0.0086619678793737,-0.0897693053022644,-1.1813475524951913,12.5707655,-0.6014374699526291,-0.3221724566725396
energy,BKR,0.1798398440475223,0.0165003951127952,-0.7316943509742448,0.4754948302585906,-1.129242413869637,20.110758,-0.0329887604926257,-0.23114055413917606
energy,MTDR,0.9197239986491442,-0.3930478858106838,0.2131318311661334,-1.501678502366253,-0.1149290486255086,9.668333,-0.8202551954238111,-0.4357533877358929
energy,RRC,0.0200008810352481,-0.2922653845718905,0.3187599687963509,-1.232042956367336,-0.7471380639489037,11.414365,-0.6886198341053656,-0.41472821931293025
energy,EXE,0.1193131433779387,-0.5627031788762984,0.012562584180634,-0.4533904236355293,-1.4140838383560017,8.462069,-0.911196826210322,-0.4381020265644003
energy,LNG,0.5151761071561134,-0.1958846212892265,0.9481919228589694,0.4335809812068088,-0.257349760868691,21.369232,0.0618890422623462,0.3577465198245723
energy,COP,-0.1724312458338842,0.2060341812072667,-0.1138861178852994,1.3174393527344914,0.1872807554027075,17.525133,-0.2279220040465843,0.40487881640093015
energy,SLB,0.1518472656807276,0.530408891547016,-0.6860398105466461,0.7906078160266733,-0.8721903966502346,27.953485,0.5582834512233837,0.02774986633199777
energy,XOM,-0.6113005619610884,0.1030790177319212,-0.7088774119402288,2.613867880718532,0.4860168835225536,20.714285,0.0125118344050836,0.584148704706484
energy,WFRD,0.943651541698614,-0.105511561816183,-0.4244208471033543,-1.5235192857588613,-1.3307156165551144,18.48204,-0.1557796843793905,-0.7297738209952618
energy,CVX,-0.6752764320107277,0.3473780652219886,-0.561001186364944,2.165666998292737,0.8125424189093621,19.410545,-0.0857786241691636,0.6022568493924687
energy,OXY,0.345469586119576,1.2410199458793574,-0.0245030228024316,0.4322847721802831,0.8090687430009919,17.752213,-0.2108021815873209,0.5283435549395351
energy,DVN,0.0045163175290381,-0.2041997132896127,-0.0849251473647616,0.3232082695916378,1.1842257411049844,10.299362,-0.7726811931045997,0.16940392599629958
energy,TRGP,1.1261137306974838,-0.0907897078408436,0.9328269882524356,0.4738093903837523,-0.899979803917197,27.546904,0.5276308418552766,0.32716246298308677
energy,HAL,0.5103218848093033,-0.1892596809399415,-0.5949601057953027,-0.1796917563952396,-0.9173481834590486,18.897434,-0.1244626528017824,-0.38423442114549194
energy,WMB,-0.4738254681097376,-0.5863346374508537,0.1252076602737094,0.8167639905506521,-0.774927471215866,29.9004,0.7050636130310145,0.013626263887159791
energy,CHRD,0.3542226993933454,-0.0216280095502783,-0.2533758784202155,-1.3978828867156876,1.8754872468706745,9.85992,-0.8058112310698261,-0.22553546529171087
energy,OKE,-0.5384517009862689,-0.5550880455952175,-0.6497759633637871,0.4377670209532505,0.78822668755077,16.356049,-0.3160605918568958,-0.12928501436273737
energy,FANG,-0.3025809090410324,-0.2872085751769508,-0.1841795020570622,0.3693683491003081,0.7778056598256591,37.613506,1.286563548425938,0.06833774291636231
energy,AR,0.4618831529030682,-0.1069238348574836,-0.2588391476054879,-1.0472564518864946,-0.6081910276140916,11.025787,-0.7179151765907262,-0.4662502215967111
energy,FTI,-0.4293964508403802,0.4487749766619477,0.0166660500716757,-0.1812697928526926,-0.7332433603154225,26.491526,0.4480646802055827,-0.04823262467688056
energy,DINO,-0.0598738432640808,1.0315904767564903,-0.4834936787339747,-0.6621639344225956,0.8021213911842512,9.505145,-0.8325581264942808,0.009564888320522052
