Ticker,MaxDrawdown,DebtToEquity,ReturnSD,PriceChange12M,RSI,EarningsGrowth,ROE,ROA,OperatingMargin,EBITDAMargin,LogMarketCap,RevenueGrowth,PE,Sector,MaxDrawdown_ZScore,DebtToEquity_ZScore,ReturnSD_ZScore,PriceChange12M_ZScore,RSI_ZScore,EarningsGrowth_ZScore,ROE_ZScore,ROA_ZScore,OperatingMargin_ZScore,EBITDAMargin_ZScore,LogMarketCap_ZScore,RevenueGrowth_ZScore,PE_ZScore,Risk_Score,Momentum_Score,Quality_Score,Size_Score,Growth_Score
ALLE,0.29840559257011456,105.863,0.016246660988927273,-0.05418217,64.62972931757862,-0.07,0.34179002,0.11034001,0.18876,0.24299,23.21424815774247,0.097,19.192623,industrials,0.15785809174253418,-0.07654618215510053,-0.8198594931196715,-0.5837067992042091,0.7032919170335397,-0.2744065844674203,-0.06506721921468862,0.9397861092816596,0.5270659854852221,0.5035183645293921,-0.5008385546511251,-0.07853000358756837,-0.5105356024176726,-0.24618252784407932,-0.051607155546029904,0.4763258100203963,-0.5008385546511251,-0.07853000358756837
FBIN,0.4793413479134889,125.712,0.029440934650428054,-0.045505643,78.67879408147165,-0.524,0.11653,0.0596,0.06546,0.18267,22.602610051201665,-0.021,24.400002,industrials,1.6156719371665489,-0.05522421987285744,0.8844222824203594,-0.5657934091540199,2.1222726381514225,-0.4816109395757994,-0.10007320173736137,-0.28096532532778296,-0.7308937573965445,-0.07232653672324002,-1.0509095402181983,-0.0907084923002796,-0.3973225138511001,0.8149566665713502,0.3582894298072011,-0.2960647052962322,-1.0509095402181983,-0.0907084923002796
OSK,0.3306170967304039,25.677,0.024595755764728215,0.3002708,73.36985265818397,-0.605,0.13284001,0.05444,0.036199998,0.104540005,22.98186543014315,0.002,17.110367,industrials,0.4173887558596783,-0.16268265591014838,0.258578807745124,0.14808995611713058,1.5860600392494402,-0.5185791174695852,-0.09753858452031319,-0.40510951455014854,-1.029416908999464,-0.8181945615183931,-0.7098297777818506,-0.08833471907661554,-0.5558057148766039,0.1710949692315513,0.4051902926323285,-0.5875648923970798,-0.7098297777818506,-0.08833471907661554
GWW,0.1334919241173005,64.034,0.01587363485302046,0.2862506,61.79540545718632,0.182,0.46129,0.19511,0.16723,0.16785999,24.88571643714373,0.101,36.62897,industrials,-1.1708645187438709,-0.12147924479321562,-0.8680426414714533,0.11914412200842997,0.4170201272103837,-0.1593944754645314,-0.04649661706638134,2.9792631788432953,0.30740764595363684,-0.2137103024062722,1.0023807411417396,-0.07811717346171376,-0.13145378463784693,-0.7201288016695132,0.12558992458476076,0.7566159763310696,1.0023807411417396,-0.07811717346171376
CNH,0.3318840366343616,333.719,0.02308223638754318,-0.1474551,56.287693657674915,-0.944,0.0484,0.00945,0.026919998,0.0598,23.356926118951595,-0.001,35.09375,industrials,0.42759659194936994,0.16821864417281432,0.06308009689227119,-0.7762762888414787,-0.13926863594387762,-0.6732977879139476,-0.11066077777180235,-1.4875217380218984,-1.1240954687232498,-1.2453050350142034,-0.3725224705129514,-0.0886443416710065,-0.16483084396638317,0.21963177767148515,-0.5296142375664347,-0.9918957548827885,-0.3725224705129514,-0.0886443416710065
SITE,0.3749463956169841,68.728,0.026342257140308665,-0.09115386,47.7322783644937,,0.09993,0.04493,-0.02755,0.08003,22.346469430144527,0.001,33.849113,industrials,0.7745534608244586,-0.1164369106225849,0.4841714050885074,-0.6600378362406498,-1.0033809143199954,0.0,-0.1026528841411735,-0.6339101423611364,-1.6798218651453938,-1.0521793328865383,-1.2812672016554723,-0.0884379266080792,-0.19189036832868384,0.38076265176346036,-0.5544729168535484,-0.8671410561335604,-1.2812672016554723,-0.0884379266080792
ALSN,0.20383521081675196,228.639,0.01833209503417226,0.19296789,47.16088385017724,-0.404,0.30437002,0.08254,0.19488001,0.30219,22.95866382364915,0.836,17.533438,industrials,-0.6041030343237245,0.055340826820902196,-0.5504875421821703,-0.07344555922793121,-1.0610927843692655,-0.42684326862204286,-0.07088238280207716,0.27094701978095104,0.589504965258408,1.0686711853874131,-0.7306959246330879,-0.0022596378359277655,-0.5466077719972882,-0.36641658322833087,-0.5204605374064132,0.4645601969061738,-0.7306959246330879,-0.0022596378359277655
FTAI,0.3114757951789368,809.979,0.040206231495852146,1.3152995,57.70541296944892,0.483,2.3329,0.11344,0.22479999,0.35992,24.04656553672141,0.655,53.7833,industrials,0.2631657590384658,0.679821130773706,2.2749572745411744,2.2436986040515445,0.00392355550605193,-0.022018900822191878,0.244356357861258,1.0143686180311635,0.8947614968709595,1.6197906507275068,0.24769826158630992,-0.020940201030849207,0.24149673069629932,1.0726480547844488,0.7418677529118014,0.943319280872722,0.24769826158630992,-0.020940201030849207
OTIS,0.30002188073758035,,0.014876258739896956,-0.27392215,51.33423142459036,0.426,,0.13346,0.15395,0.17021,24.036508469656226,0.064,19.042553,industrials,0.17088065471940414,-3.053083865544597e-17,-0.9968720091626185,-1.037377717459954,-0.6395771995143974,-0.04803354452522627,1.7253149403208393e-17,1.4960288250528224,0.17191936221097795,-0.1912759311132897,0.23865353279439888,-0.08193585212586896,-0.51379825877535,-0.2753304514810715,-0.5749961538331926,0.3691680640376277,0.23865353279439888,-0.08193585212586896
WAB,0.13289931110015474,62.03,0.015685891605516956,0.2816471,52.66611601207513,0.128,0.11305001,0.06041,0.18983,0.219,24.546348611490814,0.13,38.18697,industrials,-1.1756392491985235,-0.12363195840163999,-0.8922931158370523,0.10963982482868899,-0.5050544690581933,-0.18403992739372185,-0.10061400107280968,-0.26147757469403954,0.5379825866602705,0.27449782107696097,0.697173475063394,-0.07512415504926778,-0.09758146768401663,-0.7305214411457386,-0.1931515238744087,0.11259720799259557,0.697173475063394,-0.07512415504926778
FIX,0.15776169501207782,45.489,0.035220446721534064,2.7355556,49.6867459427093,0.388,0.53294,0.17266001,0.07885,0.1713,24.967937491306444,0.01,57.14965,industrials,-0.9753210344362472,-0.14140043933824045,1.6309519775744323,5.175931914736853,-0.8059761859521983,-0.06537664032724919,-0.03536202404028864,2.43913996050992,-0.5942832062433665,-0.18087024572924834,1.0763254738423162,-0.08750905882490631,0.3146841980759699,0.17141016793331487,1.4348596961524684,0.40715612112425414,1.0763254738423162,-0.08750905882490631
KBR,0.4107334614772632,176.904,0.020211049494147763,-0.29989618,61.33429795057616,-0.087,0.29149,0.049829997,0.06708,0.085030004,22.199870904942955,-0.047,10.18584,industrials,1.0628927114010382,-0.00023334410316686065,-0.30778620633298864,-1.0910031980889334,0.370447442605487,-0.2821653378525358,-0.07288397081139934,-0.5160213526795425,-0.714365819168901,-1.0044467929388798,-1.413109208191617,-0.09339188811833461,-0.7063511406143163,0.2516243869882943,-0.3342403644453274,-0.5769294838996806,-1.413109208191617,-0.09339188811833461
SNA,0.08467873497373368,21.731,0.013512580131582344,0.2532562,68.31858866902135,0.04,0.18202,0.099180005,0.24566,0.26888,23.760384304997913,0.052,20.785124,industrials,-1.5641562859666986,-0.166921482206976,-1.1730160440272124,0.05102452108147362,1.0758733230261603,-0.2242028860931434,-0.0898958884466592,0.6712880913664374,1.1075843096536933,0.750677258651253,-0.009676140860997773,-0.08317434250343282,-0.4759132027891157,-0.968031270733629,0.3008983193381635,0.6099134428061811,-0.009676140860997773,-0.08317434250343282
AMTM,0.4646948892609509,83.5,0.0277132318158183,-0.15355647,39.91267180079095,12.366,0.028870001,0.02864,0.04112,0.07028,22.342657704781566,-0.004,34.449997,industrials,1.497664248915106,-0.10056870432336101,0.6612578604813244,-0.7888730594906708,-1.7931751922379204,5.401349715373557,-0.1136957895047402,-1.0258304606619766,-0.9792209280513882,-1.14525771132177,-1.2846952410544128,-0.08895396426539746,-0.1788266113964082,0.6861178016910232,0.9397671545483218,-0.8160012223849687,-1.2846952410544128,-0.08895396426539746
FCN,0.2493183189175862,60.6,0.018083424373726762,-0.09119135,53.50982568388066,0.092,0.13994001,0.07191,0.08534,0.11494,22.225511270480037,0.095,17.739286,industrials,-0.23764199628024874,-0.12516807639567534,-0.5826079063326708,-0.6601152373705006,-0.41983828003544443,-0.20047022867984887,-0.09643522638374294,0.015200366402317974,-0.5280694290227448,-0.718911005586648,-1.3900497863039751,-0.07873641865049569,-0.542132451907229,-0.3151393263361983,-0.4268079153619313,-0.3320538236477044,-1.3900497863039751,-0.07873641865049569
WM,0.1669803189896762,228.408,0.012138051072575559,-0.023732543,52.910448703730744,0.133,0.29936,0.065960005,0.1752,0.3015,25.217540252961026,0.035,32.30145,industrials,-0.901045844080441,0.055092684683404156,-1.3505616130607558,-0.520841087458741,-0.4803764292865207,-0.181757941103982,-0.07166095270790529,-0.1279502741310404,0.38872102106124173,1.0620841001443042,1.3008033728406505,-0.08492887053831494,-0.22553794963402138,-0.7321715908192642,-0.3943251526164146,0.3127984735916501,1.3008033728406505,-0.08492887053831494
CPRT,0.43766260366174287,1.059,0.016092687881182486,-0.43392426,38.263850529194045,0.023,0.17607,0.11336,0.37530997,0.42279,24.024851513347972,0.021,17.509317,industrials,1.2798629627890203,-0.18912751799208,-0.8397479362568175,-1.3677149831981086,-1.9597090958311418,-0.2319616394782589,-0.09082053364561596,1.012443901919189,2.430329183342491,2.219979127878584,0.22816995864062606,-0.0863737759788061,-0.5471321841649668,0.08366250284670762,-1.1864619061691697,1.392982919873662,0.22816995864062606,-0.0863737759788061
KEX,0.3383266098097987,34.684,0.022098102374850114,0.19400525,39.07969128954397,0.128,0.10689,0.052729998,0.13315,0.22805001,22.70710299234744,0.074,20.91846,industrials,0.47950491906517695,-0.15300726096450057,-0.06403881132136191,-0.07130384580936362,-1.8773077168145138,-0.18403992739372185,-0.10157128236222576,-0.44625036956150976,-0.04029120268716286,0.36089374473056396,-0.9569347951750294,-0.08090377681123243,-0.47301435859569085,0.0874862822597715,-0.7108838300058663,-0.056804777470083626,-0.9569347951750294,-0.08090377681123243
LUV,0.334913174616605,93.033,0.02859582851573276,0.5444478,73.03058114896875,,0.10062,0.01936,0.04552,0.076620005,23.9474374027527,0.128,34.28,industrials,0.45200259883194444,-0.09032827576592117,0.7752613675637212,0.652213073844424,1.5517930087465808,0.0,-0.1025456563786054,-1.2490975296510372,-0.9343302316306275,-1.0847328513554868,0.1585483054823985,-0.07533057011219509,-0.1825224986012865,0.37897856354324816,0.7346686941970016,-0.8426765672539392,0.1585483054823985,-0.07533057011219509
AAL,0.3739237292817777,,0.03123795973111695,0.5555556,75.00000206960615,,,0.01846,-0.00065,0.07308,23.204100034881087,0.108,58.29032,industrials,0.7663137564062598,-3.053083865544597e-17,1.1165409403911144,0.675146023168444,1.7507080514996705,0.0,1.7253149403208393e-17,-1.2707505859107522,-1.4053764711184715,-1.118527510335242,-0.5099651736179978,-0.07739472074146818,0.33948338663805316,0.6276182322657914,0.8086180248893715,-0.9486636418411164,-0.5099651736179978,-0.07739472074146818
GTES,0.24991082039928797,63.472,0.024219707219533284,0.2040205,61.43497615386646,-0.04,0.07683,0.04527,0.12866001,0.21014,22.683977030410976,0.004,29.442104,industrials,-0.23286816447558498,-0.12208294990695538,0.2100052599518789,-0.05062655411187256,0.38061612158210356,-0.26071466672898114,-0.10624268314888798,-0.6257300988852441,-0.08610001587403797,0.1899158279553044,-0.9777329118040319,-0.08812830401368824,-0.28770269545729926,-0.04831528481022048,0.02309163358041662,-0.1570392424882164,-0.9777329118040319,-0.08812830401368824
PCAR,0.1529222485245572,76.163,0.0172379564843107,0.21792257,58.5964870012622,0.197,0.13108,0.04141,0.10373,0.11579,24.869847065827148,-0.089,25.55745,industrials,-1.0143128416680869,-0.10845017126198854,-0.6918155484282335,-0.0219246089193971,0.0939236297801382,-0.1525485165953118,-0.0978120945701646,-0.7185976512880213,-0.34044672284597516,-0.7107964802871662,0.9881087711204269,-0.09772660443980809,-0.37215855652531266,-0.6048595204527696,-0.026849831911523566,-0.46691323724783185,0.9881087711204269,-0.09772660443980809
WSO,0.33418119300933435,15.124,0.020124473216234194,-0.09875107,53.64779748416,-0.031,0.18595,0.095,0.06846,0.10163,23.566102868414625,0.001,34.130222,industrials,0.44610496450505416,-0.17401877702277427,-0.3189691161639949,-0.6757228892605042,-0.4059028809220833,-0.2566070914074494,-0.08928515640768439,0.5707215542210043,-0.7002864643823897,-0.8459749252761795,-0.1844013258288946,-0.0884379266080792,-0.18577880661714705,-0.01562764289390502,-0.4460776205300123,-0.2662062479613123,-0.1844013258288946,-0.0884379266080792
CNM,0.33875785763240696,115.941,0.02544191243278018,-0.216838,52.72459416522668,0.094,0.23888001,0.07221,0.09267,0.12019,22.957390762255923,-0.001,20.444916,industrials,0.48297951724735616,-0.06572031002650736,0.3678754181997391,-0.9195228839956537,-0.4991480707802178,-0.1995574341639529,-0.08105969764680489,0.022418051822222826,-0.45328560975815957,-0.6687918787369079,-0.7318408404383189,-0.0886443416710065,-0.4833096297507516,0.2617115418068627,-0.5394094629799415,-0.29517978357991237,-0.7318408404383189,-0.0886443416710065
SARO,0.2650965900498364,91.396,0.02154075434170755,-0.06466359,62.02270749509532,0.263,0.114829995,0.05352,0.08796,0.12100001,23.02025892699541,0.133,33.988636,industrials,-0.11051520439880853,-0.09208675489615605,-0.1360305040728604,-0.6053465364792563,0.4399780404298184,-0.12242629757074566,-0.10033738685693322,-0.42724374983785723,-0.5013390597903828,-0.661059117986516,-0.6753009470451069,-0.07481453245487682,-0.1888570132077922,-0.11287748778927499,-0.09593159787339452,-0.4224948286179223,-0.6753009470451069,-0.07481453245487682
AME,0.13567132965186465,22.489,0.014310794159053931,0.29859066,58.14290722916778,0.145,0.14626999,0.0801,0.26299,0.31856,24.738808441801424,0.113,36.491703,industrials,-1.1533048741227632,-0.16610723224929852,-1.0699121025067588,0.14462117152636925,0.048111259853197336,-0.17628117400860635,-0.0954515313221476,0.21224317836572393,1.2843924389654615,1.2249473961550785,0.8702604155415973,-0.0768786830841499,-0.13443809229593517,-0.7964414029596067,0.005483752456986744,0.6565328705410292,0.8702604155415973,-0.0768786830841499
GE,0.2085149392334953,116.527,0.019881047770737018,0.5007229,79.05218567643135,-0.018,0.45428002,0.048520003,0.20207001,0.22845,26.69065333774022,0.247,46.483833,industrials,-0.5663980883565456,-0.0650908239114691,-0.35041196486540355,0.5619394898855984,2.159985858467481,-0.2506739270541258,-0.047585985865000305,-0.5475384346594193,0.6628604441823326,0.3647122494064929,2.6256337876411404,-0.06304887386802022,0.08279977317510231,-0.3273002923778061,0.8237504737663178,0.10811206826610147,2.6256337876411404,-0.06304887386802022
PH,0.1934068871327293,65.554,0.01594840031814364,0.3704214,65.74781362962469,-0.042,0.24841999,0.095410004,0.21528,0.26107,25.538110220994568,0.106,36.10631,industrials,-0.6881248719217187,-0.11984644804431091,-0.8583853141400511,0.2929215298625704,0.8162204364788499,-0.26162746124487707,-0.07957716038543623,0.5805858205306802,0.7976344557303513,0.6761190908995446,1.5891049622506153,-0.07760113580439548,-0.14281688167192205,-0.5554522113686936,0.2825048350321811,0.49369055169378495,1.5891049622506153,-0.07760113580439548
WCC,0.20542366826525602,127.711,0.02553762115705705,0.81513584,47.12637962787959,0.481,0.13395001,0.05135,0.051149998,0.06226,23.546080035659067,0.138,24.568277,industrials,-0.591304705674412,-0.05307687730637027,0.3802379505171644,1.2110703726739216,-1.0645777726628187,-0.022931695338087824,-0.09736608768487756,-0.47945167437516983,-0.8768905654789255,-1.221820644147468,-0.2024086723789408,-0.07429849479755854,-0.39366406447022356,-0.08804787748787259,0.04118696822433835,-0.6688822429216102,-0.2024086723789408,-0.07429849479755854
CR,0.2338812835167164,57.874,0.019431461424076833,0.16172743,77.63619485313109,-0.378,0.16613,0.09043,0.24841999,0.22448999,23.279044906319225,0.249,40.780624,industrials,-0.36201942459440734,-0.12809636845982944,-0.4084842647738338,-0.13794400950963176,2.016968247451348,-0.4149769399153956,-0.09236523503681429,0.4607721463244518,1.1357429172024058,0.326908012546257,-0.44256420750042347,-0.0628424588050929,-0.041193104168888356,-0.2995333526093569,0.4880157660087736,0.457764460259075,-0.44256420750042347,-0.0628424588050929
LHX,0.23909401425545562,34.574,0.016019699156270724,0.14751363,45.94760851682104,-0.061,,,0.097270004,0.16693,24.71475503100677,1.9,31.551575,industrials,-0.3200200363088808,-0.15312542388711864,-0.8491757650921391,-0.16728954643879462,-1.1836357675765874,-0.27029900914588856,1.7253149403208393e-17,-3.3388502240332485e-16,-0.4063543863267315,-0.22258845226893684,0.8486282064941674,0.10755317564140053,-0.24184090449650764,-0.44077374176271283,-0.5404081077204236,-0.15723570964891717,0.8486282064941674,0.10755317564140053
SWK,0.2613577083930514,77.606,0.02442327658641782,0.3300668,71.99052812249978,-0.348,0.04165,0.03329,0.06437,0.10973,23.40644109075629,0.027,38.573772,industrials,-0.14063967280649867,-0.1069000885589165,0.23629996710592746,0.20960620218372336,1.4467457889990634,-0.40128502217695644,-0.11170974501431631,-0.9139563366534494,-0.7420144071916875,-0.7686482724222948,-0.32799164574963735,-0.08575453079002418,-0.0891720453846743,-0.0037465980864959023,0.41835565633527677,-0.634082190320437,-0.32799164574963735,-0.08575453079002418
PSN,0.47306530681333375,61.213,0.02818542500421668,-0.29476434,52.75116265834318,-0.179,0.1103,0.04398,0.063379996,0.08312,22.446854313995026,-0.041,25.066986,industrials,1.565105372294431,-0.12450958665417627,0.7222502474946132,-1.0804081003504993,-0.4964646053570696,-0.3241538855837492,-0.10104135965156316,-0.6567661461908355,-0.7521148546960827,-1.0226806467978342,-1.1909869993509157,-0.09277264292955269,-0.38282168365139957,0.7209486777116226,-0.6336755304304393,-0.6331507518340789,-1.1909869993509157,-0.09277264292955269
CXT,0.4698028321404648,120.992,0.024867780484126627,-0.11235547,70.50267610961362,-0.71,0.1101,0.06068,0.12045,0.23878,21.802990080280725,0.174,22.941704,industrials,1.5388193530417544,-0.06029448346156152,0.2937157757708706,-0.703810270720712,1.2964700690388349,-0.5665008295541222,-0.10107244016245245,-0.2549816578161251,-0.16986207644708518,0.46332759804607665,-1.7700402496686092,-0.07058302366486699,-0.4290272199288516,0.5907468817836878,0.0087196562546669,-0.015647144094896523,-1.7700402496686092,-0.07058302366486699
LSTR,0.17396059949659157,15.551,0.021869612730728478,0.43811095,66.34262679389694,0.369,0.14412,0.07393,0.045050003,0.05046,22.67155782374421,0.016,57.129837,industrials,-0.844805166008752,-0.17356009004133854,-0.09355242808924687,0.4326720673151458,0.8762976321466112,-0.07404818822826066,-0.09578564526018206,0.06379944822967801,-0.939125343595552,-1.3344693483049788,-0.9889020086573749,-0.08688981363612439,0.3142534456909852,-0.37063922804644583,0.4116405037444988,-0.5763952222327587,-0.9889020086573749,-0.08688981363612439
TDY,0.18387182843282915,23.133,0.016169786833877497,0.2534355,58.76715775360637,0.216,0.09049,0.04893,0.19031,0.24709,24.153921761584837,0.076,33.784195,industrials,-0.764949602131983,-0.16541544204778888,-0.8297891963244532,0.05139470039815169,0.11116168165797415,-0.14387696869430036,-0.10411988425514859,-0.5376743367624033,0.5428797535425354,0.5426590159739509,0.34424807394409457,-0.08069736174830512,-0.19330174385628907,-0.586718080168075,0.006226471120608488,0.1109361371247336,0.34424807394409457,-0.08069736174830512
GNRC,0.3277298939414523,52.086,0.03477873114396024,0.93581617,55.274308442268506,0.699,0.07388,0.03788,0.11071999,0.121929996,23.570343688404616,0.124,91.78996,industrials,0.3941263321762401,-0.13431388660631655,1.5738963314551764,1.4602246509554901,-0.2416223589776891,0.07656290689457002,-0.10670112068450519,-0.8035257497289033,-0.26913183214730424,-0.6521810063098528,-0.18058738420792456,-0.07574340023804971,1.0677955971125153,0.6112362590083666,0.43172173295745697,-0.4578849272176414,-0.18058738420792456,-0.07574340023804971
AIT,0.12855730157998727,19.639,0.016404287201900958,0.38002813,62.41981548508083,0.031,0.21899,0.10786,0.110190004,0.12257,23.2488238887846,0.073,31.961246,industrials,-1.2106231670175882,-0.16916872615349482,-0.7994991846244568,0.3127553990589498,0.480086659150085,-0.22831046141467512,-0.08415065600877158,0.880119669220931,-0.274538977745771,-0.6460712078983593,-0.4697431957327437,-0.08100698434269608,-0.2329342896320708,-0.72643035926518,0.1881771989314532,-0.03116029310799273,-0.4697431957327437,-0.08100698434269608
PAYX,0.41012592470428,123.378,0.0160604749701205,-0.32295483,57.391686399059154,0.426,,,0.38325,0.40523997,24.277646203856133,0.125,20.108385,industrials,1.0579977390525472,-0.05773142224913611,-0.8439088229163255,-1.1386096414827929,-0.027763390391559225,-0.04803354452522627,1.7253149403208393e-17,-3.3388502240332485e-16,2.511336791592884,2.052437760300157,0.45551848886937496,-0.07564019270658605,-0.49062611543546886,0.05211916462902855,-0.4048021921331928,1.14094363797326,0.45551848886937496,-0.07564019270658605
WWD,0.15172433278383884,46.155,0.022844372534575892,0.73243296,68.11979707283693,0.23,0.21131,0.08006,0.15406999,0.18082,23.95600241950764,0.234,51.01199,industrials,-1.0239645445565317,-0.14068501655220722,0.03235562959137298,1.0403236040977404,1.0557950155198195,-0.13748740708302876,-0.08534414762692082,0.21128082030973663,0.17314355190723396,-0.08998756237505309,0.16625117284367827,-0.06439057177704773,0.18124596644898255,-0.37743131050578865,0.6528770708448436,0.052273165553749175,0.16625117284367827,-0.06439057177704773
CSX,0.11889151784844143,143.06,0.014188078585409597,0.43441892,57.057335213542444,0.265,0.23684,0.07084,0.36157,0.46816003,25.204202274093294,0.017,29.159508,industrials,-1.2885011592584277,-0.03658885276759505,-1.0857630633934674,0.4250495734916378,-0.061533459382233556,-0.12151350305484972,-0.08137672041190133,-0.010542711595343148,2.2901480874105915,2.6531041352588716,1.2888079868390485,-0.08678660610466073,-0.293846585882129,-0.8036176918064967,0.08066753701818485,1.2128331976655546,1.2888079868390485,-0.08678660610466073
LDOS,0.4947102479077846,137.125,0.01928502264768748,-0.37591648,31.816814637780695,-0.076,0.30579,0.09232,0.12227,0.13873,23.284526054507065,0.037,9.42086,industrials,1.7395003930629624,-0.04296427954703547,-0.4273995112084277,-1.247953241076455,-2.61087127580643,-0.2771449680151081,-0.0706617142828142,0.5062435644698532,-0.15129365201849784,-0.4917997622046833,-0.4376347883660005,-0.08472245547538763,-0.7229824917204403,0.42304553410249973,-1.3786564949659976,-0.051877891009035546,-0.4376347883660005,-0.08472245547538763
TTEK,0.38295882666936154,59.543,0.02252331066580519,-0.19999999,60.30417484360473,16.994,0.25645,0.088319995,0.12525,0.15002,22.73785795689743,-0.049,17.2994,industrials,0.8391102583545763,-0.12630351466119655,-0.00911538319831428,-0.8847594537891914,0.2664031625244927,7.513556225156771,-0.07832927631920518,0.41000763857636313,-0.12089040762443734,-0.3840197732268615,-0.9292756067101855,-0.09359830318126192,-0.5516959679634246,0.23456378683168852,2.298399977964024,-0.043307954648535214,-0.9292756067101855,-0.09359830318126192
AWI,0.24905611331914332,63.904,0.016389302001813492,-0.03701693,53.887161331927594,-0.019,0.3634,0.10366999,0.17126,0.26657,22.64700906983885,0.071,22.786932,industrials,-0.2397546077485145,-0.12161889188358248,-0.8014347973051614,-0.5482677762604542,-0.38172670328869823,-0.2511303243120737,-0.061708973121150555,0.7793124222667442,0.34852344290265164,0.7286248428373671,-1.0109796998783067,-0.08121339940562339,-0.4323921019824962,-0.3876027656457528,-0.39370826795374203,0.44868793372140314,-1.0109796998783067,-0.08121339940562339
GD,0.14534906719298318,37.701,0.01391451033977195,0.1823833,57.50113878521537,0.12,0.17974001,0.06005,0.10541,0.12056,25.285499110885297,0.103,22.265242,industrials,-1.075330569082568,-0.1497663742596022,-1.1210994060651465,-0.09529829929216795,-0.01670850321962621,-0.18769110545730563,-0.09025020471677171,-0.2701387971979255,-0.3233066387580484,-0.6652596736065454,1.3619215333291068,-0.07791075839878644,-0.4437341103468375,-0.782065449802439,-0.0998993026563666,-0.33723882856982274,1.3619215333291068,-0.07791075839878644
PNR,0.3662405612001514,54.634,0.01745841765593374,-0.2736792,57.04176434015021,0.13,0.1761,0.08878,0.22687,0.26188,23.240049046207737,0.026,19.261307,industrials,0.7044098569538909,-0.1315768036351263,-0.6633389557297148,-1.0368761275827263,-0.06310614550233276,-0.18312713287782592,-0.09081587156898255,0.42107487651497444,0.9158806310750364,0.6838517561849329,-0.47763476797592697,-0.08585773832148784,-0.5090423506733487,-0.03016863413698338,-0.42770313532096166,0.48249784805149026,-0.47763476797592697,-0.08585773832148784
XPO,0.15628912646353166,221.07,0.027972587114136794,0.5923065,50.416534753201894,0.466,0.19937,0.059609998,0.087790005,0.15604,23.905606062230387,0.073,70.30479,industrials,-0.9871856369540444,0.04721014353638921,0.6947583410423499,0.7510212214356188,-0.7322662081010046,-0.02977765420730738,-0.08719965412701218,-0.280724783931689,-0.5030734220490298,-0.32654984110582597,0.12092768233509588,-0.08100698434269608,0.6006887370053738,-0.08173905079176842,-0.0036742136242310743,-0.2993869253033893,0.12092768233509588,-0.08100698434269608
CW,0.12967163473397533,43.634,0.020952172395237275,0.547091,57.10036101746366,0.291,0.19691,0.08578,0.17557,0.22843,24.05520377902407,0.134,55.554253,industrials,-1.201644895712307,-0.14339309589693666,-0.21205662801995678,0.6576701735089163,-0.05718777607157536,-0.10964717434820247,-0.0875819444109506,0.3488980223159246,0.39249592053298765,0.3645213193994463,0.2554669836560718,-0.07471132492341316,0.27999883681076454,-0.5190315398764002,0.16361174102971285,0.254583329459352,0.2554669836560718,-0.07471132492341316
LII,0.3377008140874608,161.043,0.022595770126859486,-0.049827933,62.257571301668136,-0.077,0.76791,0.16740999,0.14316,0.21945,23.71592549083565,0.058,25.430536,industrials,0.47446283290205243,-0.017271363336309964,0.00024408152922287383,-0.5747171255995553,0.4636997058371633,-0.27760136527305607,0.001152914178008667,2.3128299844825553,0.06183513167006753,0.2787937462355102,-0.04965975774466407,-0.0825550973146509,-0.3749177806805619,0.15247851703165513,-0.12953959501181603,0.6636529441415354,-0.04965975774466407,-0.0825550973146509
TXT,0.14688115559402662,52.674,0.016492842883831765,0.11323786,54.00873417321244,0.106,0.12254,0.04557,0.08011,0.11088,23.492777124738595,0.118,17.505726,industrials,-1.06298641035498,-0.1336822520745034,-0.7880605985599907,-0.2380546391170716,-0.36944762842543194,-0.19408066706857727,-0.09913923238513783,-0.6185124134653391,-0.5814281431774214,-0.7576697970171136,-0.2503461446032319,-0.07636264542683163,-0.5472102557247751,-0.6615764203298247,-0.26719431153702694,-0.514187396511253,-0.2503461446032319,-0.07636264542683163
ATI,0.2531407156087977,96.904,0.026829786832158965,1.3567767,72.8912957840741,0.269,0.22674999,0.082959995,0.16143999,0.18483,24.015329796556156,0.006,64.835526,industrials,-0.20684464056370716,-0.08617001509815136,0.5471447820375954,2.3293316300064806,1.5377249372527877,-0.11968791402305784,-0.08294473374029218,0.2810516590740608,0.248335468412008,-0.05170609596220417,0.21960669208814287,-0.08792188895076092,0.4817820337241327,0.08471004212524563,1.24912288441207,0.09868407444589312,0.21960669208814287,-0.08792188895076092
G,0.426890716619538,71.021,0.022443872951314992,-0.38069826,46.37688069887546,0.178,0.23117,0.09182,0.15433,0.16757,22.262587943638824,0.067,8.435583,industrials,1.1930730077485234,-0.11397375079019116,-0.019376216994056325,-1.2578256117005764,-1.1402785078098785,-0.16122006449632328,-0.08225785289561305,0.49421408877001155,0.1757962859927708,-0.2164786920434447,-1.3567052285860997,-0.08162622953147801,-0.7444032971320699,0.35324101332142527,-0.8531080613355927,0.09281845745593115,-1.3567052285860997,-0.08162622953147801
PWR,0.17105599433891225,69.121,0.024255359044872287,0.91906846,44.98725407481881,0.51,0.13534,0.04709,0.04244,0.08828,25.405853455315707,0.263,99.04264,industrials,-0.8682078019682342,-0.11601474672632205,0.21461034529032322,1.4256476523848118,-1.2806332874501793,-0.00969617485759663,-0.09715007968822245,-0.5819428073378206,-0.9657537191251598,-0.973420704979804,1.470161082418905,-0.06139755336460174,1.2254753633029558,-0.2565374011347444,0.045106063359011954,-0.6545668277827517,1.470161082418905,-0.06139755336460174
XYL,0.30040990520601984,18.354,0.015689841154372046,-0.1089313,64.18699703484933,0.145,0.08724,0.05006,0.12894,0.21032,24.058955230142704,0.027,29.405472,industrials,0.17400699888162285,-0.1705490839313518,-0.8917829593625073,-0.6967407954792754,0.6585751629742966,-0.17628117400860635,-0.10462494255709975,-0.5104877216807613,-0.08324343721702682,0.1916341980187242,0.2588408159795761,-0.08575453079002418,-0.28849910798275036,-0.2961083481374121,-0.0714822688378617,-0.1266804758590409,0.2588408159795761,-0.08575453079002418
DE,0.19898026819513417,376.022,0.019302262802107558,0.23265004,63.59123968377215,-0.085,0.18349001,0.03828,0.17479,0.18197,25.86689921198846,-0.111,35.8987,industrials,-0.643219695146799,0.2136608815865747,-0.42517262993103155,0.00848144116982169,0.5984026027469839,-0.28125254333663985,-0.08966744513759728,-0.79390216916903,0.38453802434930734,-0.07900908696987209,1.8847982527528608,-0.09999717013200848,-0.1473305092218481,-0.28491048116375195,0.10854383352672188,-0.14451016923179802,1.8847982527528608,-0.09999717013200848
DRS,0.3247897668832808,9.783,0.025631036918266206,-0.091816366,51.9026794882557,0.22,0.10859,0.055370003,0.09102,0.12503,23.155363827217005,0.059,39.8785,industrials,0.3704374934247506,-0.17975612402007693,0.39230430471455435,-0.6614056333314202,-0.5821629262617772,-0.14205137966250847,-0.1013070980196667,-0.38273461757158894,-0.4701196209159448,-0.6225868170316239,-0.5537956241669356,-0.08245188978318725,-0.0608060888028147,0.19432855803974267,-0.46187331308523527,-0.39418703838470603,-0.5537956241669356,-0.08245188978318725
TKR,0.13401222080961298,65.418,0.021064453490157033,0.9021739,70.64176721992413,0.261,0.10277,0.0539,0.14034,0.17417999,23.035696599475237,0.08,33.027275,industrials,-1.1666724466996141,-0.11999254038500239,-0.19755347091417502,1.3907674701406576,1.3105185204714704,-0.12333909208664161,-0.1022115408865454,-0.41810134830597745,0.03306427623676175,-0.15337642017953734,-0.6614172213173779,-0.0802845316224505,-0.20975786333555288,-0.4947394859995972,0.8593156328418288,-0.1601562582838246,-0.6614172213173779,-0.0802845316224505
ADP,0.3806671198583815,69.259,0.015394181168913237,-0.27459455,55.87078717970186,0.105,0.71208,0.05949,0.30184,0.29351,25.217733357235463,0.07,20.87139,industrials,0.8206457933716378,-0.1158665059688557,-0.9299728543048987,-1.038765941512014,-0.18137693743547081,-0.19453706432652523,-0.0075232104367401785,-0.2836118099817481,1.6807568834987674,0.9858075623291761,1.3009770393559004,-0.08131660693708703,-0.47403770260019457,-0.07506452230070555,-0.4715599810913367,0.5938573563523638,1.3009770393559004,-0.08131660693708703
GGG,0.22254563251191892,1.929,0.01214226857802131,-0.13573629,49.716346604068015,-0.028,0.19779,0.12011,0.25507,0.32059,23.25289516448847,0.022,24.70915,industrials,-0.45335167095073003,-0.18819295669500952,-1.35001684509142,-0.7520818600736022,-0.8029864661020697,-0.2552378996336055,-0.08744519016303767,1.1748418238670508,1.2035891854080927,1.2443267918703111,-0.4660817321728458,-0.08627056844734245,-0.39060135913887756,-0.6638538242457198,-0.6034354086030925,0.8838281527456042,-0.4660817321728458,-0.08627056844734245
DAL,0.2289658186313547,105.021,0.026141609724574636,0.9014286,72.76968432391169,,0.2499,0.04341,0.03179,0.11929,24.84285722095334,0.129,13.672994,industrials,-0.401623718134823,-0.07745066561732275,0.4582541213700027,1.3892287381567192,1.525441961813671,0.0,-0.07934716305082985,-0.670479748488655,-1.0744096093254099,-0.6773837290540063,0.963835707667918,-0.07522736258073143,-0.6305372859578225,-0.006940087460714339,0.9715568999901301,-0.6254050624797253,0.963835707667918,-0.07522736258073143
LECO,0.20094222338209955,90.311,0.017289959117996592,0.25654078,52.30847617091133,0.176,0.37765,0.1232,0.1715,0.19368,23.400618053467866,0.117,27.400415,industrials,-0.6274120653600184,-0.09325227099652551,-0.6850984571244847,0.05780580150520203,-0.541176734009193,-0.16213285901221922,-0.05949448672028774,1.2491839836920724,0.3509720263437842,0.03278043215592898,-0.3332285396350622,-0.07646585295829529,-0.33209084496252966,-0.46858759782700954,-0.2151679305054034,0.39336048886787445,-0.3332285396350622,-0.07646585295829529
TTC,0.17217153106810407,83.108,0.015879924814356867,0.32474232,63.90741061435307,0.095,0.23889999,0.087460004,0.14445,0.14462,22.950832167758776,0.081,28.074926,industrials,-0.8592198333613184,-0.10098979401123644,-0.8672301779172246,0.19861338362228378,0.6303364334048975,-0.19910103690600495,-0.08105659270376706,0.38931715690319807,0.074996267666154,-0.4355708751294511,-0.7377392507897994,-0.08018132409098684,-0.3174263710338742,-0.6091466017632597,0.20994959337372543,-0.013078510815966518,-0.7377392507897994,-0.08018132409098684
GXO,0.30599172130968294,198.468,0.024227181177948302,0.020829082,54.54873841595276,,0.04605,0.0253,0.026080001,0.06956,22.486791041598817,0.108,45.267857,industrials,0.21898013745828596,0.022930885563531206,0.2109706583849148,-0.42884001722692344,-0.31490623206574647,0.0,-0.11102597377475165,-1.1061873583369186,-1.1326654801599203,-1.1521311915754486,-1.1550702785344442,-0.07739472074146818,0.056363364651193,0.15096056046891065,-0.24791541643088996,-0.8755025009617599,-1.1550702785344442,-0.07739472074146818
RBA,0.20748698594473683,72.778,0.016847842298985796,0.07632005,65.85644555279458,0.2,0.07576,0.040510003,0.17973,0.27195,23.80033078507031,0.114,54.16279,industrials,-0.5746803901821704,-0.1120863666534638,-0.7422059309143018,-0.3142744365462473,0.8271924554186592,-0.1511793248214679,-0.10640896388214573,-0.7402506353708821,0.43493803351261573,0.7799850147329106,0.02624935074650334,-0.07677547555268625,0.24974718355946313,-0.4763242292499787,0.12057956468364799,0.09206586224812463,0.02624935074650334,-0.07677547555268625
DCI,0.2604515847397092,35.882,0.0168052475364741,0.2508844,62.479143308850404,1.083,0.27777,0.120299995,0.1633,0.17936,23.065584496177497,0.058,24.196764,industrials,-0.14794038352009733,-0.15172035931635067,-0.7477078235795993,0.046127748614674606,0.48607887568333513,0.2518194539465912,-0.07501609385840552,1.179412904338234,0.26731209210509405,-0.10392545288945715,-0.6345378221764058,-0.0825550973146509,-0.4017410902009477,-0.34912285547201577,0.2613420260815336,0.31694586242386635,-0.6345378221764058,-0.0825550973146509
LOAR,0.3471395748259825,81.386,0.02571609792377039,-0.03133732,78.18800111336907,-0.256,0.05945,0.04479,0.25553,0.35859,22.744425103372933,0.361,113.53522,industrials,0.5505116827391029,-0.10283958085440349,0.4032914893985351,-0.5365417631606326,2.072701668730907,-0.35929647444574303,-0.10894357954516837,-0.637278395557092,1.2082823036702628,1.607093805258906,-0.923369505217304,-0.051283215281163606,1.5405570470248697,0.28365453042774486,0.3922878103748438,0.5172885334567272,-0.923369505217304,-0.051283215281163606
TT,0.20157356896309084,53.597,0.0182247491856332,0.10636389,55.10478939769129,-0.021,0.36630002,0.11342,0.15521,0.19597,25.41069417520197,0.06,37.46453,industrials,-0.6223252635420489,-0.1326907577328988,-0.5643532219489021,-0.25224650480288097,-0.25874408630687074,-0.25204311882796965,-0.061258302605204575,1.01388743900317,0.18477442527692284,0.054641917962768106,1.4745145383763025,-0.08234868225172358,-0.1132879610473832,-0.4397897477412833,-0.25434456997924043,0.2980113699094141,1.4745145383763025,-0.08234868225172358
HAYW,0.24041809260920097,62.842,0.020491110297393304,0.19985878,73.68420215001477,0.791,0.105270006,0.04998,0.16846001,0.26233998,22.04652170119626,0.115,23.712328,industrials,-0.3093518311614073,-0.12275970119104089,-0.27161123109299595,-0.05921876083694503,1.6178099013290494,0.11855145462578347,-0.10182303356801378,-0.5124124377927359,0.3199567381137504,0.688242955416998,-1.5510223740634095,-0.0766722680212226,-0.4122731632021325,-0.2345742544818147,0.5590475317059627,0.09849105554249966,-1.5510223740634095,-0.0766722680212226
RBC,0.11564692476111238,29.497,0.016613500992873932,0.66421103,63.83559422796303,0.256,0.08998,0.05638,0.25521,0.30531,23.73757796698756,0.183,70.93172,industrials,-1.3146431051468943,-0.15857917987013787,-0.7724753968590661,0.8994739251805076,0.623082849663884,-0.12562107837638148,-0.10419913955791632,-0.3584351488347631,1.205017525748753,1.0984562664866873,-0.030186806714507308,-0.06965415588169409,0.6143187573313461,-0.7485658939586995,0.46564523215600334,0.4602098759606902,-0.030186806714507308,-0.06965415588169409
DOV,0.1533638944653972,43.927,0.015578022506284098,0.20326602,58.042294554196864,0.053,0.14998001,0.07056,0.16395001,0.22534999,24.13116935201327,0.101,28.0,industrials,-1.0107544650160538,-0.14307835283941756,-0.9062263830014965,-0.052184238946492066,0.037949199354283994,-0.21826972173981976,-0.09487498473709996,-0.017279217987254517,0.273943774282471,0.3351180028492621,0.3237859081254213,-0.07811717346171376,-0.31905532945498,-0.686686400285656,-0.07750158711067594,0.12422689360184466,0.3237859081254213,-0.07811717346171376
LMT,0.2687179588673314,276.365,0.016854974474098342,0.077542186,49.3037774525249,-0.115,0.6764,0.07226,0.110039994,0.10645001,25.48938873096352,0.003,24.695105,industrials,-0.08133754633165544,0.10660849631973508,-0.7412846800462272,-0.3117512381671749,-0.8446566898505025,-0.294944461075079,-0.013067973579391792,0.02362099939220719,-0.27606944442078873,-0.7999606981129384,1.5452877478666918,-0.0882315115451519,-0.3909067100320846,-0.23867124335271583,-0.4837841296975854,-0.2663692791802279,1.5452877478666918,-0.0882315115451519
TDG,0.2529888325265342,,0.01793508001565694,-0.12517762,66.50617362217238,0.115,,0.11769,0.46659002,0.51047003,25.03414245001424,0.183,41.49658,industrials,-0.2080683746995566,-3.053083865544597e-17,-0.6017692934956702,-0.7302826339406999,0.8928161549253847,-0.1899730917470455,1.7253149403208393e-17,1.1166191614798175,3.361607595574728,3.057016565166015,1.1358662815460552,-0.06965415588169409,-0.025627578779288552,-0.26994588939840897,-0.009146523587453576,1.8838108305551402,1.1358662815460552,-0.06965415588169409
BA,0.24961328061128593,828.696,0.020032348187644298,0.023356676,48.22844830078837,,1.69947,-0.02069,0.01715,-0.035350002,25.862844180341153,0.14,85.561264,industrials,-0.23526546633386458,0.6999270891613699,-0.3308687486352382,-0.4236215954770093,-0.9532668614750053,0.0,0.1459197177982029,-2.212658533208352,-1.2237731992344858,-2.15365456263154,1.8811513981326418,-0.07409207973463124,0.9323781612196687,0.044597624730755715,-0.45896281898400487,-1.3610416443190436,1.8811513981326418,-0.07409207973463124
HEI-A,0.27106799253953373,47.988,0.019973163924013385,0.008880377,66.3031462590124,0.482,0.17206,0.08234999,0.25473,0.27969,24.30732695017699,0.253,46.05536,industrials,-0.0624031371650007,-0.13871599257803463,-0.338513478803238,-0.45350908277119545,0.8723100273627985,-0.02247529808013985,-0.09144369788894648,0.2663755784254971,1.2001203588664884,0.8538749274599556,0.4822115892607428,-0.062429628679238285,0.07348438597217649,-0.17987753618209112,0.1321085488371544,0.5572317917157487,0.4822115892607428,-0.062429628679238285
RRX,0.21724392290044264,71.342,0.030435488013175454,0.49884117,62.218885497447275,0.116,0.04343,0.031519998,0.112770006,0.2002,23.48682685985763,0.043,55.264503,industrials,-0.49606796912717394,-0.11362892989782379,1.012887040270444,0.5580545064747079,0.4597923702747687,-0.18951669448909753,-0.11143312846740153,-0.9565407287487916,-0.24821668534873564,0.09502361445312991,-0.25569745942887134,-0.08410321028660571,0.27369941201142406,0.13439671374848208,0.2761100607534597,-0.3052917320279497,-0.25569745942887134,-0.08410321028660571
ETN,0.19132739804177196,110.463,0.022004078585500044,0.14989865,54.42395523306464,-0.094,0.20844999,0.07022,0.16104999,0.22239,25.832009772298548,0.168,41.65396,industrials,-0.7048794817690245,-0.07160482357288893,-0.07618370347439556,-0.16236548021535038,-0.32750955718479935,-0.28536011865817157,-0.08578860048666338,-0.02545926146314666,0.24435652032016783,0.3068604572713646,1.8534207629089825,-0.0712022688536489,-0.02220599646722585,-0.2842226696054363,-0.2584117186861071,0.10999227891043059,1.8534207629089825,-0.0712022688536489
LYFT,0.4851444942754699,42.616,0.03204680442629821,-0.058060527,58.33333171803102,4.889,1.47808,-0.01245,-0.0032300001,-0.00102,22.436552210459766,0.138,2.1359649,industrials,1.6624283513283762,-0.14448664003534786,1.2210180270883486,-0.591713980152863,0.06734447452383595,1.988867417696572,0.11151514626928925,-2.0144127736749615,-1.4316987441308877,-1.825923186443001,-1.2002520993903885,-0.07429849479755854,-0.8813626430699945,0.9129865794604589,0.4881659706891816,-1.2901298894948903,-1.2002520993903885,-0.07429849479755854
TRU,0.3465888718995354,115.665,0.02525358197235116,-0.20144606,56.88273763598049,1.72,0.15254,0.046469998,0.19652,0.30536,23.35577258800728,0.137,19.98338,industrials,0.5460746252356452,-0.06601679154144005,0.34354909454428934,-0.8877449819792008,-0.07916812764506566,0.5425445072594492,-0.09447715575174241,-0.596859405323527,0.606236850081836,1.0989335915043037,-0.3735598877317868,-0.0744017023290222,-0.4933438362190462,0.2745356427461649,-0.1414562007882724,0.2534584701277176,-0.3735598877317868,-0.0744017023290222
BAH,0.4711581759799337,373.032,0.02478269939810981,-0.4219551,38.42269096260396,0.103,0.8074,0.094849996,0.09486,0.11215,22.707901807485552,-0.065,8.792753,industrials,1.5497394667071722,0.21044899850813714,0.28272599732139736,-1.3430036866559412,-1.943665927369,-0.19544985884242116,0.007289761053101493,0.5671126152752464,-0.4309422858578265,-0.7455457415696527,-0.956216388284406,-0.09524962368468039,-0.7366381010817493,0.6809714875122355,-1.1607064909557874,-0.15052141277478281,-0.956216388284406,-0.09524962368468039
HEI,0.271059144213964,47.988,0.02108335595317537,0.089981675,70.08169624487726,0.482,0.17206,0.08234999,0.25473,0.27969,24.63018061886814,0.253,63.71914,industrials,-0.0624744288314815,-0.13871599257803463,-0.1951118720765694,-0.2860689094563857,1.2539503481834682,-0.02247529808013985,-0.09144369788894648,0.2663755784254971,1.2001203588664884,0.8538749274599556,0.7725670034047067,-0.062429628679238285,0.4575108010958793,-0.13210076449536184,0.3151353802156475,0.5572317917157487,0.7725670034047067,-0.062429628679238285
RSG,0.18935589415160903,117.578,0.011851167122186698,-0.12257326,53.19205715989582,0.075,0.18346001,0.06181,0.20204,0.31117,24.906186832773432,0.026,30.527222,industrials,-0.7207640462208238,-0.06396183089627248,-1.3876179225542677,-0.7249057225899821,-0.45193347049050175,-0.20822898206496437,-0.08967210721423068,-0.22779504273448303,0.662554269227881,1.1543987585513493,1.020790599158371,-0.08585773832148784,-0.26411125718495887,-0.7241145998904547,-0.4616893917151494,0.37487146945762917,1.020790599158371,-0.08585773832148784
EME,0.2515057475593997,13.355,0.025065600080988855,0.5340755,41.66115896950701,0.3,0.39229,0.117539994,0.08726,0.10429,24.333012479705573,0.197,27.85767,industrials,-0.22001770884263855,-0.17591905166015087,0.3192677949593693,0.6307986236136373,-1.616574854405713,-0.10553959902667072,-0.05721939332319077,1.1130101744161565,-0.5084807614936856,-0.8205812343389779,0.5053116289598842,-0.06820925044120292,-0.32214971127271985,-0.025556321847806707,-0.36377194327291545,-0.06831780368492446,0.5053116289598842,-0.06820925044120292
TREX,0.5600817622932787,43.705,0.03246423319199274,-0.13852286,68.4967771626151,0.036,0.20084,0.09634,0.24317,0.2768,22.37174987498658,0.01,27.800001,industrials,2.266203910489089,-0.14331682710142865,1.2749365872312373,-0.7578349586707892,1.0938706802441582,-0.2260284751249353,-0.0869712123719758,0.6029605490965798,1.0821802564519447,0.8262855414417177,-1.2585314710639144,-0.08750905882490631,-0.32340348704063404,1.1326078902062993,0.036669082149477915,0.6061137836545666,-1.2585314710639144,-0.08750905882490631
BR,0.4820856108284895,120.878,0.01642062642447593,-0.4465738,44.461778265410544,0.151,0.42314,0.091709994,0.18402,0.24062,23.485766533733557,0.078,14.647058,industrials,1.6377826828584616,-0.06041694321772938,-0.7973886751735066,-1.3938309791461958,-1.3337072860041956,-0.1735427904609185,-0.05242522451851583,0.4915674597623381,0.47870646252285715,0.4808931586943666,-0.25665105376816083,-0.08049094668537782,-0.6093602612201359,0.25999235482240857,-0.9670270185371033,0.3496854641152615,-0.25665105376816083,-0.08049094668537782
HXL,0.1865301928573083,78.826,0.02023361022361917,0.7303587,63.38887819551565,0.4,0.08411,0.05045,0.12582,0.17794001,22.744448304693915,0.099,66.2649,industrials,-0.7435309474452203,-0.105589554326243,-0.30487207547081,1.0360411269677199,0.5779637297430896,-0.05989987323187352,-0.10511135255251734,-0.5011047306348847,-0.11507502195174804,-0.11748138792476408,-0.9233486393272254,-0.07832358852464107,0.5128579061076783,-0.38466419241409106,0.5180349944929786,-0.20969312326597853,-0.9233486393272254,-0.07832358852464107
RHI,0.45904747715553534,20.466,0.03393574923389711,-0.24434072,62.86631026498074,-0.186,0.101739995,0.017239999,0.02839,0.02358,21.867620296988807,-0.038,23.615387,industrials,1.4521625981083546,-0.16828035581708417,1.4650097990632827,-0.9763044684707715,0.525183432167037,-0.32734866638938503,-0.10237160629463808,-1.3001025306773173,-1.109097874741452,-1.591079277775648,-1.7119156713896457,-0.09246302033516172,-0.4143807474626083,0.9162973471181844,-0.2594899008977065,-1.0256628223722637,-1.7119156713896457,-0.09246302033516172
EMR,0.2344992543845215,69.182,0.019499767381615917,0.05394435,57.64918978423907,0.279,0.12328,0.06678,0.24244,0.32076,25.107518829844576,0.029,33.13657,industrials,-0.3570403839097992,-0.11594922001468837,-0.3996613009956647,-0.3604708745618286,-0.0017550869682612868,-0.11512394144357811,-0.0990242344948474,-0.10822205427805703,1.0747324818185002,1.2459496969302075,1.2018566394701062,-0.08554811572709688,-0.20738169203807616,-0.2908836349733841,-0.159116634324556,0.5283589724939508,1.2018566394701062,-0.08554811572709688
BLDR,0.5550566557043233,132.159,0.030865819064933735,-0.28681743,65.979556492626,,0.06958,0.033970002,0.0050199996,0.081499994,22.98757332238725,-0.101,34.152676,industrials,2.2257162249776865,-0.04829879839904914,1.068472166649973,-1.064001063465378,0.8396268809918445,0.0,-0.10736935166862518,-0.8975962015837621,-1.3475286914026912,-1.0381460346476132,-0.7046964385103981,-0.09896509481737195,-0.18529063652415528,1.08196319774287,-0.07479139415784453,-0.8476600698256729,-0.7046964385103981,-0.09896509481737195
HON,0.16518712884071993,257.387,0.015424998900004856,-0.034816146,54.65176655304919,-0.419,0.24264,0.05953,0.21,0.22639,24.985064606602652,0.024,17.883385,industrials,-0.9154937204643285,0.08622216954294987,-0.9259921806573458,-0.5437240801239452,-0.30450020556295354,-0.43368922749126243,-0.08047538559611155,-0.2826494519257608,0.7437656200254387,0.34504645868069034,1.0917285840968238,-0.08606415338441514,-0.5389996104433459,-0.5850879105262415,-0.4273045043927204,0.18142181029606416,1.0917285840968238,-0.08606415338441514
EFX,0.42221255073180297,113.353,0.023145764167295076,-0.3992195,50.4849091542477,0.34,0.1437,0.0627,0.17448,0.30708,23.675418396966073,0.143,27.943663,industrials,1.1553806512024785,-0.06850036133319512,0.07128587161313307,-1.2960642060521141,-0.7253602710487862,-0.08728370870875184,-0.09585091433304961,-0.20638257598876472,0.3813752707378446,1.1153535721103138,-0.08608943210441641,-0.07378245714024027,-0.32028014634857943,0.38605538716080545,-0.7029027286032173,0.298623838131586,-0.08608943210441641,-0.07378245714024027
MTZ,0.23297757975403466,88.046,0.02591574201771461,1.5506153,50.20073428475677,5.08,0.15014,0.04936,0.03704,0.07869,24.216022800371753,0.345,72.99298,industrials,-0.36930063805550034,-0.09568535299407101,0.4290791757564542,2.7295270594199543,-0.7540624421904677,2.0760392939646346,-0.09485012188241405,-0.5273289876605395,-1.0208468465506388,-1.0649716433586625,0.4000980598180199,-0.052934535784582085,0.6591323979245762,-0.011968938431039041,1.3505013037313738,-0.6769993998630637,0.4000980598180199,-0.052934535784582085
BWXT,0.2314192825380806,157.623,0.02885789587842694,0.3482226,45.5542701744322,0.207,0.29032,0.05959,0.1038,0.1376,23.60430473532363,0.261,51.768616,industrials,-0.38185596330004545,-0.02094515602134557,0.8091121608443519,0.24709031617002505,-1.2233636451332977,-0.1479845440158321,-0.07306579180010177,-0.28120591484177987,-0.3397325526756449,-0.5025873076028178,-0.1500448356815021,-0.06160396842752905,0.19769569410463658,0.13543701384098697,-0.3747526243263682,-0.29914789173008605,-0.1500448356815021,-0.06160396842752905
HWM,0.15887734604094597,87.794,0.01960820457658422,0.52406085,53.39936819330935,0.714,0.33818,0.11918,0.28188,0.29700002,25.40143455465243,0.191,62.525574,industrials,-0.9663321449077017,-0.09595605350770522,-0.38565465387613423,0.6101225706645567,-0.4309946845547387,0.0834088657637896,-0.06562822554429164,1.1524669990653453,1.4771163606445905,1.0191250394888196,1.4661869856172525,-0.06882849562998485,0.43156160606550986,-0.4826476174305137,0.08751225062453584,0.8957700434136159,1.4661869856172525,-0.06882849562998485
ROK,0.18728310767453593,113.367,0.018816877391193698,0.4244411,59.64508406893782,0.396,0.27183,0.09337,0.20724002,0.22365,24.732225123940314,0.119,51.303627,industrials,-0.7374646525722344,-0.06848532241577099,-0.487869033776835,0.40444955904915664,0.19983381300290676,-0.06172546226366541,-0.0759391850318178,0.5315054634395205,0.7156071145010362,0.318889047715302,0.8643397704649797,-0.07625943789536797,0.18758641632026898,-0.43127300292161347,0.18085263659613268,0.3725156101560102,0.8643397704649797,-0.07625943789536797
AOS,0.3028814509746001,34.981,0.016241075492600242,-0.089728475,63.58849979535986,-0.105,0.28267,0.12775,0.17111,0.20864001,22.88020196629,-0.019,16.725334,industrials,0.19392044072288686,-0.1526882210734317,-0.8205809621327995,-0.6570950139020932,0.5981258691066742,-0.2903804884955993,-0.0742546213416176,1.358652212560631,0.3469930782519441,0.17559617289181073,-0.8012598590011833,-0.09050207723735229,-0.5641766775298029,-0.25978291416111476,-0.11644987776367277,0.4517467105906921,-0.8012598590011833,-0.09050207723735229
ESAB,0.3843482179757684,95.724,0.027663757486993273,-0.20817214,56.85577554079531,-0.289,0.11387,0.05756,0.13498001,0.1868,22.51581884723746,0.099,26.092592,industrials,0.8503046951829842,-0.08743758099532738,0.654867345994756,-0.9016315168276231,-0.08189134758259829,-0.37435758395802615,-0.1004865725321891,-0.3300455861831368,-0.021620651924218106,-0.03289949026811125,-1.128964394212092,-0.07832358852464107,-0.3605240896194675,0.4725781533941376,-0.4526268161227492,-0.1212630752269138,-1.128964394212092,-0.07832358852464107
MIDD,0.25626000545072875,79.798,0.024876208920798105,0.17429078,69.18093819193169,,0.12039,0.058569998,0.16350001,0.21149,22.774480860340173,0.15,23.595335,industrials,-0.1817122729405817,-0.10454542377365392,0.2948044625287788,-0.11200595977071617,1.1629721704184683,0.0,-0.09947334787719783,-0.3057460933873596,0.26935268033034776,0.20280360343095202,-0.8963391425238522,-0.07306000441999469,-0.41481669592188825,0.0028489219381810558,0.3503220702159174,0.016734210624185585,-0.8963391425238522,-0.07306000441999469
UBER,0.3145853980398477,48.113,0.021210312076129556,-0.18050581,46.55375775368611,-0.846,0.3531,0.06943,0.14565,0.13076,25.71294191364354,0.145,17.905706,industrials,0.28822007788110143,-0.13858171652960496,-0.17871316668398868,-0.8445121463067625,-1.1224136082594498,-0.6285708566350464,-0.06330961943194964,-0.04446583306889641,0.08723918487181602,-0.5678853700127648,1.7463382027164194,-0.07357604207731296,-0.5385143318896063,-0.009691601777497403,-0.8651655370670862,-0.14710540941044872,1.7463382027164194,-0.07357604207731296
CHRW,0.20072516493902579,96.501,0.026892292482860927,0.87925947,62.899485173500786,0.099,0.34838,0.1008,0.049060002,0.054780003,23.823367466321564,-0.008,38.20284,industrials,-0.6291609225882572,-0.0866029210782886,0.5552185300962292,1.3434587805730744,0.5285341573865391,-0.19727544787421306,-0.06404311948893719,0.7102634723391673,-0.8982136054690628,-1.293228438143406,0.0469671736299364,-0.08936679439125209,-0.09723643965445483,-0.05351510452343885,0.5582391633618001,-0.3863054226905597,0.0469671736299364,-0.08936679439125209
HUBB,0.17364876039089028,72.468,0.01896685864513221,0.27451217,57.85631518955735,0.125,0.25822002,0.10195,0.17749001,0.24461001,24.042776487913905,0.111,30.958582,industrials,-0.8473176786128709,-0.11241937125356938,-0.46849621157246557,0.09490918616752932,0.01916495019718233,-0.18540911916756578,-0.07805421068978377,0.7379312664488029,0.4120846900863568,0.5189837905651724,0.2442906161345023,-0.07708509814707722,-0.25473310401345417,-0.4760777538129686,-0.023778327600951377,0.39773638410263706,0.2442906161345023,-0.07708509814707722
ROL,0.3596122964559906,77.235,0.015603437496682271,-0.2535311,24.74048251648678,0.013,0.38671002,0.14981,0.16051,0.2237,23.723801200374417,0.102,38.29358,industrials,0.651005398024058,-0.10729861987065574,-0.9029435721342703,-0.9952787494992816,-3.32559350287949,-0.23652561205773862,-0.05808653646895123,1.8893926804376437,0.2388473096019301,0.3193663727329188,-0.0425768123530988,-0.0780139659302501,-0.09526367069399883,-0.11974559799362268,-1.519132621478837,0.5973799565758854,-0.0425768123530988,-0.0780139659302501
MMM,0.18771211987390665,396.497,0.01635526833236413,0.056043148,65.18226940242192,-0.397,0.71458,0.08118,0.23316999,0.24936001,25.15938950162523,0.013,31.13654,industrials,-0.7340080669852035,0.23565529831935356,-0.8058308682132971,-0.35613773675097904,0.7590994559134603,-0.42364848781640707,-0.007134704050623902,0.23822684587738177,0.9801558443804517,0.5643296672387468,1.2485060408780408,-0.08719943623051535,-0.2508641375304826,-0.4347278789597157,-0.006895589551308608,0.44389441336148905,1.2485060408780408,-0.08719943623051535
ECG,0.2025780923578128,52.783,0.03682533652803958,1.5489571,53.600122651174644,0.587,0.38951,0.11372,0.07492,0.08124,22.859838250753594,0.254,38.061924,industrials,-0.614231738245742,-0.13356516336027274,1.838252850600754,2.7261035717294044,-0.41071812450061684,0.02544641400439718,-0.05765141242455208,1.0211051244230749,-0.6343787600919094,-1.0406280674602173,-0.8195737752780307,-0.06232642114777463,-0.10030007984435604,0.3634853163315798,0.7802772870777281,-0.17788827888840097,-0.8195737752780307,-0.06232642114777463
MSA,0.22604502404694102,48.574,0.015313646058087717,0.004436612,52.56764872866842,0.212,0.22830999,0.113409996,0.22381,0.25912002,22.63125180780078,0.1,23.591892,industrials,-0.425156793599742,-0.13808650646299636,-0.9403754369094662,-0.4626835941553447,-0.5149998411639625,-0.14570255772609225,-0.08270230575535563,1.0136467532533675,0.8846611922005986,0.6575036061425052,-1.025150845473112,-0.07822038099317741,-0.41489154982899473,-0.5012062456574015,-0.3744619976817998,0.6182773114602789,-1.025150845473112,-0.07822038099317741
UNP,0.1228228129196179,162.246,0.013883393755107951,0.15761769,51.295719496351026,0.062,0.40686,0.09137999,0.40357,0.50955003,25.80770901934907,0.032,22.368422,industrials,-1.2568264005887997,-0.015979090646222882,-1.1251186821178056,-0.14642889933073927,-0.6434669732910215,-0.214162146418288,-0.05495517810490507,0.4836279095646368,2.71865018960876,3.0482337848418695,1.8315661090180708,-0.0852384931327059,-0.44149088463227,-0.799308057784276,-0.33468600634668294,1.5488891764775903,1.8315661090180708,-0.0852384931327059
SSD,0.2037549912175612,23.4,0.019255908567571884,0.3063811,68.84582358877307,0.151,0.18131,0.09706,0.19599001,0.23175,22.876458176143558,0.091,24.571596,industrials,-0.6047493700474333,-0.1651286284083431,-0.43116012717150276,0.16070516347183264,1.1291249948776976,-0.1735427904609185,-0.09000622426031622,0.6202829941043517,0.6008296636736453,0.39621570056918687,-0.8046268015013095,-0.07914924877635031,-0.3935919064342994,-0.4003460418757598,0.37209578929620385,0.3818305335217169,-0.8046268015013095,-0.07914924877635031
CACI,0.33061506798443885,131.219,0.020927706336812596,-0.054549992,45.049711263275604,0.176,0.13449,0.05469,0.097349994,0.120699994,23.048983085846462,0.085,19.119274,industrials,0.4173724100912529,-0.0493085542832402,-0.21521686696620093,-0.584466197400635,-1.2743249994747978,-0.16213285901221922,-0.09728217185950198,-0.3990947767002277,-0.40553829387066404,-0.663923220836221,-0.6494681446088036,-0.07976849396513223,-0.5121302754447885,0.050948996280603925,-0.6736413519625507,-0.39145961581665367,-0.6494681446088036,-0.07976849396513223
HII,0.38600477023365554,56.946,0.022197239076583577,0.12618244,33.753287370178995,0.0,0.12198,0.040999997,0.065510005,0.08826,23.12377535943254,0.134,18.186485,industrials,0.863651669155228,-0.12909323384337126,-0.051233493015399915,-0.21132950928391622,-2.415284059118119,-0.24245877641106225,-0.09922625781562788,-0.7284618935387457,-0.7303835848341537,-0.9736116349868507,-0.5822044159360207,-0.07471132492341316,-0.5324099446739582,0.2277749807654856,-0.9563574482710324,-0.6329208427938444,-0.5822044159360207,-0.07471132492341316
ROP,0.44648567410260664,55.606,0.0159421031224977,-0.41541094,57.20050004083247,0.592,0.09012,0.04319,0.27185,0.39368,24.25401164976251,0.113,21.136166,industrials,1.3509511466774549,-0.13053267308253724,-0.8591987121376768,-1.3294927403255896,-0.04707355523339471,0.02772840029413704,-0.1041773832002938,-0.6757727177965852,1.3747859776672655,1.9420805026222157,0.43426297466140007,-0.0768786830841499,-0.4682812349533606,0.12040658715241355,-0.4496126317549491,0.6342290948231506,0.43426297466140007,-0.0768786830841499
AAON,0.3075287278537857,47.455,0.03935349141967192,0.6781471,45.84765277456324,0.371,0.13498999,0.068730004,0.11552,0.15526,23.06423663611088,0.543,89.33803,industrials,0.23136392205767628,-0.13928854564853874,2.1648102965118228,0.9282460661162459,-1.1937314766940639,-0.07313539371236472,-0.09720447213630427,-0.06130700281286929,-0.22016006130034643,-0.33399611138064456,-0.6357500074659117,-0.0324994445547785,1.0144884404317676,0.7522952243069868,-0.11287360143006088,-0.17816691190754114,-0.6357500074659117,-0.0324994445547785
EXLS,0.4448602433647527,66.857,0.022419199366703346,-0.42668164,44.91206672840786,0.075,0.28094,0.121709995,0.16041,0.17295,22.09722607656048,0.138,16.471338,industrials,1.3378549212800792,-0.1184467545154801,-0.022563261743141157,-1.3527620098430666,-1.2882273441950345,-0.20822898206496437,-0.07452346776081006,1.2133360258117871,0.2378270665014581,-0.16511852014790163,-1.505421870381744,-0.07429849479755854,-0.569698778310936,0.39894830167381934,-0.9497394453676886,0.30288027610113344,-1.505421870381744,-0.07429849479755854
MSM,0.11864419973178439,40.335,0.016674523362111397,0.29174054,65.7691446352589,0.086,0.15002,0.08239,0.07327,0.10963,22.61660239207963,0.029,31.975805,industrials,-1.2904938210957886,-0.14693690936709233,-0.7645932417317898,0.1304785460898781,0.8183749062792022,-0.2032086122275367,-0.09486877018894763,0.2673381770709986,-0.6512127712496947,-0.7696029224575279,-1.0383256598895783,-0.08554811572709688,-0.2326177639179945,-0.7340079907315569,0.24854828004718119,-0.3120865717062929,-1.0383256598895783,-0.08554811572709688
UAL,0.2749936189101488,195.081,0.031516748452532724,0.6888195,72.59112505057031,0.845,0.25726998,0.041360002,0.043470003,0.13041,24.510592317449422,0.106,12.163685,industrials,-0.030774051668971274,0.01929254175528105,1.1525516029955585,0.9502800970103629,1.5074071551766188,0.1431969065549739,-0.07820184933261014,-0.7198005507401027,-0.955245184583007,-0.5712266451360808,0.6650163879014906,-0.07760113580439548,-0.6633510169137075,0.3803566976939561,0.8669613862473184,-0.5811185574479502,0.6650163879014906,-0.07760113580439548
CSL,0.31670803143585163,174.728,0.02378029524799102,-0.030011773,57.49149708951212,-0.032,0.38228,0.108780004,0.17403,0.23983999,23.409663721098788,-0.04,21.188667,industrials,0.3053223048432708,-0.002570821554230426,0.15324716668610577,-0.5338050644284258,-0.017682331766345646,-0.25706348866539735,-0.058774972893200376,0.9022540007444452,0.3767841767857213,0.47344679295454456,-0.3250934034235625,-0.09266943539808903,-0.4671398161392444,0.15199954999171536,-0.2695169616200563,0.42342749939787766,-0.3250934034235625,-0.09266943539808903
IEX,0.15165056893110576,46.915,0.0163172848147263,0.2540096,63.888161213338925,0.278,0.12748,0.06757,0.1989,0.26957,23.54450879030762,0.089,33.572483,industrials,-1.0245588658149365,-0.13986861817775487,-0.810737134260358,0.05257997616895422,0.6283922094020062,-0.11558033870152608,-0.09837154376617205,-0.08921548267230728,0.6305186358730654,0.7572643438943614,-0.20382175712594217,-0.07935566383927761,-0.19790455256420258,-0.6583882060843498,0.18846394895647814,0.30004898833223687,-0.20382175712594217,-0.07935566383927761
RTX,0.19315613304530746,57.229,0.015461936696442042,0.2991886,61.89658185182414,0.325,0.11571,0.040510003,0.13182001,0.16889,26.266512650957743,0.087,35.596622,industrials,-0.6901452176502149,-0.1287892328697265,-0.9212209886302931,0.14585566690068322,0.4272391244060017,-0.09412966757797142,-0.10020063183200752,-0.7402506353708821,-0.053860333899128185,-0.20387731157836705,2.2441868452375178,-0.07956207890220492,-0.15389795579487697,-0.5800518130500781,0.1596550412429045,-0.2745472281700962,2.2441868452375178,-0.07956207890220492
AYI,0.31520127216612537,28.206,0.023681586128969846,0.19925618,70.02402541207228,0.462,0.17378001,0.07834,0.16052,0.16192,23.145900204270372,0.016,24.994028,industrials,0.2931822249516024,-0.15996598289831945,0.14049707850821186,-0.060462877157247394,1.2481254907074455,-0.03160324323909927,-0.09117640394127292,0.16989942390228144,0.23894933391197712,-0.2704164190341172,-0.56230664456547,-0.08688981363612439,-0.384407855987932,0.09123777352049826,0.38535312343703293,0.011813983709717119,-0.56230664456547,-0.08688981363612439
EXPD,0.15880989252651895,24.708,0.01917985032939507,0.37285984,58.89289004871464,0.163,0.36641,0.14173001,0.10594,0.1017,23.782739738202725,0.044,26.329563,industrials,-0.9668756232659046,-0.16372356383757514,-0.4409844397884722,0.2979558859861649,0.12386086881234405,-0.16806602336554283,-0.061241211432266546,1.6949965937177167,-0.31789935032554767,-0.8453066702515162,0.010429007991315012,-0.08400000275514205,-0.3553721276035072,-0.5238612089639839,0.08458357714432203,0.11763734042709661,0.010429007991315012,-0.08400000275514205
JCI,0.12711262972644138,70.317,0.018461416907842153,0.3420273,51.84193176131478,0.389,0.13449,0.05446,0.14017999,0.17681,25.21351879053842,0.082,44.681957,industrials,-1.222263003633611,-0.11472999349494703,-0.5337832568134808,0.23429961945716551,-0.588298555560208,-0.06492024306930122,-0.09728217185950198,-0.4046283355221549,0.031431785251696896,-0.12826902878790228,1.297186708387327,-0.0800781165595232,0.04362537331406254,-0.6235920846473463,-0.13963972639078126,-0.14968693772946556,1.297186708387327,-0.0800781165595232
MLI,0.2232982429829867,0.679,0.019148343483061395,0.4978677,40.31311018217326,0.554,0.28297,0.17039,0.23040001,0.23927,24.025927211225923,0.193,32.18063,industrials,-0.4472878282190846,-0.18953571717930615,-0.4450541252739188,0.5560446991160544,-1.7527301980175585,0.010385304492114148,-0.07420800057528365,2.3845259002431254,0.951895314546002,0.46800538321871926,0.22913737742236856,-0.06862208056705754,-0.22816468476519072,-0.36062589022410313,-0.39543339813646333,0.9325546493581408,0.22913737742236856,-0.06862208056705754
UPS,0.20277091747325357,181.508,0.018988205589121517,0.03388536,60.68214991512518,-0.272,0.33353,0.07194,0.0633,0.13399,25.238245124006987,-0.016,17.394823,industrials,-0.612678130875537,0.004712311312594512,-0.465738863306255,-0.40188427786050374,0.30457932218809547,-0.3665988305729106,-0.06635084742246791,0.015922134944308525,-0.7529310083667362,-0.5370501738747342,1.3194241041203014,-0.09019245464296133,-0.5496213863840373,-0.35790156095639913,-0.1546345954151063,-0.3351024736799074,1.3194241041203014,-0.09019245464296133
CARR,0.3737936406053676,91.102,0.02272043738505951,-0.011709273,60.78529126699551,-0.407,0.09907,0.031489998,0.06572,0.14362,24.832877798895257,0.024,48.899998,industrials,0.7652656215406906,-0.09240257216206262,0.016347138173924924,-0.49601807645575113,0.3149967835859654,-0.42821246039588673,-0.1027865303379975,-0.9572624972907822,-0.7282411253353178,-0.44511737548178254,0.9548608081837673,-0.08606415338441514,0.13532936668777973,0.2297367291841843,-0.20307791775522413,-0.55835188211147,0.9548608081837673,-0.08606415338441514
ITW,0.17435070576861103,283.22,0.013004858970706745,0.048120975,65.77462889862147,0.118,0.96848,0.17045,0.25672,0.29147,25.07759001174061,0.046,25.136616,industrials,-0.841662048588663,0.11397219481561784,-1.2385975185164937,-0.3724937021037149,0.8189288267081996,-0.1886038999732016,0.03232200452334591,2.385969437327106,1.2204231965658778,0.9663327016104201,1.174940438050914,-0.08379358769221475,-0.3813078650188609,-0.655429124096513,0.08594374154376101,1.1512618350066874,1.174940438050914,-0.08379358769221475
R,0.17516218986742574,305.003,0.02107325291374706,0.56824386,65.01021140649917,0.025,0.16925,0.039049998,0.07102,0.21982999,23.046195477822128,-0.002,21.926018,industrials,-0.8351238563317017,0.13737167611916462,-0.19641686441013528,0.7013419596806236,0.7417212899478479,-0.23104884496236294,-0.09188037906694117,-0.7753768247091767,-0.6741682410103108,0.2824213209043926,-0.6519751536995103,-0.08874754920247016,-0.4511091442661868,-0.29805634820755744,0.4040048015553696,-0.314751030970509,-0.6519751536995103,-0.08874754920247016
WMS,0.259762996104361,98.076,0.02568637840196169,0.29142284,61.50915064668183,-0.58,0.25098,0.10543,0.15496,0.29105,23.210042694139137,0.099,28.800003,industrials,-0.15348839720322593,-0.08491104286807484,0.39945266956685876,0.12982262880650602,0.38810787829848065,-0.5071691860208859,-0.07917932829202762,0.8216564173197006,0.18222381752574326,0.9623231714624405,-0.5046206988378824,-0.07832358852464107,-0.30166254692608707,0.053684409831852666,0.0035871070280335906,0.4717560195039642,-0.5046206988378824,-0.07832358852464107
FAST,0.2190211368102078,11.167,0.01579894452987217,0.105926275,65.45689949499157,0.138,0.33842,0.21195999,0.2033,0.22368,24.733143466406112,0.124,42.504425,industrials,-0.48174881457964436,-0.17826941961186368,-0.877690262842401,-0.25314999627899964,0.7868375874791069,-0.17947595481424214,-0.06559092893122447,3.3846562693384437,0.6754093322938262,0.319175442725872,0.8651656731349535,-0.07574340023804971,-0.00371612481245095,-0.512569499011303,0.11807054546195506,1.0784125288567294,0.8651656731349535,-0.07574340023804971
NDSN,0.1414765012970471,61.637,0.013369390433438122,0.37046444,61.8333893175778,0.061,0.1714,0.079239994,0.23516001,0.31382,23.545212881922975,0.085,32.19744,industrials,-1.1065321420922734,-0.12405412229790284,-1.1915116125786165,0.2930103894152186,0.4208565651879252,-0.21461854367623598,-0.09154626357488117,0.19155233580828768,1.0004588861284613,1.1796969844850274,-0.2031885389457051,-0.07976849396513223,-0.22779922029279415,-0.8073659589895975,0.16641613697563593,0.5700404857117238,-0.2031885389457051,-0.07976849396513223
URI,0.3004272770529356,167.473,0.026607963697930805,0.4502157,66.28854406493124,0.066,0.28237,0.088649996,0.23087,0.27785,24.985546396862805,0.072,28.988997,industrials,0.17414696524098783,-0.010364203405088078,0.5184922669574118,0.45766330035228464,0.8708351795892709,-0.21233655738649612,-0.07430124210795155,0.41794711659720996,0.9566903550939095,0.8363093668116657,1.092161877641495,-0.08111019187415974,-0.2975536479078764,0.22742500959777048,0.3720539741850198,0.5341613990987084,1.092161877641495,-0.08111019187415974
CAT,0.1388000068173899,230.793,0.023244797971160355,1.6429703,62.23278255212814,0.302,0.51331,0.085200004,0.18180001,0.20573999,26.91865931142568,0.222,52.901146,industrials,-1.1280968720829845,0.05765467168744215,0.0840778987773477,2.920201408509771,0.46119599770505526,-0.10462680451077477,-0.03841257618407369,0.3349439267399139,0.45605716771669275,0.14791113094004274,2.830688818253389,-0.06562906215461158,0.22231791176812907,-0.32878810053939816,1.0922568672346837,0.2251249123031439,2.830688818253389,-0.06562906215461158
IR,0.3056480893501855,48.353,0.02133311305745654,-0.050644755,65.91033188490252,0.065,0.057150003,0.0512,0.17069,0.25983,24.191676495395768,0.076,55.398647,industrials,0.21621146728950225,-0.13832390651662002,-0.16285117383290168,-0.5764035205231895,0.832635071541366,-0.2127929546444441,-0.1093010049541877,-0.48306051708512227,0.34270805722996234,0.6642814304626534,0.37820243913997226,-0.08069736174830512,0.2766158228493282,-0.02832120435333982,0.01447953212457744,0.10365699141332646,0.37820243913997226,-0.08069736174830512
SAIA,0.24918315780152678,9.971,0.030426421201543787,0.4886527,42.333853054854224,0.0,0.10231,0.06068,0.08286,0.18079,23.13950687597754,0.024,44.286015,industrials,-0.238731000197581,-0.1795541728432387,1.011715895710119,0.5370195881110987,-1.5486315461243707,-0.24245877641106225,-0.10228302606159079,-0.2549816578161251,-0.5533714579144461,-0.09027395738562305,-0.5680564243085644,-0.08606415338441514,0.0350172392194968,0.19781024088976648,-0.41802357814144475,-0.25022752479444627,-0.5680564243085644,-0.08606415338441514
ACM,0.49147085341778185,135.206,0.02042227618640673,-0.3877676,47.357378159374996,0.285,0.28608,0.056789998,0.06701,0.07988,22.91725189593845,0.008,14.572026,industrials,1.7134003326887473,-0.04502568544252767,-0.2805024155491909,-1.272420834514659,-1.0412465069659769,-0.1123855578958903,-0.07372469863095499,-0.3485710268787957,-0.7150799893392312,-1.053611307939388,-0.767939352808108,-0.08771547388783361,-0.6109915241762847,0.4626240772323429,-0.8086842997921754,-0.5477467556970925,-0.767939352808108,-0.08771547388783361
FDX,0.11669692966111112,135.694,0.01858469463502094,0.7233021,53.330160442662596,-0.046,0.14846,0.050300002,0.11129,0.12539,25.036945791306845,0.125,16.7181,industrials,-1.3061831317266255,-0.04450147174945826,-0.5178596835156305,1.0214722069115538,-0.43798479141025476,-0.263453050276669,-0.09511119817388419,-0.5047135252269344,-0.26331634445030483,-0.6191500769047845,1.138387440203787,-0.07564019270658605,-0.5643339511760443,-0.6228480956639048,0.10667812174154334,-0.37057278618897693,1.138387440203787,-0.07564019270658605
NSC,0.12472066692967426,111.586,0.012674733967925554,0.20683742,49.384385649617144,-0.266,0.17615,0.05888,0.32255,0.45851,24.981075070964355,0.002,26.525295,industrials,-1.241535239108842,-0.07039848755379684,-1.2812392008344644,-0.044810795490919854,-0.8365151174711128,-0.36386044702522274,-0.09080810144126022,-0.29828777033555487,1.8920492296064835,2.5609801204638623,1.0881406326970584,-0.08833471907661554,-0.3511167384237851,-0.8643909758323677,-0.4150621199957518,1.0159833695733826,1.0881406326970584,-0.08833471907661554
VMI,0.19478515765783805,54.963,0.019125454599764984,0.710582,62.79399839343679,0.275,0.22188999,0.10078,0.15016,0.15338999,23.140368668043912,0.062,32.16036,industrials,-0.6770200361172628,-0.13122338907565942,-0.4480106432047511,0.9952105341503893,0.5178798035374265,-0.11694953047537,-0.08369999015490225,0.7097822933111735,0.13325214870309543,-0.3518481625045079,-0.5672813797090951,-0.08214226718879628,-0.22860537273993672,-0.41875135613255776,0.46538026907081526,0.10187157233871469,-0.5672813797090951,-0.08214226718879628
CTAS,0.27231012671153704,60.943,0.01317742324377813,-0.24622172,51.22457739575326,0.097,0.41303003,0.15942,0.23224,0.26327,24.94358623767836,0.089,35.806316,industrials,-0.052395162840720606,-0.12479962291878434,-1.2163076863324747,-0.9801879447377623,-0.6506524529585015,-0.19818824239010902,-0.05399633968189345,2.1205992033886,0.9706676855703738,0.6971213916746736,1.0544254026404907,-0.07935566383927761,-0.14933902021636833,-0.46450082403065984,-0.6096762133621243,0.9335979852379385,1.0544254026404907,-0.07935566383927761
ITT,0.16725056507576908,83.549,0.01953697862551081,0.20080721,51.847139250481675,-0.331,0.12262999,0.059949998,0.16924,0.21851,23.60059308304722,0.327,34.816902,industrials,-0.8988684497603953,-0.10051606811237658,-0.394854788227911,-0.05726065057862382,-0.5877725898210336,-0.39352626879184094,-0.09912524770926319,-0.2725447404557967,0.32791453227312073,0.2698200359043187,-0.15338287529011135,-0.05479227135092786,-0.17084976771736782,-0.46474643536689425,-0.34618650306383286,0.05651614500309489,-0.15338287529011135,-0.05479227135092786
SAIC,0.31341957922986297,187.983,0.024591426047534493,-0.024103701,63.00208054717336,0.838,0.27664,0.0692,0.08762,0.10108,22.263950209251526,0.015,12.419573,industrials,0.27882698252951577,0.011667810621251063,0.2580195455761094,-0.5216073730963293,0.5388964740078857,0.1400021257493381,-0.07519169874493008,-0.04999939189082375,-0.504807886331987,-0.8512255004699617,-1.355480087804043,-0.08699302116758803,-0.6577877823561453,0.18283811290895877,0.05243040888696481,-0.37030611935942565,-1.355480087804043,-0.08699302116758803
AGCO,0.22422487750736012,59.71,0.021293526617927185,0.10434222,56.03610117625792,4.419,0.17531,0.03815,0.038629998,0.10152,22.882823260237892,0.143,11.5429125,industrials,-0.43982185977787824,-0.12612412186049451,-0.16796448656077512,-0.2564204056347191,-0.16467992749308066,1.774360706461025,-0.0909386395869953,-0.7970298328509887,-1.0046250016579987,-0.8470250403149359,-0.7989024229128182,-0.07378245714024027,-0.6768471676686636,-0.2446368227330493,0.45108679111107514,-0.6849046286027296,-0.7989024229128182,-0.07378245714024027
FERG,0.18323479233358383,103.524,0.018672753086311868,0.08022094,56.65057962185805,0.23,,,0.08137,0.097959995,24.552499753512983,0.036,23.359253,industrials,-0.7700822529104447,-0.07905875557331639,-0.5064853238829885,-0.3062207344010362,-0.10261650316536404,-0.13748740708302876,1.7253149403208393e-17,-3.3388502240332485e-16,-0.5685730801114764,-0.8810106293017376,0.7027054468589935,-0.08482566300685129,-0.419949330280742,-0.4518754441222499,-0.182108214883143,-0.3623959273533036,0.7027054468589935,-0.08482566300685129
NOC,0.35131502760753386,102.682,0.016786245930072177,-0.014914691,43.48248418997263,0.849,0.28511998,0.07362,0.11689,0.17247,25.004630220921765,0.044,15.975847,industrials,0.5841536396000229,-0.0799632390355386,-0.7501622285985944,-0.5026359205433564,-1.4326177428000613,0.1450224955867658,-0.07387388819127473,0.05634117329577642,-0.20618273082388242,-0.1697008403170205,1.1093247355410303,-0.08400000275514205,-0.5804711969243956,-0.08199060934470337,-0.5967437225855506,-0.0983540715091003,1.1093247355410303,-0.08400000275514205
VLTO,0.24786648176513085,95.542,0.013515690499695612,-0.13918132,55.67365730170301,0.133,0.36463,0.11322,0.23768999,0.24638,23.804246141709278,0.068,22.855669,industrials,-0.24933956428240378,-0.08763308692184098,-1.1726142830946549,-0.7591944024681113,-0.201287408426792,-0.181757941103982,-0.061517827979181344,1.0090756487232333,1.0262708325217784,0.5358810007237955,0.029770589960036845,-0.08152302200001435,-0.43089769797065064,-0.5031956447662999,-0.38074658399962846,0.6274274134974065,0.029770589960036845,-0.08152302200001435
J,0.3443954560269911,138.776,0.020285474920090165,-0.06664151,64.09292944323414,,0.09380999,0.04355,-0.00936,0.077800006,23.42316225895748,0.27,37.16814,industrials,0.5284020982013973,-0.04119076149937646,-0.29817280128132984,-0.6094301119061604,0.649074167624984,0.0,-0.1036039493284117,-0.6671114952926993,-1.4942396451695679,-1.0734679713932354,-0.3129536202016855,-0.060675100644356154,-0.11973174540036513,0.06301284514023033,0.013214685239607893,-0.8346057652959786,-0.3129536202016855,-0.060675100644356154
SNDR,0.24484900472818522,13.204,0.02524388276774393,0.47183383,63.38292319991559,-0.218,0.03259,0.02022,0.02388,0.1016,22.57914037766989,-0.002,65.23214,industrials,-0.27365161799649823,-0.1760812571266539,0.34229626486427694,0.5022956739789323,0.5773622645144183,-0.3419533786437201,-0.11311769215760173,-1.2284068314473096,-1.1551108385727316,-0.8462613202867494,-1.0720167706417159,-0.08874754920247016,0.49040477770123564,-0.035812203419625065,0.24590151994987686,-0.835724170616098,-1.0720167706417159,-0.08874754920247016
FLS,0.2982943856653013,82.9,0.030929816307887572,0.39969432,59.12190049179404,0.143,0.17086,0.07202,0.13434,0.15933,22.97225705440219,-0.067,27.264708,industrials,0.15696208882019386,-0.10121322935582339,1.076738581130164,0.35335783506486884,0.1469913340159424,-0.17719396852450228,-0.09163018095428228,0.017846851056283107,-0.028150309791548114,-0.2951418549466557,-0.7184709802461973,-0.09545603874760769,-0.33504123682187076,0.37749581353151146,0.10771840018543632,-0.09926887365905074,-0.7184709802461973,-0.09545603874760769
NVT,0.16930483912494595,44.71,0.02705864246997279,1.2637196,50.236260061270684,-0.595,0.13002,0.06397,0.15998,0.21365,24.034881438124124,0.535,57.88737,industrials,-0.8823169995204913,-0.14223724767205412,0.5767056735850979,2.137207738818283,-0.7504742750901533,-0.5140151448901056,-0.09797682127787789,-0.17582770771116715,0.23344002116942938,0.22342404419198786,0.23719027726986344,-0.03332510480648774,0.33072289233988494,-0.1492828578691491,0.2909061062793414,0.045764884093093046,0.23719027726986344,-0.03332510480648774
VRSK,0.4956562006853291,,0.020366933775565133,-0.4273526,60.9021617347043,0.048,,0.17999001,0.45004,0.48612,23.88121691688574,0.039,27.325722,industrials,1.7471220102143354,-3.053083865544597e-17,-0.287650900159374,-1.3541472608989416,0.3268009102900446,-0.22055170802955962,1.7253149403208393e-17,2.6154920742695986,3.1927571583980194,2.8245589951917336,0.09899353357392332,-0.08451604041246033,-0.33371473775471994,0.48649037001832046,-0.41596601954615214,2.158202056964838,0.09899353357392332,-0.08451604041246033
CMI,0.15225423272179592,61.621,0.02204703594238711,1.0966265,51.89040999350685,-0.21,0.21993999,0.07273,0.09764,0.14764,25.312460999172085,0.027,37.030636,industrials,-1.0196950983944002,-0.12407130963210183,-0.07063497511342369,1.7922305520942334,-0.5834021672218744,-0.3383022005801363,-0.08400302513607295,0.034928706550058274,-0.4025795276647096,-0.4067404440654102,1.3861694542876966,-0.08575453079002418,-0.1227212056509553,-0.40480046104664186,0.29017539476407417,-0.21459857257903364,1.3861694542876966,-0.08575453079002418
JBHT,0.15869235277860622,43.622,0.02395294295554986,0.9055468,61.11382882302529,0.274,0.16676001,0.069,0.06774,0.13253,24.029896684577835,0.046,44.872868,industrials,-0.9678226504113665,-0.1434059863975859,0.17554777596025253,1.397731094330415,0.34817966557876373,-0.11740592773331797,-0.09226732987348746,-0.054811182170760205,-0.707632214705787,-0.550988064389138,0.23270728599333299,-0.08379358769221475,0.047775949631118184,-0.31189362028289996,0.5428349440586203,-0.3514246977847932,0.23270728599333299,-0.08379358769221475
ST,0.14560428793782457,99.818,0.02563056634367113,0.50868726,48.93318592880009,0.255,0.01701,0.04626,0.15447,0.20358999,22.66098918483842,0.026,144.66667,industrials,-1.0732742351381628,-0.08303977185715905,0.3922435213984739,0.5783825537036588,-0.8820870979533036,-0.12607747563432944,-0.11553886395587841,-0.6019117369995576,0.1772246263334314,0.12738615518253005,-0.9984068147785766,-0.08585773832148784,2.2173826835026116,-0.25469016186561594,-0.1432606732946581,-0.10320995485986864,-0.9984068147785766,-0.08585773832148784
ALK,0.4646101111817581,178.719,0.03282488556919859,0.0342561,68.37668661603679,,0.01856,0.01281,-0.07606,0.07895,22.483980426186168,0.052,106.53061,industrials,1.4969811851536001,0.0017163441200318478,1.3215214383224037,-0.40111885521764135,1.0817413198029504,0.0,-0.11529798999648631,-1.4066836613189626,-2.1747417931842783,-1.0624895532670562,-1.1575979791037068,-0.08317434250343282,1.3882705450621167,0.9400729891986787,0.22687415486176968,-1.189803249441696,-1.1575979791037068,-0.08317434250343282
FTV,0.13309629570364048,58.806,0.01628893529819063,0.14127159,55.82627463890525,-0.124,0.06814,0.032509997,0.17926,0.28101,23.647714709180306,0.077,35.935295,industrials,-1.1740521285006167,-0.12709520624273787,-0.8143989928527029,-0.18017674165283393,-0.18587278383520373,-0.29905203639661077,-0.10759313134702816,-0.9327223909220567,0.43014289094039815,0.866476307925033,-0.11100448347416386,-0.08059415421684146,-0.14653490110957237,-0.7051821091986858,-0.22170052062821613,0.06407591914908661,-0.11100448347416386,-0.08059415421684146
ODFL,0.2605988395861858,0.909,0.024851526234427306,0.30418527,55.53775954845519,-0.042,0.23331,0.15029,0.23775999,0.31307,24.53094851796685,-0.029,45.219208,industrials,-0.1467539394499799,-0.1892886492501956,0.2916162421210222,0.15617169526803323,-0.21501332507268076,-0.26162746124487707,-0.0819252914290975,1.9009409771094918,1.0269850026921088,1.172537109220779,0.6833235456166135,-0.09153415255198884,0.05530569177090622,-0.014808782193051076,-0.10682303034984153,1.0046344493983206,0.6833235456166135,-0.09153415255198884
VRT,0.253169546006974,76.913,0.03839135102668015,1.5050595,44.981590343458265,1.357,0.45097,0.111499995,0.16364999,0.21977,25.58002952053861,0.301,84.12563,industrials,-0.20661235174080014,-0.10764451497141056,2.0405322665607386,2.6354734346864164,-1.2812053344686296,0.37687230262433546,-0.04810037142826936,0.9676941320210212,0.2708828409324353,0.28184862634825614,1.6268046905178462,-0.05747566716898288,0.901166190823202,0.5754251332828426,0.577046800947374,0.36808130696836083,1.6268046905178462,-0.05747566716898288
CLH,0.1944655128081705,116.452,0.017240156719596056,0.3060335,47.51315166006004,0.092,0.14794,0.057490002,0.08149,0.1866,23.482500314867305,0.019,40.48103,industrials,-0.6795954402245356,-0.0651713895405269,-0.6915313477973437,0.15998751522600274,-1.0255131042058725,-0.20047022867984887,-0.09519200750219639,-0.33172966466321185,-0.5673487883909102,-0.034808790338577596,-0.2595884970236143,-0.08658019104173341,-0.04770654635468171,-0.47876605918746873,-0.3553319392199062,-0.257269812723724,-0.2595884970236143,-0.08658019104173341
FHB,0.14652512708022286,,0.014953319359129413,0.13724732,67.48058197654319,0.172,0.10516,0.01186,0.42123002,0.0,21.99423769282068,0.074,12.850877,financial-services,-0.7893303496804635,0.0,-0.5170815339383551,0.40717516455522484,1.0139428423108536,-0.24933954309381956,-0.3688643162235263,-0.5973267489269404,0.27848935394921803,-0.5367081067895128,-1.4635644381873936,-0.26261456327446114,-0.37273786767150324,-0.4354706278729395,0.3905928212574197,-0.30610245449769036,-1.4635644381873936,-0.26261456327446114
PRI,0.1327545006369173,73.789,0.013572908841898323,0.032294035,55.77872087037822,0.182,0.32338002,0.04626,0.30308,0.32242,22.905094248578873,0.081,11.931151,financial-services,-0.8814546139887599,-0.3836065905044548,-0.6999730350109635,0.028185915662395297,-0.04332429803057466,-0.24692822452914018,0.6420478205669639,0.177205695789525,0.10658997254736761,0.7659050179138513,-0.7389457027321342,-0.23850152432692692,-0.4234164197626821,-0.6550114131680593,-0.08735553563243985,0.42293712670442696,-0.7389457027321342,-0.23850152432692692
CBOE,0.36734324124149886,29.489,0.01913018362845249,-0.0021120906,24.9027282209875,0.544,0.2514,0.10593,0.39723,0.37233,23.95787069315601,0.065,20.705631,financial-services,0.6879231650238242,-0.6658313275006258,0.036313971570646406,-0.09605556661666202,-2.832980760148908,-0.15963849248774672,0.3085977740294271,1.5207042706799752,0.24357113225418972,0.9675470409085319,0.09857534398368563,-0.29361704192129084,0.06007316491036897,0.019468603031281614,-1.0295582730844388,0.7601050544680309,0.09857534398368563,-0.29361704192129084
LAZ,0.3138596610941136,240.849,0.0250326744395224,-0.17223704,45.3648869606268,0.625,0.34348,0.06836,0.13753,0.0,22.141174269319066,0.154,16.642857,financial-services,0.330122777805642,0.6806928352874263,0.8183388772264004,-0.710381519263467,-0.9842177420617045,-0.1401068121138438,0.7351617050366204,0.674797760563766,-0.13427281013414483,-0.5367081067895128,-1.3466711737306665,0.012963024697358582,-0.16379296890958056,0.6097181634398229,-0.6115686911463384,0.1847446371691822,-1.3466711737306665,0.012963024697358582
TRV,0.08310643986670681,28.975,0.011852112975978971,0.24299622,66.2790832918129,3.576,0.25272,0.04442,0.18744,0.21605,24.97458941559256,0.01,9.851388,financial-services,-1.2135957182166455,-0.6691058989411683,-0.9279624157270795,0.7890374014756123,0.9053870265304438,0.5714732963230402,0.3147127217806162,0.1357772161884117,-0.06165751878026816,0.336158233983894,0.907411192293967,-0.48307663365191694,-0.5380150910330456,-0.936888010961631,0.7552992414430321,0.18124766329316344,0.907411192293967,-0.48307663365191694
CBC,0.07066300689226421,,0.01492726701411943,0.2914722,64.68425216762643,0.07,0.11563,0.02034,0.53202,0.0,22.708967472496642,0.104,17.067415,financial-services,-1.29684117643597,0.0,-0.5205332263341033,0.9640855216897039,0.7612934907502419,-0.27393499245354913,-0.32036166246977615,-0.4063954951131141,0.43968043142447705,-0.5367081067895128,-0.8949715177467994,-0.15927296778502878,-0.14039906168207286,-0.6057914675900244,0.48381467332879885,-0.2059462082369815,-0.8949715177467994,-0.15927296778502878
FHN,0.1651576666242677,,0.016039655756639445,0.19032109,67.07961277246746,0.293,0.11259,0.01258,0.42856997,0.0,23.22217405896201,0.097,12.884421,financial-services,-0.6646803197956697,0.0,-0.37315210719873043,0.5988260331127053,0.9777151380241579,-0.2201625884611991,-0.3344445724422117,-0.5811156047352005,0.289168428438757,-0.5367081067895128,-0.48669745377819246,-0.18338600673256297,-0.3708895331117034,-0.3459441423314667,0.4521261942252213,-0.290774963882042,-0.48669745377819246,-0.18338600673256297
PFG,0.11963818286680844,33.624,0.014177579036307947,0.34244716,60.69246427585009,8.19,0.13385999,0.00375,0.148,0.14148,23.870938356431985,-0.045,15.463415,financial-services,-0.9692016115549111,-0.639488228460464,-0.619859881619994,1.1481575286091827,0.4006340938476032,1.6840556820661041,-0.23591057432227583,-0.779927275864456,-0.11903974861390663,0.03488703272736571,0.029417583072913905,-0.672536225382543,-0.22878233839084355,-0.7428499072117897,1.0776157681742966,-0.2749976415183182,0.029417583072913905,-0.672536225382543
NLY,0.1487704186391698,732.812,0.012099312357133046,0.21586132,61.24694797679609,1.225,0.15042,0.01816,0.80999,0.0,23.51962464686909,0.488,7.2129035,financial-services,-0.7743095491470086,3.8148718033878164,-0.8952108064636446,0.6910525182984726,0.450731885262702,0.004572301766918813,-0.1591957289365414,-0.45547923724921574,0.8441058479269233,-0.5367081067895128,-0.2500649483556041,1.163499454479706,-0.6834003189976979,0.7151171492590546,0.38211890177603114,-0.07681930626208663,-0.2500649483556041,1.163499454479706
LNC,0.29125139218574086,65.727,0.02124733259318611,0.049039245,53.07788615100394,,0.18767,0.00283,-0.04072,0.0,22.63419791104332,0.125,3.8676145,financial-services,0.17887547260548636,-0.43496767018082344,0.3168164361064401,0.0886533375296832,-0.2873456356948296,0.0,0.013366243587545814,-0.8006415156650126,-0.3936131363979901,-0.5367081067895128,-0.9544533590184497,-0.08693385094242606,-0.8677317425374775,0.020241412843701012,-0.06623076605504881,-0.4293991288162424,-0.9544533590184497,-0.08693385094242606
TFC,0.20673482396372833,,0.015021048937573616,0.14434385,57.016682838882794,0.253,0.08579001,0.010190001,0.38990003,0.0,24.85152389288844,0.052,12.331683,financial-services,-0.3865328406161633,0.0,-0.5081079973606114,0.43280093295728517,0.06852598786990656,-0.22980786271991657,-0.4585964956106899,-0.6349275747450815,0.23290657791307215,-0.5367081067895128,0.8095081988135383,-0.3383983999667116,-0.4013463882248284,-0.29821361265892493,0.09050635270242506,-0.349331399808053,0.8095081988135383,-0.3383983999667116
SCHW,0.19834421854864767,120.766,0.015581197030188112,-0.0068004727,51.896315990630725,0.386,0.19083,0.019709999,0.49352002,0.0,25.801372996914818,0.158,18.343935,financial-services,-0.4426652434627518,-0.08432732481892143,-0.43389360663956955,-0.11298544556806013,-0.39410090250554286,-0.19773732580968087,0.028005057900998564,-0.4205802687963647,0.38366585989936325,-0.5367081067895128,1.5651468910771997,0.026741904095949582,-0.0700605202953648,-0.32029539164041426,-0.23494122462776126,-0.1364043644463789,1.5651468910771997,0.026741904095949582
FISV,0.7312446625747674,,0.036164653856090426,,41.20447458828234,,,,,,23.987348567144675,,8.31356,financial-services,3.122391259782733,0.0,2.293222181860536,1.2528270024081829e-17,-1.3601124182711448,0.0,1.2857870810132566e-16,0.0,-4.038227229059204e-17,0.0,0.1220260395279422,-9.56101822615559e-17,-0.6227521718650251,1.8052044805477563,-0.4533708060903816,2.2049108952683406e-17,0.1220260395279422,-9.56101822615559e-17
PGR,0.23284498678848956,26.174,0.014666850072309633,-0.16814226,60.68980996923497,0.098,0.37903,0.07935,0.16393,0.16941999,25.568881716618865,0.087,11.111394,financial-services,-0.2118581770411953,-0.6869504020636575,-0.5550360389378982,-0.6955951541050884,0.4003942763400206,-0.26718330047244687,0.8998483660629639,0.9222428642682413,-0.09586279827795682,0.14776774012169838,1.380191821623705,-0.21783320522904046,-0.46858650066352475,-0.48461487268091696,-0.18746139274583826,0.4684990430437367,1.380191821623705,-0.21783320522904046
AON,0.17637102294982948,155.05,0.015365777098082374,-0.08225703,55.626412824081825,0.271,0.46447,0.060510002,0.35836,0.33421,24.983708506374395,0.065,18.214718,financial-services,-0.5896639647901679,0.1340878644175736,-0.4624347357109458,-0.3854611853713998,-0.057085381938325484,-0.2254674893034937,1.2956522568672058,0.498051302948668,0.1870182094947189,0.8135379462069247,0.9146657528381723,-0.29361704192129084,-0.07718060874079931,-0.3060036120278467,-0.2226713522044063,0.6985649288793793,0.9146657528381723,-0.29361704192129084
L,0.07992329454901313,45.603,0.010227344969309549,0.2314775,62.21384671338747,-0.063,0.09217,0.019,0.11833,0.17186001,23.87150865106287,0.014,14.403308,financial-services,-1.2348906768582317,-0.5631728757634632,-1.1432290019528744,0.7474429812437271,0.5380915157489273,-0.30600552936378483,-0.4290409611386375,-0.4365662356921857,-0.1622073642113725,0.15762569582090663,0.029871272703468236,-0.4692977542533259,-0.28719613534963695,-0.9804308515248564,0.32650965587628983,-0.21754721630532226,0.029871272703468236,-0.4692977542533259
USB,0.16213542300474595,,0.014028078313942004,0.31813288,68.19749466261706,0.148,0.123500004,0.0113699995,0.37837002,0.0,25.26748568023678,0.046,12.662475,financial-services,-0.6848988604085577,0.0,-0.6396673310588694,1.0603579831774228,1.078716147907558,-0.25512670764905004,-0.28390358424125384,-0.6083593444262804,0.21613128167057338,-0.5367081067895128,1.1404205718327656,-0.3590667190645981,-0.38311915576282857,-0.4415220638224757,0.6279824744786436,-0.30320993844661837,1.1404205718327656,-0.3590667190645981
CB,0.09355095591324358,31.458,0.011359283115588899,0.18543458,58.50362686965536,0.787,0.15433,0.03364,0.20641,0.23757,25.607274962690955,0.102,12.048797,financial-services,-1.143722836194553,-0.6532872979939564,-0.9932577694026956,0.5811807087704772,0.20287188797928601,-0.10104345136603789,-0.1410825124917312,-0.1069396371268062,-0.0340575973820906,0.4231014584849064,1.4107350122533455,-0.16616240748432426,-0.4169339141693653,-0.9300893011970683,0.22766971512790846,0.0352554278710696,1.4107350122533455,-0.16616240748432426
FNB,0.15736777323989432,,0.01591835839833808,0.27290833,69.38490978676873,0.188,0.08851,0.01174,0.41884997,0.0,22.638980604683848,0.096,11.777778,financial-services,-0.7167940126643289,0.0,-0.3892228743067481,0.8970508676734514,1.1859995091883204,-0.24548143339033254,-0.4459960435396619,-0.6000286062922304,0.2750265604371605,-0.5367081067895128,-0.9506485563895825,-0.18683072658221073,-0.4318675471309204,-0.36867229565702564,0.6125229811571465,-0.32692654904606117,-0.9506485563895825,-0.18683072658221073
PB,0.164453351864525,,0.01427619466589892,0.008781552,66.4402148876305,-0.151,0.06727,0.01284,0.55615,0.0,22.720061638000118,0.199,13.254083,financial-services,-0.669392122802592,0.0,-0.6067942317281843,-0.05671831836682469,0.9199453211455612,-0.3272251327329634,-0.5443911118997052,-0.5752615804437389,0.47478776423090946,-0.5367081067895128,-0.8861457151248175,0.16797541793150722,-0.3505204939379393,-0.42539545151025876,0.1786672900152577,-0.29539325872551186,-0.8861457151248175,0.16797541793150722
LPLA,0.33124296061382835,132.284,0.02310194307185141,-0.2782737,44.666163649481476,0.045,0.20452,0.05493,0.111260004,0.0,23.838094632666685,0.35,25.376575,financial-services,0.44641550320180545,-0.010948893199917044,0.5625350032385266,-1.0932828655958315,-1.0473476314324914,-0.27996328886524763,0.09142447813871012,0.3724148904317271,-0.1724936759607362,-0.5367081067895128,0.00328923450693901,0.6881281152283169,0.31745055645848114,0.3326672044134717,-0.8068645952978569,-0.06134060354495294,0.00328923450693901,0.6881281152283169
CINF,0.10462144517539645,5.626,0.012642816500628344,0.24621773,67.65372415239396,,0.18735,0.05553,0.11841,0.28218,24.078024841698284,0.116,10.585478,financial-services,-1.0696622491175924,-0.8178568105466671,-0.8232015835533292,0.800670364228524,1.0295862969266152,0.0,0.011883832011499895,0.3859241772581772,-0.1620909702360507,0.6033308843673487,0.1941622359328047,-0.11793632958925576,-0.4975654154724835,-0.9035735477391963,0.6100855537183797,0.20976198085024378,0.1941622359328047,-0.11793632958925576
BEN,0.19211644308427436,23.471,0.017439090637662722,0.36277735,56.43939680027436,0.872,0.06704,0.02604,0.17238002,0.19789,23.57329749900531,0.087,25.396948,financial-services,-0.48432850658986704,-0.7041705705535143,-0.18774005560330825,1.2215704135698442,0.01636799747323208,-0.0805472435662632,-0.5454565952199881,-0.2780572702618393,-0.08356865553609977,0.2627897880295082,-0.20736628850915773,-0.21783320522904046,0.31857314529662806,-0.4587463775822298,0.3857970558256043,-0.16107318324710473,-0.20736628850915773,-0.21783320522904046
PRU,0.21455575873104407,158.972,0.01432753643258262,0.0018348694,60.94905492768843,-0.143,0.10711,0.00409,0.04721,0.08063,24.34725473185798,0.153,11.115345,financial-services,-0.33421148366058323,0.15907399124599306,-0.5999919271533563,-0.08180298361451929,0.4238171467181025,-0.3252960778812199,-0.35983087068199693,-0.7722720133294678,-0.2656816082724366,-0.21095382279710456,0.40834417415455476,0.009518304847710832,-0.468368793477567,-0.2583764731893155,0.0055726950741211145,-0.4021845787702515,0.40834417415455476,0.009518304847710832
ACGL,0.1408119252564746,11.282,0.01320973169795266,0.07169402,54.86110191286355,0.946,0.21305999,0.045679998,0.25282,0.29817,24.24702747868424,-0.033,7.4661536,financial-services,-0.8275511609866545,-0.7818237831775849,-0.7480906146601816,0.1704603639708856,-0.12623148367675335,-0.06270348618763581,0.13098629074907195,0.16414667349300052,0.0334654575514581,0.667932285843705,0.32860983509339026,-0.63119958718677,-0.6694457842939423,-0.7858218529414737,-0.006158201964501189,0.2491326769093089,0.32860983509339026,-0.63119958718677
MTB,0.1697572248202774,,0.013702979486016733,0.2111392,73.78924207085532,0.244,0.102910005,0.013789999,0.38896,0.0,24.274473542866556,0.057,13.371348,financial-services,-0.6339096851629524,0.0,-0.682739889471031,0.6740008108461351,1.5839324325808581,-0.23197804942812802,-0.3792874994549178,-0.5538718988173378,0.23153890505530042,-0.5367081067895128,0.3504441537852699,-0.3211748007184729,-0.3440589821279306,-0.43888319154466116,0.6753183979996217,-0.309582150001617,0.3504441537852699,-0.3211748007184729
UNM,0.1604190763282803,36.928,0.01566926108114593,0.09273708,64.06817995094279,0.33,0.07069,0.01201,0.10604,0.0995,23.38240559784632,0.085,19.35065,financial-services,-0.6963810667931666,-0.6184392322745645,-0.4222259423692938,0.2464474424487698,0.7056311559414863,-0.21124070977188536,-0.5285478381807152,-0.593949427220328,-0.18008838867018123,-0.13471689685221128,-0.35922757462718813,-0.2247226449283359,-0.014588718292951873,-0.5790154138123417,0.24694596287279025,-0.35932563773085885,-0.35922757462718813,-0.2247226449283359
C,0.14761245260708855,,0.017847481451433847,0.651675,64.79958090204363,0.561,0.07649,0.0060900003,0.34078,0.0,26.19852602854444,0.159,17.300371,financial-services,-0.7820562387575847,0.0,-0.13363208697910128,2.264787911530042,0.7717134812227177,-0.15553925092779178,-0.5016791283648842,-0.7272410504866577,0.16144063341775736,-0.5367081067895128,1.8810962310060622,0.030186623945597332,-0.12756276828496052,-0.3052294419122286,0.960320713941656,-0.4010469130558243,1.8810962310060622,0.030186623945597332
RJF,0.19641743976798226,48.477,0.015741461004934666,-0.035954475,48.13285385511609,0.153,0.17289,0.024530001,0.19323999,0.0,24.11198798682077,0.131,14.342452,financial-services,-0.45555522188054043,-0.5448633070472783,-0.4126601267845672,-0.21826136364815477,-0.7341309894891023,-0.2539210483667103,-0.05510264108107194,-0.3120556195929271,-0.05321897011868588,-0.5367081067895128,0.22118112394009665,-0.06626553184453957,-0.2905494100923982,-0.47102621857079524,-0.40210446716798914,-0.23927133439554943,0.22118112394009665,-0.06626553184453957
ARES,0.49297055774397247,168.762,0.02674528814774252,-0.38419276,42.98512871671294,7.705,0.14182,0.02536,0.18434,0.2335,24.326457358513476,0.283,51.29493,financial-services,1.5283587223649444,0.22144374689367957,1.0452441984653202,-1.475759555037563,-1.199229710706692,1.5671067316791545,-0.1990355400427736,-0.29336779533181595,-0.06616778532398719,0.4066581999477726,0.39179912512524756,0.4573318853019178,1.7455984004741603,0.9316822225746481,-0.3692941780217002,-0.03797823018770104,0.39179912512524756,0.4573318853019178
MKL,0.20098085079319253,23.5,0.012035336982925767,-0.019120336,62.227713905918044,,0.09994,0.02477,-0.096820004,0.18631001,23.91946243936134,-0.169,14.124611,financial-services,-0.4250264086007177,-0.7039858184683475,-0.903686946042703,-0.15747281667349375,0.5393444213216692,0.0,-0.3930461550577742,-0.3066519273778251,-0.4752344174120885,0.21600532379672574,0.06802021417779376,-1.0996814867388636,-0.3025528398813728,-0.6775663910372561,0.12729053488272513,-0.2397317940127405,0.06802021417779376,-1.0996814867388636
VIRT,0.2782718251877582,411.748,0.019258398198433894,0.3404795,57.72218809872398,0.843,0.56901,0.05012,0.46762002,0.0,23.274128722439603,0.303,9.862583,financial-services,0.09204332552399426,1.7694496146984564,0.053301204622386744,1.141052253290964,0.13226862861746755,-0.08754006740383338,1.7799375886166846,0.2641154410396864,0.34598331038893637,-0.5367081067895128,-0.44536567402413635,0.5262262822948728,-0.5373982264552682,0.6382647149482792,0.3952602715015327,0.46333205831394864,-0.44536567402413635,0.5262262822948728
CFG,0.18320610988410518,,0.016368571819133898,0.52776575,70.69661296262387,0.468,0.07739,0.00882,0.32051,0.0,24.112098371186914,0.138,16.604265,financial-services,-0.5439378420247429,0.0,-0.32957380085753657,1.817348142604526,1.3045123383127841,-0.17796451357931,-0.49750984580725516,-0.6657738021809536,0.13194930992060086,-0.5367081067895128,0.22126893862321514,-0.04215249289700532,-0.16591945732276303,-0.2911705476274265,0.9812986557793334,-0.39201061121428016,0.22126893862321514,-0.04215249289700532
CFR,0.1295008688659194,,0.013835817759946962,0.16798735,72.75041056100508,0.152,0.15469,0.01277,0.36897,0.0,22.995742222672856,0.078,15.031129,financial-services,-0.9032211207244788,0.0,-0.6651400588295446,0.5181782730395667,1.4900736515073676,-0.2541621802231783,-0.13941479946867963,-0.5768376639068247,0.20245496047177025,-0.5367081067895128,-0.666832020347879,-0.24883568387587016,-0.2526020722782049,-0.5227870598513412,0.5846965814412519,-0.2626264024233117,-0.666832020347879,-0.24883568387587016
RF,0.18448011286368357,,0.015461938871775036,0.25237894,70.58378244745577,0.216,0.11895,0.01388,0.40067002,0.0,23.972556901868767,0.073,12.53112,financial-services,-0.5354148755712238,0.0,-0.4496941988076682,0.8229186659388611,1.2943180628011581,-0.23872974140923028,-0.30498164236830044,-0.5518454832778922,0.24857610229152013,-0.5367081067895128,0.11025874453539096,-0.2660592831241089,-0.3903570518426793,-0.32836969145963063,0.6261689957769296,-0.2862397825360463,0.11025874453539096,-0.2660592831241089
AJG,0.3942926039968908,56.18,0.01788864684304388,-0.28911704,65.97677235790161,0.162,0.07007,0.0228,0.28402,0.27891,24.80056895699366,0.346,37.14725,financial-services,0.8682120013842657,-0.4957893307700434,-0.12817805705842072,-1.1324384697495231,0.8780731305876913,-0.2517508616584989,-0.531420010609304,-0.3510074191246692,0.07885910792695305,0.590119715960364,0.7689717378528502,0.6743492358297258,0.9660358591854193,0.08141487118526719,-0.16870540027344358,-0.05336215146166401,0.7689717378528502,0.6743492358297258
MKTX,0.5019732437441037,24.251,0.018109113176543425,-0.5072834,32.475104065266876,4.5,0.24298,0.107939996,0.43879002,0.5035,22.117868690751404,0.119,13.446683,financial-services,1.5885858898053824,-0.6992013765386832,-0.0989683269336565,-1.9202433003470851,-2.1488140210432882,0.7942791316994146,0.26959181943472066,1.5659602914866704,0.3040378315323492,1.497488618873113,-1.3652115890836583,-0.10760217004031257,-0.33990788851767173,0.2634720621110142,-1.091592729896986,0.9092696403317133,-1.3652115890836583,-0.10760217004031257
V,0.17180512273245307,67.233,0.013450481365814414,-0.038878083,58.53514916761578,0.355,0.60349,0.19193001,0.67346,0.70056,27.204029883196856,0.171,29.938046,financial-services,-0.6202094305438611,-0.42537330327526507,-0.7161935321703378,-0.22881859394330056,0.2057199383465938,-0.20521241336018695,1.9396674359356247,3.4570356076259197,0.6454649797933872,2.293633220182104,2.6810102537438505,0.07152326214137034,0.5687957893712198,-0.5872587553298213,-0.0761036896522979,2.083950310884259,2.6810102537438505,0.07152326214137034
CME,0.31089344590438656,14.059,0.013883791067382674,-0.20637572,24.80833915037519,0.213,0.15919,0.0155,0.69806,0.71067,25.1026753924541,0.144,18.826088,financial-services,0.31027906239743397,-0.764132178332475,-0.6587840436450657,-0.8336572479973763,-2.8415088448578594,-0.2394531369786341,-0.11856838668053485,-0.5153704088464772,0.6812561272048353,2.3344787592018643,1.0093081353375417,-0.021484173799118916,-0.04349302527356685,-0.37087905319336895,-1.3048730766112897,0.5954490227199218,1.0093081353375417,-0.021484173799118916
GPN,0.29953581979850114,95.593,0.025068261278218137,-0.13236552,56.14910875368815,,0.02935,0.023670001,0.12515001,0.4427,23.711385050963365,0.631,26.67647,financial-services,0.23429755541217634,-0.24469850550525582,0.8230538009873027,-0.5664043448756865,-0.009859626500856259,0.0,-0.7200568836611383,-0.3314189307108387,-0.15228476326594367,1.251849768981777,-0.09751273731122202,1.656094392979334,0.3890771022673012,0.27088428363140776,-0.19208799045884759,0.01202229783596409,-0.09751273731122202,1.656094392979334
RGA,0.1267730819144091,45.614,0.01496289513911898,0.07835162,52.154581958558666,0.166,0.09905,0.00854,0.08315,0.08179,23.357409224902096,0.235,11.56335,financial-services,-0.9214697724566461,-0.5631027973863311,-0.5158128325235427,0.19450114386099482,-0.37076648425519904,-0.2507863342326272,-0.39716911225365176,-0.672078136033297,-0.21339161485912608,-0.20626729210838826,-0.37911307694838925,0.291985332518826,-0.44368291449881836,-0.6667951341221734,-0.1423505582089438,-0.37222653881361584,-0.37911307694838925,0.291985332518826
AIZ,0.1257213504310648,37.61,0.015459220229047577,0.35576236,61.013814663846055,0.912,0.18016,0.024360001,0.106400006,0.12453,23.311407737616086,0.113,13.7566595,financial-services,-0.9285057623988516,-0.6140943728923661,-0.45005439357806326,1.1962390883894012,0.4296682109578384,-0.07090196930754568,-0.0214241030877803,-0.31588325086042124,-0.17956460705168506,-0.03359287690516953,-0.4157088936393088,-0.12827048913819902,-0.3228276274374247,-0.6642181762897603,0.5183351100132313,-0.13761620947626405,-0.4157088936393088,-0.12827048913819902
MRSH,0.26394947113156736,151.634,0.01525219118610202,-0.23467845,54.07482295067313,-0.154,0.27571,0.07271,0.24339001,0.27736,25.109044017762866,0.076,20.83375,financial-services,-0.0037719473702143456,0.11232534293723663,-0.477483808203133,-0.9358591979822344,-0.19727205596894468,-0.32794852830236715,0.4212147284471603,0.7727400900555281,0.01974553225964997,0.5838575413332001,1.0143746029263767,-0.2557251235751657,0.0671327515865852,-0.1229768042120369,-0.4870265940845154,0.44938947302388466,1.0143746029263767,-0.2557251235751657
VOYA,0.1652379394492388,73.442,0.017220352155068286,0.25306857,67.32292504683673,0.232,0.11893,0.00421,0.14328,0.15053001,22.82837768287643,0.031,13.675226,financial-services,-0.6641433017467916,-0.38581724476489887,-0.21672086162055473,0.825408939165792,0.9996984849634617,-0.23487163170574327,-0.30507429309180334,-0.7695701559641778,-0.12590699315789178,0.07145009272580467,-0.7999764550238629,-0.41073751680931425,-0.3273147593350953,-0.42222713604408174,0.5300785974745035,-0.28227533737201704,-0.7999764550238629,-0.41073751680931425
COIN,0.6638953815137105,59.081,0.042518817092501354,-0.54775894,35.306755812884006,,0.06686,0.01926,-0.07097,0.15946999,24.374322208638063,-0.308,53.746323,financial-services,2.671830568518118,-0.47730775149180654,3.1350894654412444,-2.066401607856294,-1.8929733202791403,0.0,-0.5462904517315139,-0.4307122114007241,-0.437624608316539,0.1075686191279683,0.42987731312397437,-1.5784975458399004,1.8806745512478156,1.7765374274891854,-1.3197916427118115,-0.32676466308020213,0.42987731312397437,-1.5784975458399004
GL,0.10868001379639257,53.588,0.013469931358115396,0.43514812,70.74411065375232,0.126,0.20455,0.03312,0.23746,0.26972,23.35325104416483,0.054,12.356846,financial-services,-1.0425107865538998,-0.5123023447270203,-0.713616589845302,1.4829032890877067,1.3088037708991553,-0.26043160849134467,0.09156345422396442,-0.11864768570972965,0.011117814289675993,0.5529910805902757,-0.38242105738568755,-0.3315089602674161,-0.3999598617960111,-0.7561432403754074,0.8437584838318393,0.1342561658485466,-0.38242105738568755,-0.3315089602674161
RNR,0.13271917512843207,12.571,0.014817394584171084,0.32340527,59.28508158473803,1.009,0.23367001,0.05559,0.26753,0.0,23.326726354112562,-0.366,5.3422117,financial-services,-0.8816909384939606,-0.7736118715299988,-0.5350902971394281,1.0793967309971797,0.27347658790060886,-0.04751217923015576,0.2264629539694985,0.3872751059408221,0.05486739976375075,-0.5367081067895128,-0.4035223902382759,-1.77829129711947,-0.7864787921873664,-0.7301310357211291,0.43512037988921093,0.032974338221139654,-0.4035223902382759,-1.77829129711947
KKR,0.44616244144289474,69.029,0.023548589500331896,-0.32850134,44.31544205856232,,0.076630004,0.014630001,0.11012,0.0,25.172711384443925,-0.066,31.217686,financial-services,1.2152165936718615,-0.41393141551803886,0.6217114835201821,-1.274656279084122,-1.07903544674007,0.0,-0.5010305547702194,-0.5349588522293517,-0.17415229592877038,-0.5367081067895128,1.065024254007598,-0.7448753422251457,0.6393062483535211,0.4743322205580016,-0.7845639086080641,-0.4367124524294636,1.065024254007598,-0.7448753422251457
AGO,0.19840460755247336,30.643,0.013815802962219011,-0.07444596,61.08312992030779,-0.445,0.07896,0.01501,0.24354,0.0,21.990123980657682,-0.062,9.182132,financial-services,-0.4422612464062159,-0.658479468663299,-0.6677918325986056,-0.35725519303538755,0.43593086801011893,-0.39811789853453705,-0.4902367640122802,-0.526402993088078,0.01996375641413142,-0.5367081067895128,-1.4668370422947403,-0.7310964628265547,-0.5748922969164652,-0.5895108492227068,-0.10648074118660189,-0.38334602686893493,-1.4668370422947403,-0.7310964628265547
WRB,0.1761817917957622,31.76,0.01369545320785716,-0.025391161,59.02648584884115,0.26,0.20164,0.03672,0.17093,0.17375,23.991186150364666,0.04,14.942797,financial-services,-0.5909299043554033,-0.6513633280035986,-0.6837370510348645,-0.1801169412160307,0.2501123750018466,-0.228119939724641,0.0780827739542975,-0.037591964751029654,-0.08567832543730089,0.1652614683522573,0.1250789732555356,-0.3797350381624845,-0.2574693238980547,-0.6420100944646222,-0.05270816864627504,0.030018488029556062,0.1250789732555356,-0.3797350381624845
COLB,0.18383248970504118,,0.018724206547691902,0.3073151,67.4285404229058,0.61,0.10154,0.01114,0.50693,0.0,22.95092973662741,0.399,12.568627,financial-services,-0.5397474168165024,0.0,-0.01747419997292749,1.0212946768989402,1.0092408701977045,-0.14372378996086285,-0.38563409717754493,-0.6135378931186805,0.40317637091418307,-0.5367081067895128,-0.7024819443294101,0.8569193878610566,-0.38829034887540015,-0.18574053892981,0.628937252378594,-0.2831759315428888,-0.7024819443294101,0.8569193878610566
GS,0.19422192574814814,678.596,0.018081903382899743,0.44411576,56.1019727086752,0.242,0.14548,0.00944,0.38599998,0.0,26.42157218227198,0.145,18.459024,financial-services,-0.4702430151111886,3.4694745947877177,-0.10257337046328058,1.5152856880563648,-0.014118384237400354,-0.23246031314106388,-0.1820804576417492,-0.651814205793622,0.22723229886990073,-0.5367081067895128,2.0585373668692997,-0.018039453949471165,-0.06371890998792352,0.9655527364044162,0.42290233022596685,-0.2858426178387458,2.0585373668692997,-0.018039453949471165
RITM,0.2730590845763053,422.945,0.014180573439100605,-0.17872709,54.577468572403355,0.722,0.08465,0.01513,0.13152,0.0,22.38006424138889,0.646,8.614679,financial-services,0.05717055515024454,1.8407830318575111,-0.6194631512164444,-0.733817271415264,-0.15185785268363342,-0.11671702203645384,-0.46387763317571495,-0.5237011357227882,-0.1430169075301937,-0.5367081067895128,-1.1566257177476584,1.70776519072405,-0.6061599749203441,0.4261634785971038,-0.33413071537845046,-0.4168259458045524,-1.1566257177476584,1.70776519072405
AXS,0.13852012091657212,23.409,0.014360001889825488,0.062475562,61.05063384071806,0.456,0.17415,0.02589,0.18954,0.22192,22.792761118164794,0.08,8.029896,financial-services,-0.8428831278816475,-0.7045655577700778,-0.5956905572825538,0.1371722541859456,0.43299483614062106,-0.18085809585692525,-0.04926564550039136,-0.28143459196845183,-0.058602176928071396,0.35987369531386354,-0.8283106970287661,-0.24194624417657468,-0.6383825670048734,-0.7143797476447596,0.1297696648232138,-0.0073571797707627645,-0.8283106970287661,-0.24194624417657468
MET,0.17461386714350963,178.019,0.014929972044299068,0.060426712,57.55395580442224,0.359,0.13014,0.00453,0.09919,0.0766,24.720386861956122,0.027,16.36557,financial-services,-0.6014191806184909,0.2804178866312316,-0.520174835099159,0.1297737995059032,0.11706878347353765,-0.2042478859343152,-0.2531435625684471,-0.762365202990071,-0.1900546228071088,-0.22723547682773093,0.7051840339109362,-0.42451639620790527,-0.17907197991253856,-0.28039204302880605,0.014198232348375214,-0.35819971629833947,0.7051840339109362,-0.42451639620790527
WBS,0.14017793382766736,,0.015562751041028713,0.33790922,68.23854082784761,0.154,0.10885999,0.01232,0.49473998,0.0,23.239514862511168,0.087,12.527869,financial-services,-0.8317925071735613,0.0,-0.43633752792531766,1.1317709002904912,1.0824246829296005,-0.2536799165102424,-0.35172397870085786,-0.5869696290266622,0.3854408098260328,-0.5367081067895128,-0.47290222876703947,-0.21783320522904046,-0.3905361877732156,-0.42271001169962635,0.6535052222366166,-0.27249022617275,-0.47290222876703947,-0.21783320522904046
CBSH,0.23442374221384163,,0.013220616638713276,-0.04247254,73.26994059065683,0.031,0.14938,0.01717,0.39709,0.0,22.853713022046225,0.173,14.189189,financial-services,-0.20129644387080667,0.0,-0.7466484616702227,-0.24179827874885546,1.5370133668046222,-0.28333913485579876,-0.16401356655869034,-0.4777695605128581,0.24336744279737654,-0.5367081067895128,-0.7798212930332172,0.07841270184066573,-0.29899447626335596,-0.3159816351803431,0.3372919843999893,-0.23378094776592118,-0.7798212930332172,0.07841270184066573
HLNE,0.531887521005475,24.308,0.025564035598276143,-0.4820084,45.69894886340748,,0.32439,0.10167,0.42490003,0.44114,22.19979640702468,-0.022,13.315879,financial-services,1.7887097401156162,-0.6988382431299072,0.8887392680688906,-1.8289745681128697,-0.9540351352570593,0.0,0.6467265894531352,1.4247883342121803,0.28382894211635173,1.245547193227986,-1.3000351814601074,-0.5933076688406448,-0.34711542350932634,0.6595369216848666,-0.9276699011233097,0.9002227647524133,-1.3000351814601074,-0.5933076688406448
RLI,0.30703502575967345,20.284,0.014662655194454142,-0.18424362,73.59471805403302,-0.122,0.23232001,0.05213,0.15935999,0.27083,22.415351700458437,0.04,13.769231,financial-services,0.2844665753121565,-0.7244741876371892,-0.555591821075335,-0.7537376156064416,1.56635712134382,-0.32023230889539317,0.22020903013305498,0.30937155190829396,-0.10251181866746051,0.5574756056458576,-1.1285532909678786,-0.3797350381624845,-0.3221349152409507,-0.3318664778001226,0.16412906561399512,0.24613609225493652,-1.1285532909678786,-0.3797350381624845
BAC,0.17931675908287092,,0.013596767238587363,0.2020768,74.04029001184394,0.244,0.10644,0.00927,0.35956,0.0,26.7255806542367,0.081,14.138957,financial-services,-0.5699572524470461,0.0,-0.696812020277175,0.6412762308659431,1.6066146996364634,-0.23197804942812802,-0.36293466991934287,-0.6556418370611162,0.1887641191245456,-0.5367081067895128,2.300386901936205,-0.23850152432692692,-0.3017623495524052,-0.422256424241407,0.6719709603580929,-0.3416301236613566,2.300386901936205,-0.23850152432692692
MTG,0.15792365363112393,12.834,0.014957088039509035,0.0010638237,65.13158571687067,0.013,0.14114,0.09036,0.72616994,0.78231,22.50901156918491,-0.03,8.952381,financial-services,-0.7130752223611956,-0.7719363612403827,-0.5165822189859637,-0.08458725121228954,0.8017102294294491,-0.28767950827222166,-0.2021856646418711,1.1701382775335982,0.722153972988045,2.623912430356721,-1.0540435394483438,-0.6208654276378268,-0.5875519890655403,-0.6671979341958473,0.14314782331497933,1.0785047540591233,-1.0540435394483438,-0.6208654276378268
WFC,0.230182940730851,,0.016763906741071727,0.02478826,66.82480475450078,0.151,0.12028,0.01051,0.29447,0.0,26.256236472560097,0.057,12.772798,financial-services,-0.22966702804912992,0.0,-0.2771956159646378,0.0010823521140168213,0.9546931467316984,-0.2544033120796462,-0.2988203692553599,-0.627722644286453,0.09406307095336083,-0.5367081067895128,1.9270069385711832,-0.3211748007184729,-0.3770401606030146,-0.16895421467125593,0.233790728922023,-0.34229701234449117,1.9270069385711832,-0.3211748007184729
CPAY,0.2590225223867097,271.343,0.023454870970205502,-0.010358572,51.43752898559807,0.491,0.32124,0.061869998,0.41404,0.5332,23.804403351410418,0.254,19.956285,financial-services,-0.036732795612913614,0.8749628382210887,0.6092946535705555,-0.12583384170156947,-0.4355524648199456,-0.17241848088054743,0.6321341005014339,0.5286722630267092,0.26802841631867913,1.6174799649549005,-0.02351337614064239,0.35743500966213326,0.018782856388791434,0.4825082320595768,-0.2446015958006875,0.7615786862004308,-0.02351337614064239,0.35743500966213326
THG,0.10015026351999126,23.633,0.01295860231879403,0.28190732,64.83458849618529,0.486,0.21747999,0.037750002,0.1457,0.0,22.73701766285166,0.061,10.797781,financial-services,-1.0995740561286087,-0.7031385071812032,-0.7813629119546719,0.929546472369332,0.7748764292882085,-0.17362414016288713,0.15146210064320528,-0.014400977334667879,-0.12238607540440787,-0.5367081067895128,-0.872656595231461,-0.30739592131988186,-0.48586713941568666,-0.8613584917548279,0.5102662538315511,-0.1305082647213458,-0.872656595231461,-0.30739592131988186
HOOD,0.5726092037736827,140.483,0.043492373525011965,0.1028918,60.902748680672964,0.027,0.21461001,0.05187,0.38519,0.0,25.226432670315592,0.151,48.67961,financial-services,2.0611341706135256,0.041284980809825844,3.264076600136446,0.2831164205137917,0.41963336151352576,-0.28430366228167053,0.13816681447126747,0.3035175276168322,0.22605383896826145,-0.5367081067895128,1.107761444610519,0.0026288651484153327,1.6014895780040965,1.7888319171865994,0.13948203991521563,0.03275751856671211,1.107761444610519,0.0026288651484153327
OZK,0.19034202621780497,,0.015537595568805407,0.054534316,65.76470767750459,-0.02,0.11793,0.01749,0.56257,0.0,22.461352019746116,0.014,8.469918,financial-services,-0.49619919737308793,0.0,-0.4396703930532502,0.10849619267140428,0.8589130144167128,-0.29563685953566354,-0.30970682926694665,-0.47056460753875157,0.4841283807504824,-0.5367081067895128,-1.0919584034611078,-0.4692977542533259,-0.6141365656433108,-0.3119565301421127,0.22392411585081784,-0.20821279071118215,-1.0919584034611078,-0.4692977542533259
MCO,0.23605935663647243,235.539,0.01679973849802205,-0.09900892,56.695289017006694,0.078,0.71361,0.14818,0.45743,0.48444,25.09416141300637,0.081,32.467384,financial-services,-0.19035432907325128,0.6468640914172306,-0.27244824282243785,-0.4459527289056046,0.03948794649379348,-0.27200593760180564,2.449802319542403,2.4719832180424945,0.33115759868383055,1.4204840715223093,1.0025349623476725,-0.23850152432692692,0.7081668494360631,0.06135383984051381,-0.22615690667120558,1.6683568019477593,1.0025349623476725,-0.23850152432692692
WAL,0.3025740470015741,,0.02360794033737454,0.022831082,60.95774946948821,-0.078,0.1297,0.010779999,0.31774,0.0,22.91771282880556,0.079,9.569266,financial-services,0.2546230247753088,0.0,0.6295749151161815,-0.005985072408898974,0.4246027015338569,-0.309622507210804,-0.2551818784855101,-0.6216434877300285,0.12791916852508417,-0.5367081067895128,-0.7289071740644772,-0.24539096402622243,-0.5535605192073795,0.29473264663049675,0.036331707304717985,-0.3214035761199918,-0.7289071740644772,-0.24539096402622243
CACC,0.24405043600389553,423.261,0.02567835881726494,0.2055496,66.28815258911632,0.432,0.28118,0.05051,0.52711,0.0,22.619437173607817,0.127,15.86298,financial-services,-0.13689471989832216,1.8427961925096736,0.9038860268535556,0.653816608840344,0.9062064406337139,-0.18664526041215576,0.44655470132519387,0.27289647747687895,0.43253675118910256,-0.5367081067895128,-0.9661960498156821,-0.08004441124313057,-0.206765590287265,0.8699291664883023,0.45779259635396735,0.15381995580041563,-0.9661960498156821,-0.08004441124313057
HIG,0.11461976221883886,23.151,0.012060798099888975,0.054423332,49.1793243482112,0.414,0.22735001,0.03884,0.15296,0.19176,24.315849599238543,0.061,9.325828,financial-services,-1.00277439868171,-0.7062092142519065,-0.9003135858413285,0.10809542634189757,-0.6395820236751545,-0.19098563382857864,0.1971853253425929,0.010140848702426866,-0.11182332214395613,0.2380238974072403,0.38336027593080174,-0.30739592131988186,-0.5669743896035327,-0.8697657329249816,-0.24082407705394515,0.08338168732707599,0.38336027593080174,-0.30739592131988186
MS,0.18830207149758516,502.246,0.01664301009627598,0.50081515,58.3815009223976,0.319,0.16388,0.0127,0.40616,0.0,26.521496343185152,0.163,18.951948,financial-services,-0.5098463127455223,2.345990794126887,-0.2932132922756584,1.7200287718843899,0.1918377670093593,-0.2138931601930327,-0.09684179201911286,-0.5784137473699105,0.2565636097494836,-0.5367081067895128,2.1380305852741004,0.043965503344188334,-0.036557913548774995,0.5143103963685687,0.5659911262335722,-0.23885000910726312,2.1380305852741004,0.043965503344188334
WEX,0.31401067628460805,410.946,0.024114357255547367,-0.092037976,49.779203990928444,0.227,0.29768,0.0287,0.23464,0.32443002,22.310729782880646,0.058,15.906425,financial-services,0.3311330559786034,1.764340263929361,0.6966704270505403,-0.42078045506363787,-0.5853826934446361,-0.23607729098808297,0.5229915482150581,-0.21816609866457776,0.007014926659583157,0.7740257251681043,-1.2117837416210209,-0.3177300808688251,-0.20437169287042425,0.9307145823195015,-0.4140801464987857,0.27146652534454196,-1.2117837416210209,-0.3177300808688251
EWBC,0.15714748061087916,,0.016165876243792985,0.23165727,63.25299493268086,0.236,0.16454001,0.01751,0.65109,0.0,23.595973985096343,0.141,12.896103,financial-services,-0.7182677507302124,0.0,-0.35642907149777725,0.7480921357439742,0.6319789116285794,-0.23390710427987152,-0.09378427181815659,-0.4701142979778698,0.612918314444034,-0.5367081067895128,-0.18932633856097378,-0.03181833334806217,-0.3702458339605115,-0.3582322740759965,0.38205464769756065,-0.12192209053537628,-0.18932633856097378,-0.03181833334806217
JKHY,0.35397001847567827,6.398,0.016343624481866464,-0.2491076,51.23418570547328,0.125,0.24892001,0.13664,0.24369,0.28438,23.004273289263693,0.087,19.23743,financial-services,0.5984574959197796,-0.812938582624296,-0.33287909004770994,-0.9879632623825242,-0.45392459950302777,-0.26067274034781257,0.2971091306404335,2.2121546014137734,0.020181995117859737,0.612219132225259,-0.6600452539288885,-0.21783320522904046,-0.020827343348417696,-0.18245339225074209,-0.5675202007444549,0.7854162148493313,-0.6600452539288885,-0.21783320522904046
RYAN,0.5621199712356678,307.014,0.02641156023162987,-0.42132503,61.616554386808986,,0.22768,0.036170002,0.17371,0.28827,23.022622890221882,0.158,46.04878,financial-services,1.990962139246497,1.1022142737378025,1.001028366460428,-1.6098452210268241,0.48412595041361367,0.0,0.1987140159550284,-0.049975432644319445,-0.08163363479486896,0.6279351704831093,-0.6454474947555316,0.026741904095949582,1.4565261267174787,1.3647349264815756,-0.37523975687107014,0.17376002974973734,-0.6454474947555316,0.026741904095949582
BLK,0.2245444475583103,23.635,0.016526745835719607,-0.09874129,36.4469241779762,0.459,0.118990004,0.03615,0.35638002,0.40335,25.77688796028999,0.27,24.214556,financial-services,-0.2673880451333007,-0.7031257656580883,-0.30861722093950544,-0.44498630948689666,-1.7899587197867706,-0.1801347002875214,-0.30479632239115,-0.050425787236157156,0.18413748770399865,1.0928713357050652,1.5456681749560979,0.41255052725649727,0.25342122552466023,-0.4263770105769648,-0.8050265765203962,0.23044667844543917,1.5456681749560979,0.41255052725649727
MORN,0.5412091323587913,187.15,0.023573747920978546,-0.5003046,44.81356085280288,0.5,0.30656,0.090459995,0.24178,0.25498,22.50381794836719,0.108,15.952966,financial-services,1.8510704897610761,0.33858931041254176,0.6250447392866707,-1.895042658269295,-1.0340302438617364,-0.170248294172336,0.5641284694503305,1.1723897127606164,0.017403088957052202,0.49343981994227737,-1.0581752492390677,-0.14549408838643776,-0.20180720030103344,0.9382348464867629,-1.0331070654344556,0.5618402727775691,-1.0581752492390677,-0.14549408838643776
WTM,0.14222146388383614,13.517,0.015038450141306172,0.16811633,43.75454758944073,,0.19666,0.03319,0.0027200002,0.23186001,22.35936563416875,-0.108,5.128218,financial-services,-0.8181214731220959,-0.7675851310966268,-0.5058025003860586,0.5186440234286298,-1.1297124532453926,0.0,0.055012743802083895,-0.11707160224664381,-0.33041120750727765,0.40003245558209344,-1.173092194817759,-0.889553575910351,-0.7982702288463649,-0.6971697015349271,-0.2036894766055876,0.0018905974075639626,-1.173092194817759,-0.889553575910351
BX,0.447616295081197,72.022,0.02221414938787937,-0.24801987,49.83922743530627,0.039,0.29533002,0.13028,0.38032,0.0,25.691853169331644,0.057,30.249355,financial-services,1.2249427450123218,-0.3948637261765142,0.44491063173625883,-0.9840354389161295,-0.5799595547819021,-0.28141008000405526,0.512105180854195,2.0689561610534035,0.218968355720548,-0.5367081067895128,1.4780199790855102,-0.3211748007184729,0.5859494735912515,0.42499655019068877,-0.6151350245673622,0.5658303977096584,1.4780199790855102,-0.3211748007184729
HLI,0.3568934340790383,20.062,0.016682589293050956,-0.2678601,37.94103345416415,-0.166,0.18332,0.104370005,0.22499001,0.0,22.9492867943469,-0.046,21.56431,financial-services,0.6180148859074995,-0.7258884967029487,-0.28796941835622225,-1.0556790646069403,-1.6549654373113356,-0.3308421105799824,-0.006785288774327423,1.4855802375085956,-0.007025082064359867,-0.5367081067895128,-0.7037889632559379,-0.6759809452321908,0.10738791781623577,-0.1319476763838905,-1.013828870832753,0.2337654399700989,-0.7037889632559379,-0.6759809452321908
SPGI,0.30477582086790617,38.392,0.01772581013345835,-0.22814178,51.339790740594594,0.325,0.13939999,0.06919,0.44282,0.50051,25.515321867501164,0.104,25.77595,financial-services,0.2693526958214421,-0.6091124373544202,-0.14975240025131323,-0.9122550997059364,-0.44438314857694,-0.2124463690542251,-0.2102463239119821,0.693485607340355,0.3099011489406901,1.4854086820116805,1.3375830596913314,-0.15927296778502878,0.3394568352213025,-0.16317071392809712,-0.5230282057790339,0.5696372785951859,1.3375830596913314,-0.15927296778502878
MSCI,0.18072830546683868,,0.018399607048598526,-0.040148616,49.6848989856552,0.491,,0.20547001,0.53701997,0.58621,24.430239542265674,0.141,31.947515,financial-services,-0.5605141328696298,0.0,-0.06048060197838686,-0.2334065241578103,-0.5939031828215434,-0.17241848088054743,1.2857870810132566e-16,3.761895180342808,0.4469550112343476,1.8316463372039091,0.47436153770041406,-0.03181833334806217,0.6795211351721528,-0.2069982449493389,-0.33324272928663373,1.510124132195266,0.47436153770041406,-0.03181833334806217
WTW,0.30387001792410445,85.693,0.017569929064533904,-0.13949484,56.74156670992456,0.33,0.20611,0.050890002,0.20522,0.27938,23.929496730908582,0.085,15.356639,financial-services,0.2632929548104158,-0.30776904492426477,-0.17040518601940516,-0.5921485188852625,0.04366915182591769,-0.21124070977188536,0.09879021065718784,0.2814524041645866,-0.0357889577650021,0.5920185689118268,0.0760028494304981,-0.2247226449283359,-0.23466588748925732,-0.07162709204441804,-0.2532400256104101,0.23411805649214978,0.0760028494304981,-0.2247226449283359
XYZ,0.3947725338036449,37.514,0.03007741130768553,0.14281535,55.1667298955284,,0.03743,0.02053,-0.02632,0.06437,24.535109417478218,0.049,59.375,financial-services,0.8714226890424396,-0.6147059660018838,1.4867193965123375,0.4272814766874534,-0.09861789124826835,0.0,-0.6826259913659807,-0.4021175542847383,-0.3726622208400694,-0.2766460546923862,0.5577892474572039,-0.3487325595156548,2.1908247487511154,0.5811453731842978,0.10955452847972835,-0.4335129552957936,0.5577892474572039,-0.3487325595156548
HBAN,0.21262001131179947,,0.01644199651126253,0.037252665,70.13264900242189,-0.265,0.083859995,0.00899,0.40698,0.0,24.305145202704153,0.336,13.638462,financial-services,-0.3471614614715989,0.0,-0.31984571490660096,0.04609166734265429,1.253558002241896,-0.3547141643703083,-0.467537359916759,-0.6619461709134595,0.25775664799653186,-0.5367081067895128,0.37484454836478054,0.6399020373332486,-0.32934052166983424,-0.22233572545939995,0.3149785017380807,-0.35210874740579984,0.37484454836478054,0.6399020373332486
SLM,0.45055568915207467,253.081,0.02445704092700255,-0.21732616,69.61664317338804,0.1,0.3093,0.02567,0.70058995,0.0,22.31088793435712,0.025,7.205556,financial-services,1.2446070295244775,0.7586199906584683,0.7420728129952853,-0.8731995932478941,1.2069366996719397,-0.266701036759511,0.5768216185702231,-0.28638799713815016,0.6849370139281521,-0.5367081067895128,-1.2116579265053828,-0.4314058359072008,-0.6838051794251403,0.9150999443927437,0.022345356554844875,0.10966563214267805,-1.2116579265053828,-0.4314058359072008
EEFT,0.4064450227066323,220.45,0.021113150515925612,-0.30426002,57.954798621758464,-0.024,0.2467,0.05269,0.07116,0.15397,21.748129827847134,0.105,10.731671,financial-services,0.9495106000943889,0.5507356702764806,0.2990385640742578,-1.187120194253898,0.153285068675231,-0.2966013869615353,0.2868248540062537,0.32198021961298057,-0.23083616191047815,0.08534803988431944,-1.6593519842892925,-0.15582824793538103,-0.4895099189812832,0.5997616114817091,-0.44347883751340084,0.11582923789826889,-1.6593519842892925,-0.15582824793538103
NDAQ,0.23380994919187423,79.058,0.016654650275957857,-0.13593435,35.82375051129867,0.338,0.162,0.055549998,0.48401,0.59347,24.52045973461415,0.137,23.740965,financial-services,-0.2054026645150971,-0.35003904785811557,-0.29167107718225005,-0.5792914898671577,-1.8462626730235017,-0.20931165492014187,-0.10555096002838218,0.38637444178810276,0.3698294969844926,1.8609775551350127,0.5461349045151969,-0.04559721274665307,0.22732551205846097,-0.28237092985182094,-0.8782886059369336,0.6279076334698065,0.5461349045151969,-0.04559721274665307
WTFC,0.1929965634101284,,0.016344820992841194,0.25573564,66.4761237788365,0.197,0.12336001,0.01249,0.46325,0.0,23.10652767853679,0.104,13.471919,financial-services,-0.4784405800052708,0.0,-0.33272056351847346,0.8350398035646015,0.9231897017080846,-0.24331124668212106,-0.2845521115105568,-0.583141997759168,0.33962526038849017,-0.5367081067895128,-0.5786982561152275,-0.15927296778502878,-0.338517339657932,-0.27038704784124806,0.5049727528635216,-0.26619423891768684,-0.5786982561152275,-0.15927296778502878
OWL,0.5858658519513626,75.273,0.028119377431874797,-0.5567118,44.59664855168445,6.366,0.05704,0.043870002,0.28179002,0.42345002,23.33639646525411,0.103,72.91667,financial-services,2.1498199661066115,-0.37415238035316095,1.2272981951900261,-2.0987306358313846,-1.0536283442175451,1.244231175868586,-0.5917819569714209,0.12339374829512191,0.07561465496335218,1.1740776810273161,-0.39582947343068,-0.1627176876346765,2.9369950521855657,1.0009885936478256,-0.6360426013934478,0.19532603182859232,-0.39582947343068,-0.1627176876346765
IBKR,0.18696245942747416,152.192,0.023742983048052405,0.5660511,50.13305314022379,0.229,0.2356,0.024249999,0.76811,0.0,25.718037225415546,0.168,37.356224,financial-services,-0.5188081981706755,0.11588022788630818,0.6474668130382067,1.9555976127387775,-0.5534123021715216,-0.23559502727514708,0.23540370246216324,-0.3183599984762264,0.7831736018459706,-0.5367081067895128,1.4988503255200414,0.06118910259242708,0.97755070137179,0.08151294758461315,0.3888634277640363,0.04087729976059867,1.4988503255200414,0.06118910259242708
SEIC,0.19356529130487288,2.521,0.014014676759117857,-0.05475408,45.74261724211254,0.197,0.29627,0.14,0.30455,0.29774,23.07931041659851,0.128,14.967576,financial-services,-0.4746358410479948,-0.8376380251826291,-0.6414429119081166,-0.2861472633456429,-0.9500896823536302,-0.24331124668212106,0.516459672208106,2.2878066076418935,0.10872871184390531,0.6661950373987499,-0.6003505544970006,-0.07659969139348281,-0.25610395655792595,-0.6512389260462469,-0.493182730793798,0.8947975072731637,-0.6003505544970006,-0.07659969139348281
AFL,0.09113607195232844,48.276,0.010879883762360704,0.1351862,51.48911147555358,38.6,0.16469,0.03088,0.29567,0.32465,24.812237295465923,0.279,13.4,financial-services,-1.1598781947909924,-0.5461438301203309,-1.0567737063147182,0.3997324025618486,-0.43089196926695894,9.016875437256088,-0.09308943771724677,-0.16908235652847614,0.09580898058318753,0.7749144691516421,0.778254315460909,0.443553005903327,-0.34248020554173375,-0.9209319104086804,2.9952386235169928,0.15213791387227668,0.778254315460909,0.443553005903327
EVR,0.3007980657338552,52.585,0.022599391697146115,0.21052444,52.177797727506146,1.069,0.42166,0.21347,0.24406,0.0,23.30406943253971,1.003,19.214405,financial-services,0.24274186828707542,-0.5186922185691683,0.49595163971104667,0.6717808952841843,-0.3686689316160724,-0.03304426784207949,1.097333383209322,3.9420187795406925,0.020720317253722993,-0.5367081067895128,-0.4215467759174939,2.9375301770482953,-0.02209606214281887,0.07333376314298462,0.09002256527534414,1.1308410933035562,-0.4215467759174939,2.9375301770482953
NTRS,0.12386231563152306,,0.015635579637929494,0.3665911,59.09392959189871,0.426,0.14462,0.01101,0.31721002,0.0,24.194257153833824,0.139,18.1841,financial-services,-0.940942539617114,0.0,-0.42668841902479054,1.2353419715345617,0.25620594018002335,-0.1880920515509634,-0.18606443875237244,-0.6164649052644113,0.12714808753707113,-0.5367081067895128,0.2866291677523694,-0.03870777304735757,-0.0788677154529372,-0.4558769862139682,0.43448528672120723,-0.30302234081730633,0.2866291677523694,-0.03870777304735757
XP,0.3405872673104774,677.346,0.028944438198848704,-0.17626262,45.12244960694711,0.089,0.22944,0.013739999,0.29952,0.0,22.85163741872687,0.097,8.46875,financial-services,0.5089280826726085,3.461511142840873,1.3366110410894132,-0.724918001285521,-1.0061220396184265,-0.2693534871806584,0.20686727962328066,-0.5549976727195419,0.10141044064554831,-0.5367081067895128,-0.781472509180337,-0.18338600673256297,-0.6142009245380712,1.7690167555342982,-0.6667978426948685,-0.1958570148100564,-0.781472509180337,-0.18338600673256297
BNY,0.10148105335382718,,0.01270440391614779,0.586321,59.677098493335706,0.418,0.13472,0.01196,0.37647998,0.0,25.32098108847473,0.134,17.963974,financial-services,-1.0906711906783086,0.0,-0.8150418261978667,2.0287927888224297,0.30889544923884465,-0.1900211064027069,-0.23192654688629089,-0.5950752011225322,0.21338141580660866,-0.5367081067895128,1.182978068756943,-0.05593137229559632,-0.09099705283996644,-0.6352376722920584,0.7158890438861891,-0.2875821097479318,1.182978068756943,-0.05593137229559632
ICE,0.339447460314102,70.986,0.014445256862310765,-0.32415044,23.742435125569727,0.797,0.13853,0.0211,0.57306,0.63479,24.966321230958126,0.204,17.919943,financial-services,0.5013028753934161,-0.401463835150059,-0.5843950696742645,-1.2589450574391037,-2.9378136368871184,-0.0986321328013585,-0.21427658405899508,-0.3892837317996108,0.4993905407645511,2.0279150103572166,0.9008335578064733,0.18519901717974588,-0.09342323990777436,-0.16151867647696913,-1.4317969423758603,0.48093630881579047,0.9008335578064733,0.18519901717974588
SOFI,0.5296491757482361,17.724,0.035035222095897066,0.03117919,58.50440336854075,1.012,0.06597,0.012619999,0.18283,0.0,23.85874048537977,0.425,39.844444,financial-services,1.773735409721857,-0.7407833372243268,2.143583022058147,0.02416017917228042,0.20294204491830475,-0.04678878366075192,-0.5504134089273914,-0.5802150081289152,-0.06836472160818584,-0.5367081067895128,0.019713743493315707,0.9464821039518979,1.1146560858931727,1.058845031518559,0.060104480143277746,-0.43392531136350126,0.019713743493315707,0.9464821039518979
AMG,0.19722068662794662,73.417,0.019821203047463525,0.7233293,66.65668075662578,0.736,0.21834,0.02589,0.22096,0.25694,22.913560774358725,0.097,13.891625,financial-services,-0.45018157193536024,-0.38597651380383574,0.12786759075543336,2.523533593829948,0.9395030862068453,-0.11334117604590271,0.15544612807919025,-0.28143459196845183,-0.012888443120441547,0.5013584407611429,-0.7322102808201858,-0.18338600673256297,-0.31539078633228906,-0.23609683166125417,1.1165651679969635,0.09062038343785994,-0.7322102808201858,-0.18338600673256297
EG,0.1643095180037389,23.471,0.014898959844927957,0.05843866,53.27002246607201,2.307,0.13822,0.02655,0.20232001,0.0,23.372002125943464,-0.047,7.2725983,financial-services,-0.6703543585194705,-0.7041705705535143,-0.524283661874778,0.1225948881050844,-0.26998605412530174,0.2654769704652273,-0.2157126702732894,-0.26657437645935683,-0.04000822482116981,-0.5367081067895128,-0.3675039059627142,-0.6794256650818384,-0.6801110284575016,-0.6329361969825876,0.03936193481500331,-0.2647508445858322,-0.3675039059627142,-0.6794256650818384
NU,0.3816631002162238,,0.023629993148473662,-0.037390053,57.627119065553366,0.559,0.30055,0.0484,0.48231,0.0,24.896927623311733,0.437,20.553846,financial-services,0.7837217460452712,0.0,0.6324967066227252,-0.22344527597588296,0.12367910905955992,-0.15602151464072767,0.5362869270377192,0.22538881880386316,0.36735612500890474,-0.5367081067895128,0.8456284786932732,0.987818742147671,0.05170953919014405,0.4720728175559988,-0.08526256051901689,0.1480809410152436,0.8456284786932732,0.987818742147671
ZION,0.20659344127036394,,0.019058065519914992,0.2933954,73.47741374726428,0.379,0.14123,0.010930001,0.36098,0.0,23.0434240242623,0.102,10.743789,financial-services,-0.3874786782413246,0.0,0.02675899574258827,0.971030250703862,1.5557586372358703,-0.19942524880495643,-0.20176873638610818,-0.6182661209924598,0.19083011218650728,-0.5367081067895128,-0.6288994539590786,-0.16616240748432426,-0.488842195448143,-0.12023989416624543,0.7757878797115919,-0.29147821299539334,-0.6288994539590786,-0.16616240748432426
BOKF,0.10191874859253813,,0.014564696113730765,0.36567092,63.520526537117426,0.382,0.104499996,0.011779999,0.37518,0.0,22.856052365253124,0.103,14.042467,financial-services,-1.0877430485183641,0.0,-0.5685704843740819,1.2320191758064796,0.6561504832963189,-0.19870185323555262,-0.37192180862926555,-0.5991280096859452,0.21149004280612355,-0.5367081067895128,-0.777960262439912,-0.1627176876346765,-0.30707912160329626,-0.5521045109641487,0.5631559352890819,-0.32406697057465,-0.777960262439912,-0.1627176876346765
SSB,0.1784455508333837,,0.015339753452610124,0.04965353,62.30769701023,1.621,0.10596,0.014049999,0.50286,0.0,23.001254663428654,0.228,10.765087,financial-services,-0.5757855580345778,0.0,-0.4658826256859861,0.09087153785334273,0.5465709220641009,0.1000605169282221,-0.36515828728341165,-0.5480178745258761,0.39725482741968743,-0.5367081067895128,-0.6624466779748276,0.2678722935712919,-0.48766863745104616,-0.34722272790685466,0.24583432561522187,-0.26315736029477826,-0.6624466779748276,0.2678722935712919
AGNC,0.18712258376357455,722.896,0.012421980312743256,0.1777302,63.42281225971599,,0.13248,0.013710001,1.29825,0.0,23.2499882298829,,8.515625,financial-services,-0.5177369806249934,3.7516993317838883,-0.8524603159298915,0.5533599770098189,0.6473219650203399,0.0,-0.24230342791861192,-0.5556730920299083,1.5544873778095887,-0.5367081067895128,-0.4645702931039706,-9.56101822615559e-17,-0.611618027969665,0.7938340117430012,0.4002273140100529,0.05495068776788892,-0.4645702931039706,-9.56101822615559e-17
FDS,0.5750014371498197,72.972,0.02724483455877114,-0.48119032,55.1645256349743,-0.045,0.28084,0.109139994,0.29799,0.37905997,22.8493611976727,0.071,14.815197,financial-services,2.0771379988153647,-0.38881150269691245,1.1114294323707528,-1.8260204583417061,-0.09881704694080812,-0.301665155947362,0.44497963902564514,1.5929788201086146,0.09918440586751918,0.994736877925032,-0.7832833238596218,-0.27294872282340443,-0.2645003127434657,0.9332519761630683,-0.742167553743292,0.7829699357317027,-0.7832833238596218,-0.27294872282340443
ORI,0.1617581858059095,26.837,0.014594596224199305,0.08075023,57.08159496633575,0.347,0.17277001,0.0295,0.17975001,0.14799,23.022468370731982,0.135,10.078817,financial-services,-0.687422543666949,-0.6827265871510512,-0.5646089989916052,0.20316259168787162,0.07439082071512884,-0.20714146821193044,-0.05565849909672732,-0.20015371622931116,-0.07284587510882753,0.06118816616145454,-0.6455704204968757,-0.05248665244594857,-0.5254833452483828,-0.6449193766032018,0.02347064806369001,-0.06686748106835287,-0.6455704204968757,-0.05248665244594857
JHG,0.09861935751127475,6.91,0.013367130505279311,0.31702995,58.9147836989854,-0.232,0.16207,0.0791,0.16507,0.31059,22.80323581497916,0.11,10.287128,financial-services,-1.1098156809638187,-0.8096767527068685,-0.7272367427288433,1.0563752720857085,0.24002004768087418,-0.34675681310686635,-0.10522668249612223,0.9166139947572205,-0.09420418412962142,0.7181104851142707,-0.8199777037468706,-0.13860464868714226,-0.5140050355510757,-0.8822430587998434,0.3165461688865721,0.3588234033114369,-0.8199777037468706,-0.13860464868714226
STWD,0.14527892771609896,315.953,0.01058905975101236,-0.16821975,47.87452329252048,-0.604,0.053000003,0.00619,0.17406,0.0,22.55265969511387,0.218,17.242105,financial-services,-0.7976673124231565,1.159162511300077,-1.0953051716429787,-0.6958749726633804,-0.7574712438896917,-0.43645786371293915,-0.6104973892213913,-0.7249895094368928,-0.08112441115283618,-0.5367081067895128,-1.0193199052869713,0.23342509507481438,-0.130773329382662,-0.24460332425535272,-0.6299346934220038,-0.4883298541501583,-1.0193199052869713,0.23342509507481438
ALL,0.1148380484896584,23.719,0.015046732993083529,0.20605576,60.94732142733479,3.384,0.45221,0.07521,0.18954,0.21767999,24.838241704715355,0.03,5.2629952,financial-services,-1.0013140829734417,-0.7025906216872604,-0.5047050998839518,0.6556443667634961,0.42366052437016627,0.5251759798811961,1.2388573633599493,0.8290287851657364,-0.058602176928071396,0.3427435772229463,0.7989417464591947,-0.41418223665896203,-0.7908437634089377,-0.7362032681815514,0.5348269570049529,0.5880068872051402,0.7989417464591947,-0.41418223665896203
FNF,0.24402480900044324,54.788,0.016399655712074836,-0.13827783,49.213344954414474,2.0,0.1047,0.0127799995,0.19252001,0.16118999,23.264353460665202,0.167,16.782919,financial-services,-0.13706616226873203,-0.5046574308580495,-0.32545547535350344,-0.5877538617214104,-0.6365082503063813,0.19144949052957044,-0.37099528286409217,-0.5766125203841229,-0.0542664867980881,0.11451761290778899,-0.45314224189416086,0.05774438274277933,-0.1560753015140794,-0.3223930228267617,-0.3442708738327404,-0.2218391692846286,-0.45314224189416086,0.05774438274277933
OMF,0.2968202560496366,663.192,0.018362723752284357,0.07093787,66.24510872395194,0.084,0.23915,0.03001,0.37375,0.0,22.675431015594697,0.091,9.086438,financial-services,0.21613067581694606,3.3713393837563626,-0.06536729426535597,0.16772988516262044,0.9023174127415944,-0.270559146462998,0.2518492058839219,-0.18867082242682867,0.20940950049724671,-0.5367081067895128,-0.9216509601225632,-0.20405432583044947,-0.5801652079397626,1.174034255102651,0.26649605048040564,-0.0660300557087932,-0.9216509601225632,-0.20405432583044947
BAM,0.30367264221760953,26.373,0.01889928550981046,-0.19894433,44.26109394628731,0.056,0.22388001,0.12001,0.64499,0.63244,24.994582576622683,0.238,28.75,financial-services,0.26197252891490297,-0.6856826205137199,0.005722127343040658,-0.806822290765407,-1.0839458172124798,-0.27731083844410026,0.18111042481484568,1.8377222015406682,0.6040432738257482,2.0184207455999035,0.9233164618688686,0.30231949206776926,0.5033323240590327,-0.13932932141859208,-0.7226929821406624,1.1603241614452915,0.9233164618688686,0.30231949206776926
JEF,0.4804758296096596,343.678,0.02680765320525272,-0.12203026,47.29135750202604,1.55,,,0.14300999,0.0,23.042268584479,0.35,13.292553,financial-services,1.4447701040951255,1.3357918754810894,1.0535069861217043,-0.5290834318188717,-0.8101604718737923,0.08294015511899853,1.2857870810132566e-16,0.0,-0.12629983737384967,-0.5367081067895128,-0.6298186473374178,0.6881281152283169,-0.3484007279435588,1.278022988565973,-0.41876791619122183,-0.16575198604084057,-0.6298186473374178,0.6881281152283169
STT,0.11791033740995753,,0.01588649319860515,0.59106207,64.47210147430526,-0.241,0.11261,0.00801,0.27818,0.0,24.572129488276754,-0.028,17.218273,financial-services,-0.9807607437560611,0.0,-0.3934447156636391,2.0459129252550183,0.7421256032822435,-0.3489269998150778,-0.3343519217187088,-0.6840113393966611,0.07036234772846295,-0.5367081067895128,0.5872400283940229,-0.6139759879385314,-0.13208651532438478,-0.4580684864732334,0.8130371762407279,-0.3711772550441049,0.5872400283940229,-0.6139759879385314
ALLY,0.23040845767459814,,0.018812996918073664,0.17508078,60.4761914373138,,0.09356,0.00715,0.21019,0.0,23.368357422052284,0.197,11.152913,financial-services,-0.2281583397830372,0.0,-0.005710305162500773,0.5437928472548841,0.3810937691540959,0.0,-0.42260173585518834,-0.7033746505145728,-0.02855798204813644,-0.5367081067895128,-0.3704033973349172,0.16108597823221174,-0.4662987293008867,-0.07795621498184599,0.3082955388029933,-0.4228106188018526,-0.3704033973349172,0.16108597823221174
FIS,0.5271314937887682,132.328,0.019197098231076074,-0.53017604,43.73871145503392,30.406,0.17225,0.040700004,0.16388,0.28916,23.723799671733108,0.301,7.534884,financial-services,1.7568923416716735,-0.010668579691388045,0.04517953146369355,-2.0029092639591237,-1.1311432533879042,7.0410410053578065,-0.058067464233163654,0.05201972792633394,-0.09593554451253292,0.6315308707529,-0.0876364656343502,0.5193368425955773,-0.665658615988765,0.597134431147993,1.302329496003593,0.13238689748338436,-0.0876364656343502,0.5193368425955773
PYPL,0.4992285347403847,58.28,0.024687248956286052,-0.4105459,47.038190332802984,-0.062,0.25120002,0.04738,0.17969999,0.19482,24.363199615279612,0.072,8.101314,financial-services,1.5702240310512448,-0.48241073149934455,0.7725732268280338,-1.5709214809798293,-0.8330342119228669,-0.30576439750731693,0.30767135944512203,0.2024230311988982,-0.07291865044189746,0.2503866421550608,0.42102889513386094,-0.26950400297375665,-0.6344473071195948,0.6201288421266447,-0.9032400301366709,0.1718905955892959,0.42102889513386094,-0.26950400297375665
BRO,0.4963184378646777,64.37,0.01841733193973874,-0.41283393,64.16997424907325,-0.079,0.11926,0.05515,0.47180998,0.39725,23.802580947959637,0.357,20.895767,financial-services,1.5507557421651785,-0.4436127936143179,-0.05813221944542503,-1.5791836213325041,0.7148283054812934,-0.3098636390672719,-0.303545556154006,0.3773682956014254,0.35207938664942706,1.0682266484626781,-0.024963162800952482,0.7122411541758511,0.07054999951155272,0.3496702430351452,-0.3914063183061609,0.3735321936398811,-0.024963162800952482,0.7122411541758511
JPM,0.15471736614686005,,0.013956540323935087,0.13422406,63.216324714833675,0.172,0.16465001,0.01272,0.43741,0.0,27.499869073097504,0.127,15.676724,financial-services,-0.7345250000357837,0.0,-0.6491454465996914,0.39625808809965957,0.6286657449444725,-0.24933954309381956,-0.09327469283889071,-0.5779634378090288,0.3020300063595547,-0.5367081067895128,2.916360834830105,-0.08004441124313057,-0.21702862992982658,-0.4612234822118251,0.2585280966501042,-0.2264790577694694,2.916360834830105,-0.08004441124313057
SF,0.22729858567918879,41.528,0.016487766706796157,-0.03125596,41.024254628761504,4.692,0.15313,0.021189999,0.21587,0.0,23.093775137169114,0.143,13.57393,financial-services,-0.2489631064252502,-0.5891337291101766,-0.3137815914729987,-0.2012948945113222,-1.3763953530544553,0.8405764481412585,-0.14664155590190317,-0.3872573612911213,-0.020294009800289895,-0.5367081067895128,-0.5888433556276239,-0.024928893648766666,-0.3328963506053519,-0.38395947566947514,-0.24570459980817297,-0.27272525844570683,-0.5888433556276239,-0.024928893648766666
AXP,0.2389533135057276,177.847,0.01651769175023073,0.056893945,62.79309050204096,0.176,0.34419,0.03796,0.21245001,0.0,26.16480402133526,0.116,21.101059,financial-services,-0.17099401539270123,0.27932211564334586,-0.3098168027053863,0.11701687901653145,0.5904263895296091,-0.24837501566794778,0.7384508057209721,-0.009672771976366408,-0.025269837696049173,-0.5367081067895128,1.8542691767718336,-0.11793632958925576,0.08186195689440617,-0.06716290081824723,0.1530227509593976,0.04170002231476094,1.8542691767718336,-0.11793632958925576
FITB,0.2120551882563084,,0.016300142637405816,0.33788884,73.40930146589893,-0.789,0.07969,0.00852,0.07955,0.0,24.656830766256324,0.33,18.979797,financial-services,-0.35094007740208727,0.0,-0.33864002833639034,1.1316973075402266,1.5496046693936671,-0.4810672571595076,-0.48685501260442565,-0.6725284455941787,-0.21862934374860626,-0.5367081067895128,0.6546229028466423,0.6192337182353621,-0.03502338370272603,-0.2298600352461592,0.7334115732581287,-0.47868022718418085,0.6546229028466423,0.6192337182353621
KMPR,0.6335683369607628,53.85,0.02720124083161541,-0.5781588,43.627709272802754,,0.01125,0.0054900004,0.0077600004,0.038829997,21.185268342399986,-0.071,37.444443,financial-services,2.4689453417938507,-0.5106332051989617,1.105653670669912,-2.1761763529521447,-1.1411723383953631,0.0,-0.8039057884312317,-0.7407503350615599,-0.3230783867710204,-0.379830544217736,-2.107128283688795,-0.7620989414733844,0.982411726488979,1.0213219357549337,-1.105782897115836,-0.561891263620387,-2.107128283688795,-0.7620989414733844
SYF,0.27614270211734154,,0.018646069246614435,0.1496259,57.491188988996,0.201,0.2178,0.02957,0.48032,0.0,23.96511407164569,0.061,7.872671,financial-services,0.07779968183127677,0.0,-0.02782666259577494,0.451874563307344,0.11139778030130944,-0.24234671925624932,0.1529445585446128,-0.1985776327662253,0.3644608248727754,-0.5367081067895128,0.10433770879122263,-0.30739592131988186,-0.6470459464815171,0.01665767307850061,0.10697520811746804,-0.05447008903458746,0.10433770879122263,-0.30739592131988186
AFG,0.13191237175068993,43.523,0.012112545451399758,0.10471451,57.63812975002801,0.246,0.19383,0.02454,0.14636,0.16597,23.176601524709824,0.003,13.302281,financial-services,-0.8870883812262828,-0.5764240598030127,-0.8934575450649058,0.28969827732608155,0.12467392815560718,-0.23149578571519214,0.04190266642642842,-0.3118304873279643,-0.12142582510800318,0.13382939183655684,-0.522952023098192,-0.5071896725994511,-0.34786469769678635,-0.7856566620314004,0.0609588065888322,-0.06438106354324555,-0.522952023098192,-0.5071896725994511
PNC,0.1720966725102419,,0.013624553937905712,0.28158116,72.11769292490068,0.177,0.12104,0.012560001,0.36725,0.0,25.317104520232075,0.138,14.298491,financial-services,-0.6182589884998029,0.0,-0.6931305421337167,0.9283686994828628,1.4329073973791877,-0.24813388381147983,-0.295299641762251,-0.5815658917806041,0.19995249000235193,-0.5367081067895128,1.179894121059425,-0.04215249289700532,-0.2929717400346639,-0.4371298435445065,0.7043807376835236,-0.30340528758250396,1.179894121059425,-0.04215249289700532
TW,0.3709087864823542,1.954,0.018679384719961577,-0.33173704,40.43873178327552,0.391,0.14236,0.12593001,0.46445,0.0,23.80188936128154,0.212,24.607407,financial-services,0.7117763450896758,-0.8412502469857176,-0.02341267352995329,-1.2863404823240927,-1.429297541760609,-0.1965316665273412,-0.19653397050819632,1.9710140567164218,0.3413711700183169,-0.5367081067895128,-0.025513344562255,0.21275677597692788,0.2750680201869526,-0.050962191808665035,-0.9707232302040142,0.3947857873592574,-0.025513344562255,0.21275677597692788
COF,0.31467081982914424,,0.01980364351875393,-0.059949815,58.47710127520334,-0.032,0.03259,0.00487,0.28586,0.0,25.5402016724785,0.463,61.72923,financial-services,0.33554935749027737,0.0,0.12554111720011232,-0.3049092078154723,0.20047529147743778,-0.2985304418132788,-0.7050474664536741,-0.7547099404550828,0.08153616935935404,-0.5367081067895128,1.357375828055438,1.0773814582385124,2.320547043966882,0.15369682489679656,-0.13432145271710447,-0.47873233608472887,1.357375828055438,1.0773814582385124
KEY,0.17763334454759666,,0.014882371263388467,0.29546726,66.59862567675549,0.333,0.09977,0.01031,0.35779998,0.0,23.937307920648493,0.118,14.141104,financial-services,-0.5812191457404646,0.0,-0.5264814939983034,0.9785117951377604,0.9342577899484226,-0.21051731420248157,-0.39383368620754855,-0.6322257398952696,0.1862034225689726,-0.5367081067895128,0.08221692825109134,-0.11104688988996032,-0.301644046001848,-0.36923354657958934,0.5674174236279005,-0.3441410275808396,0.08221692825109134,-0.11104688988996032
TFSL,0.10824857597757202,,0.014262149027665906,0.33919024,75.5289410526984,0.143,0.048720002,0.00538,0.39176998,0.0,22.326536160847777,0.098,53.696964,financial-services,-1.0453970671321478,0.0,-0.608655147613635,1.1363966993554435,1.7411148286886962,-0.2563323669313897,-0.6303246486835407,-0.7432270466526002,0.23562721433998426,-0.5367081067895128,-1.1992092066492257,-0.17994128688291522,1.8779547818244566,-0.5513507382485943,0.8737263870375833,-0.41865814694641734,-1.1992092066492257,-0.17994128688291522
AIG,0.16976556869500484,22.647,0.015006482379586964,-0.12518924,47.86741421973494,0.216,0.07723,0.01885,0.18620001,0.31145,24.399978234108328,0.014,13.121479,financial-services,-0.6338538653842438,-0.7094200780768742,-0.5100379302482454,-0.5404905969920959,-0.7581135510394907,-0.23872974140923028,-0.49825105159527816,-0.43994355739879826,-0.06346161084850885,0.7215849820041811,0.45028759245450717,-0.4692977542533259,-0.3578272121578207,-0.6177706245697878,-0.5124446298136056,-0.07001780945960107,0.45028759245450717,-0.4692977542533259
FAF,0.18457346994146925,51.35,0.017724201619716173,0.09977615,53.63147881951152,0.704,0.12796,0.03945,0.11083,0.16521,22.66764920735386,0.162,10.552307,financial-services,-0.534790325036476,-0.5265601090926508,-0.1499655132993019,0.271865721183009,-0.23732834936431269,-0.12105739545287672,-0.2632424914302595,0.023875290309317666,-0.17311929939778956,0.13075890621291508,-0.927841664917278,0.04052078349454058,-0.499393197063323,-0.40377198247614293,-0.028840007878060136,-0.07043189857645407,-0.927841664917278,0.04052078349454058
BPOP,0.14682909211616005,,0.015384607236770473,0.46299255,71.84420444882724,0.478,0.14885001,0.012,0.39253,0.0,23.08372353917104,0.096,12.152479,financial-services,-0.7872968506652628,0.0,-0.459939918200442,1.5834503049486102,1.4081976203282396,-0.17555319501463063,-0.16646876440615457,-0.5941745820007688,0.23673298620403496,-0.5367081067895128,-0.5968397587765334,-0.18683072658221073,-0.41122085001991476,-0.4157455896219016,0.9386982434207397,-0.26515461674810026,-0.5968397587765334,-0.18683072658221073
KNSL,0.4062541385091945,11.41,0.020846289593208635,-0.3074115,55.88313204735998,0.274,0.29684,0.07359,0.30603,0.35434,22.752249103933746,0.102,14.535478,financial-services,0.948233601816247,-0.781008325698228,0.26368198418436506,-1.1985002767172603,-0.03389071259440619,-0.22474409373408988,0.5191002178279377,0.7925537107343215,0.11088200038735833,0.8948654141068028,-0.8605394429682536,-0.16616240748432426,-0.27991333130811696,0.14363575343412804,-0.48571169434858547,0.5793503357641051,-0.8605394429682536,-0.16616240748432426
AMP,0.20866725008475331,56.246,0.01578717204769106,-0.17046046,45.96359599578003,0.66,0.66936,0.024260001,0.37188,0.0,24.442703360858015,0.09,11.428999,financial-services,-0.37360508199439735,-0.49536886050725,-0.40660384054148585,-0.7039662391719671,-0.9301241766236776,-0.13166719713746597,2.2448125937923127,-0.3181347986648296,0.2066887913241,-0.5367081067895128,0.4842769479922223,-0.20749904568009722,-0.4510858955518733,-0.42519259434771106,-0.5885858709777035,0.39916461991551755,0.4842769479922223,-0.20749904568009722
FCNCA,0.23998997412766052,,0.01716764031322332,0.017784834,62.21883071597058,0.236,0.1018,0.00971,0.34193,0.0,23.905894997821637,0.049,12.004788,financial-services,-0.16405884817092403,0.0,-0.2237046883583177,-0.024207215138847285,0.5385418220814583,-0.23390710427987152,-0.3844296377720077,-0.6457350267217196,0.16311379681300794,-0.5367081067895128,0.05722683264069867,-0.3487325595156548,-0.41935888899771717,-0.1292545121764139,0.09347583422091317,-0.350939743617558,0.05722683264069867,-0.3487325595156548
TROW,0.19756330723777152,3.87,0.015222285303682926,0.1592176,71.20409780018856,0.037,0.18688999,0.10848,0.37183997,0.39533,23.916207081757832,0.053,12.198499,financial-services,-0.4478894705740367,-0.8290438678415943,-0.4814460583151504,0.4865104603981815,1.350363766398525,-0.2818923437169911,0.009752819045572314,1.5781187396923875,0.20663055068869843,1.0604696321503204,0.06543046160347717,-0.3349536801170639,-0.40868506548491623,-0.5861264655769273,0.5183272943599052,0.7137429353942446,0.06543046160347717,-0.3349536801170639
CNA,0.14552203682494716,27.374,0.012685084796733801,0.053141117,67.58530630471425,-0.222,0.11497,0.0154,0.07517,0.11379,23.299728097259486,0.1,10.874721,financial-services,-0.7960409341395328,-0.6793054881946868,-0.8176014290876743,0.10346531209850711,1.0234047210637351,-0.34434549454218694,-0.3234191363453707,-0.5176219566508856,-0.22500191389747382,-0.07698368690242197,-0.4250004622976991,-0.1730518471836197,-0.4816276074269256,-0.7643159504739646,0.26084151287335183,-0.285756673449038,-0.4250004622976991,-0.1730518471836197
ENTG,0.31303507252049195,92.796,0.039144010278698634,1.0772407,61.26113037852156,0.463,0.067880005,0.03746,0.17945999,0.27222002,24.033541584263077,0.05,103.96532,technology,-0.5553408501944807,-0.06079031416730627,0.646133666519877,0.041051981773420655,0.8913438982610455,-0.22577412739695282,-0.400223721771717,-0.3403103102820518,0.11298432502203798,0.3477791662084231,-0.04677856305128073,-0.5139854812462568,0.21290033965184893,0.010000834052696694,0.23554058421250446,-0.06994263520582694,-0.04677856305128073,-0.5139854812462568
GFS,0.2409984940216152,14.675,0.035107946115178014,1.0537524,55.77612242180055,-0.525,0.06835,0.030940002,0.11016,0.29722,24.53477078679186,0.031,50.870373,technology,-1.0047745479009165,-0.23061814464436506,0.23781570408545574,0.03521596497624746,0.3532294348659999,-0.48820051596947395,-0.3992663407311311,-0.40288583959315366,0.10990246167322758,0.4938554265360724,0.24709656203561461,-0.562504406695824,-0.19958493953416936,-0.33252566281994195,-0.0332517053757422,-0.04959857302874621,0.24709656203561461,-0.562504406695824
DLB,0.31823654348869873,1.891,0.0160456303976501,-0.31030834,45.71729543358858,0.053,0.09417,0.05222,0.291,0.26582,22.327483928990823,0.071,20.86508,technology,-0.522889054461424,-0.2584093785612212,-1.6906684819224251,-0.30370517410169917,-0.6336060136610637,-0.33467576637947677,-0.34667093340142097,-0.19865155323460126,0.11794465862013731,0.31038349678700095,-1.0470552913805675,-0.46035930048620854,-0.43269076898651404,-0.8239889716483567,-0.4239956513807466,-0.029248582807220994,-1.0470552913805675,-0.46035930048620854
VNT,0.3627629809009287,153.149,0.01923797489033164,-0.23399144,54.41582867232057,0.119,0.34785,0.084589995,0.17959,0.22518,22.13014683167469,0.013,10.24735,technology,-0.24509016632871336,0.07041152724258258,-1.3677074124672137,-0.2847431074426311,0.21977589262197975,-0.3171452586408266,0.1700758881090692,0.11201872165240334,0.11299010674082294,0.07292173802896695,-1.1627557810277827,-0.608469704490151,-0.5151780407672311,-0.5141286838511149,-0.1273708244871593,0.11700161363281561,-1.1627557810277827,-0.608469704490151
CTSH,0.5478480866314351,7.247,0.0219425121055182,-0.5183988,39.06207215189141,0.036,0.14876,0.10438,0.15574001,0.18177,23.63122046007098,0.058,8.401301,technology,0.9096493450730562,-0.24676592980819542,-1.0940965182167715,-0.35540833779985964,-1.2865261066239937,-0.3391912001909473,-0.23547096104941193,0.3019528348138418,0.1119294657501028,-0.18072528332158067,-0.2826630049404439,-0.4935564600043336,-0.5295196698709584,-0.14373770098397023,-0.6603752148716002,-0.0005784859517620061,-0.2826630049404439,-0.4935564600043336
GLOB,0.702786724167059,21.118,0.03577005392705392,-0.67502165,35.596653582328685,0.25,0.05204,0.047420003,0.085109994,0.16024,20.94610244835939,-0.007,11.764228,technology,1.876306094134485,-0.21661165840169422,0.3047994044687668,-0.3943236098042679,-1.6265058967561967,-0.2823498569171421,-0.4324898532620208,-0.2447194129128866,0.10878845436415176,-0.30652625935653316,-1.8569715001034037,-0.6595422575949588,-0.5033936831084668,0.6548312800671858,-0.7677264544925356,-0.21873676779182222,-1.8569715001034037,-0.6595422575949588
ADI,0.15729193369485103,25.81,0.021695329028466565,0.6280751,47.25399533812407,1.105,0.09639,0.054899998,0.38076,0.48268002,25.988317865391984,0.372,59.19076,technology,-1.5270168547107974,-0.2064116842513587,-1.1191033779397235,-0.07054987899608535,-0.4828458960727068,-0.05525009757553735,-0.3421487876124219,-0.17293033470007194,0.12193640600984434,1.577508539934206,1.0993241006311392,0.308282623741148,-0.1349453203509971,-0.9508439723006266,-0.2028819575481098,0.2960914559078891,1.0993241006311392,0.308282623741148
MKSI,0.2005678267547085,152.686,0.03460649756665487,3.130262,67.26452352647722,0.532,0.12662,0.04318,0.16048001,0.23103,24.125916412876787,0.152,93.44537,technology,-1.2570200691229965,0.0694050080542609,0.18708547748269858,0.5511555989681263,1.4803152740278163,-0.2074467783974549,-0.2805701987829433,-0.2854127431877823,0.11214025989701915,0.10710361029113485,0.007381617913386372,-0.2535154604117372,0.13117270344622362,-0.3335098611953456,0.6080080315328292,-0.08668476794564291,0.007381617913386372,-0.2535154604117372
WDC,0.21411625429649953,17.81,0.044672596328258034,9.211153,59.10970722008091,4.829,0.85920995,0.14648,0.37008998,0.33353,26.1175993310045,0.455,38.178123,technology,-1.1724919028066325,-0.2238029445247355,1.2054461302073556,2.0620432331425644,0.6802754864055308,0.9338955208901188,1.2117174397105483,0.7060066066090767,0.12146189593316072,0.7060167567650147,1.175122970063758,0.5202337191261002,-0.2981887913234694,-0.06361623904133751,1.225404746812738,0.6863006747544501,1.175122970063758,0.5202337191261002
COHR,0.26516345654065576,31.093,0.04772246140260272,3.5154662,51.144281214434685,,0.04718,0.03142,0.13572,0.19899,25.069326401326354,0.205,188.74164,technology,-0.8540101905954237,-0.19492693074832748,1.5139929328355013,0.6468653004595782,-0.10118389789473543,0.0,-0.442389685935235,-0.3982790699410357,0.11103914909837143,-0.08010787471396877,0.560511257936549,-0.1181731946839967,0.8715126182094152,0.15501860383058333,0.18189380085494758,-0.202434370372967,0.560511257936549,-0.1181731946839967
GDDY,0.5800996729856629,1621.618,0.02498607076614615,-0.5221973,48.24908396144971,0.06,3.98215,0.09392,0.24681999,0.2611,23.142651068489478,0.061,13.451664,technology,1.1108658660979274,3.2627273500407545,-0.7861877188251356,-0.3563521315100925,-0.3852213192632497,-0.3328164701041654,7.573154465117799,0.20156322785474068,0.11597991441787874,0.28280427677376474,-0.5691155706334764,-0.4858955770386124,-0.49028429042805716,1.1958018324378488,-0.3581299736258359,2.043375471041046,-0.5691155706334764,-0.4858955770386124
CRM,0.4467729814728467,124.282,0.02435521614032785,-0.41918284,43.53271279923764,0.522,0.16908,0.05703,0.218,0.30108,25.57767253889903,0.133,18.152954,technology,0.27904529357441976,0.007657338453636504,-0.8500096168352418,-0.33075665976834323,-0.8479275828003453,-0.21010291593361402,-0.19407906806181666,-0.15248768999623838,0.11469825087226952,0.5164096191740157,0.8585591051348206,-0.30203438586130454,-0.4537607975581154,-0.1877689949357285,-0.46292905283410085,0.07113527799705756,0.8585591051348206,-0.30203438586130454
APPF,0.5538054588703794,7.864,0.02818979852573484,-0.31869805,53.479206828215055,0.372,0.32598,0.18541001,0.19354,0.18396,22.458409284507404,0.204,38.178574,technology,0.9468171824378488,-0.24542462885961122,-0.46207503429120844,-0.3057897220887145,0.1278872818812543,-0.24994497897600085,0.12552664107960523,1.0796364730348773,0.11361048192003875,-0.16792899267984593,-0.9702925947232992,-0.1207268223392371,-0.29818528758400975,0.07977250642900972,-0.142615806394487,0.2877111508386688,-0.9702925947232992,-0.1207268223392371
WU,0.276070224872756,288.116,0.019105935213865083,-0.11995387,43.90530968067436,-0.444,0.47657,0.054279998,0.12517,0.21827999,21.601127655263234,-0.001,5.6617646,technology,-0.7859632438404539,0.3638173054071886,-1.3810655181540905,-0.2564087803934697,-0.8113734387591678,-0.466685801926585,0.43227886376670993,-0.178880770294206,0.11056997647179599,0.03260459949432083,-1.4729244141739235,-0.6442204916635165,-0.5508026450059419,-0.6010704855291186,-0.5114893403597408,0.0991431673596552,-1.4729244141739235,-0.6442204916635165
GWRE,0.6078738333331003,53.467,0.03316582225368242,-0.4774093,47.87176623203643,-0.648,0.1193,0.02915,0.08224,0.0922,23.050025951432932,0.269,66.155914,technology,1.2841478826200599,-0.1462879235787609,0.04133615723171561,-0.34522388807349663,-0.42223860877216896,-0.520871007664231,-0.2954810578709944,-0.4200653421969783,0.10866082188801568,-0.7040877275134384,-0.6234224979311084,0.045258975251388146,-0.0808342673300079,0.3930653720910049,-0.4294445015032989,-0.3277433264233488,-0.6234224979311084,0.045258975251388146
IOT,0.46373287604208213,4.578,0.03692010778776027,-0.18028599,54.79131861811716,,0.043649998,-0.0032300001,0.01503,-0.00075,23.662284212625064,0.305,324.3,technology,0.38485748354512506,-0.25256808901690075,0.4211473191867126,-0.27139919118220585,0.2566138648340305,0.0,-0.4495803092142703,-0.7308316407987617,0.1056719031930267,-1.2471996979012154,-0.26445005142248684,0.13718957084004202,1.9246416093843903,0.18447890457164565,-0.004928442116058455,-0.5804849361803053,-0.26445005142248684,0.13718957084004202
AAPL,0.1379852407188817,79.548,0.014961112872259376,0.3556924,45.61374602337224,0.218,1.4147099,0.26229,0.32275,0.35437,29.077924346729514,0.166,35.073936,technology,-1.647470637989914,-0.08959024118001829,-1.8003862585114094,-0.13822740408131476,-0.6437648750069556,-0.2908494970328513,2.3432722864140185,1.8174903907327382,0.11935662363376476,0.8277860247895579,2.9107877715257113,-0.21776467323837176,-0.3223046726584787,-1.1791490458937806,-0.3576139253737072,1.2769763313925198,2.9107877715257113,-0.21776467323837176
MPWR,0.22450572493823784,0.543,0.032379318262431796,0.7574601,45.449323692622286,0.395,0.19574,0.121300004,0.29986998,0.28988,24.9415278536335,0.261,99.02292,technology,-1.1076723582775747,-0.2613398059172852,-0.03823237640474278,-0.03840225514496555,-0.6598957603182989,-0.24383586264283486,-0.1397725785416745,0.46434218006302136,0.11833911850774598,0.45096740219345527,0.485581836427026,0.024829954009465034,0.17450370571512083,-0.4690815135332009,-0.3140446260353664,0.22346903055563702,0.485581836427026,0.024829954009465034
WDAY,0.5458032262460287,56.936,0.028618550932959126,-0.48342597,48.95387202969664,2.48,0.10858,0.04343,0.13297,0.15344,24.132249259503997,0.135,38.13707,technology,0.8968915325359027,-0.13874663834271786,-0.4186992844978839,-0.3467188190469195,-0.31607708900061043,0.30996881364634166,-0.31731772582508005,-0.2830133739965992,0.11091685291608872,-0.3462590339518735,0.011094622034730427,-0.29692713055082376,-0.29850772484018284,0.11314853656510032,-0.11760903146706274,-0.20891832021436602,0.011094622034730427,-0.29692713055082376
GLW,0.23006846343498283,80.363,0.03903955848132051,3.8619509,61.01257619819038,1.389,0.1674,0.05375,0.15661,0.23938,26.11613269957953,0.2,123.39613,technology,-1.0729666270495843,-0.08781850653966802,0.6355665537708952,0.732954567420726,0.8669591388534287,0.020184208451381663,-0.19750123244268086,-0.1839674137845607,0.11196815537032975,0.15589312027217775,1.1742630710568878,-0.13094133296019858,0.3638548756392466,-0.17507285993945235,0.5400326382418454,-0.0284018426461835,1.1742630710568878,-0.13094133296019858
HPE,0.2373332691900175,84.03,0.030724603095781924,1.168457,61.93313992619165,,0.06315,0.01966,0.087,0.14515,24.813180985651062,0.4,42.15888,technology,-1.0276417576340398,-0.07984678761185893,-0.2056355439169378,0.06371602553035464,0.9572723454017164,0.0,-0.4098587542909488,-0.5111453966942889,0.10887250546171226,-0.3946979606276634,0.4103309298705912,0.3797841980878789,-0.2672629922541776,-0.43770802972094547,0.340329456977357,-0.30170740153779724,0.4103309298705912,0.3797841980878789
AMAT,0.21371954941850937,30.399,0.033588999528127654,2.780148,70.87166779958113,0.335,0.39692003,0.14858,0.31896,0.31956,27.075952099328514,0.114,68.01505,technology,-1.1749669306873094,-0.19643562257704292,0.08414788555154144,0.46416457854836385,1.8341992647577419,-0.2597726878597896,0.2700316671768885,0.7261613078150146,0.1191880772589097,0.6243892771919406,1.7370136944024288,-0.3505533113108719,-0.06639096763136088,-0.42908488923760363,0.6795303851487721,0.4349425823606884,1.7370136944024288,-0.3505533113108719
MSI,0.25448275106729473,374.132,0.015208806448959776,-0.03065902,57.65752962392702,-0.138,0.99289,0.11216,0.19823,0.29441,24.956448883171266,0.074,33.4372,technology,-0.9206467390689311,0.5508081358665362,-1.7753277528859237,-0.23422214941119074,0.5378075494263093,-0.385407993320116,1.4840240501522994,0.37662120404345995,0.11381905250000451,0.4774364417400569,0.4943301683273102,-0.4526984175204874,-0.33502018598056205,-0.7150554520294395,-0.02727419776833249,0.6129751871089552,0.4943301683273102,-0.4526984175204874
ZBRA,0.41615885984263457,82.104,0.027212412743635134,-0.18914038,51.075181019253115,0.038,0.11781,0.06361,0.14983,0.18377,23.252186779484347,0.143,31.833132,technology,0.08804485778171522,-0.0840337335226744,-0.5609545750741298,-0.27359919581296765,-0.10796307027589128,-0.33865997268371545,-0.2985161917564037,-0.08933629288429902,0.11166663969182916,-0.16903917314648056,-0.5048938121890435,-0.27649810930890073,-0.34748190737211665,-0.185647816938363,-0.2400740795908581,-0.11130625452383852,-0.5048938121890435,-0.27649810930890073
HPQ,0.36620526900903144,,0.025348335044776807,-0.11215687,53.32813293878766,0.162,,0.058790002,0.07114,0.08207,23.72222433742907,0.09,8.125926,technology,-0.22361385102842962,0.0,-0.7495383975754414,-0.2544715000041883,0.11306596428542284,-0.3057238672353424,-1.1307635981212794e-16,-0.13559611169535574,0.10816719002498373,-0.7632778755503203,-0.22930662485110823,-0.4118403750366412,-0.5316590096796195,-0.324384082867957,-0.14904313431803595,-0.19767669930517312,-0.22930662485110823,-0.4118403750366412
APP,0.49985003288876506,162.888,0.044865833657520254,0.4813627,51.411844441319715,1.131,2.66444,0.44236,0.78151,0.79038,25.877055075182817,0.59,44.841602,technology,0.6101911638850531,0.09158321271788468,1.224995440960085,-0.10700275258649404,-0.0749342290892306,-0.048344139981523634,4.888975758981769,3.545708031758105,0.1397582951188583,3.375416473512254,1.0340897403319538,0.8649734525835523,-0.24642139817275827,0.642256605854341,-0.07676037388574942,2.987464639842747,1.0340897403319538,0.8649734525835523
NCNO,0.5714285464229072,33.187,0.030219090856250366,-0.43001443,55.29953981183903,1.476,0.01809,0.01148,0.13248,0.11732,21.306146478081494,0.106,136.25,technology,1.0567670102723337,-0.1903747683717711,-0.2567768834171348,-0.3334479290888174,0.306473623854166,0.043292605015966,-0.5016460917919843,-0.5896527566298,0.11089506195997291,-0.5573101837141813,-1.6458744935093055,-0.37098233255279506,0.46371432470453683,0.20320511949447592,0.005439433260438204,-0.38442849254399813,-1.6458744935093055,-0.37098233255279506
ZM,0.259206298819551,0.604,0.02681952152395719,0.110480905,40.783867844372566,0.742,0.21948,0.06548,0.25058,0.27184,23.954420870961943,0.055,12.71134,technology,-0.8911766895909072,-0.2612071975577007,-0.6007023431416565,-0.1991538399527894,-1.117606904966302,-0.1516678901381134,-0.09141413663589146,-0.07138901133424942,0.11614712709727683,0.3455586884140524,-0.09316773870390985,-0.5012173429700548,-0.4960357370172799,-0.5843620767634214,-0.48947621168573496,0.07472566688529708,-0.09316773870390985,-0.5012173429700548
HUBS,0.6964164889149759,12.384,0.04038517964884962,-0.66932565,46.47223362464982,,0.05011,0.010980001,0.03296,0.026670001,22.957873570075563,0.234,96.05789,technology,1.8365624188480711,-0.23559856680515334,0.7716994969238207,-0.3929083540523957,-0.5595417346691697,0.0,-0.43642126829479927,-0.5944514854146895,0.10646927430150986,-1.086983121557538,-0.6774522560972779,-0.04411799268202541,0.15146891057077463,0.7908877829889128,-0.3174833629071885,-0.5028466502413793,-0.6774522560972779,-0.04411799268202541
NOW,0.6027529765110702,20.728,0.032715463554132074,-0.5060234,51.62736708059642,0.023,0.1607,0.056560002,0.13342,0.20688,25.35203790298015,0.221,59.095238,technology,1.252199035729919,-0.2174594823400213,-0.004225444148924474,-0.3523334859684484,-0.05379007573540387,-0.34264417898795413,-0.2111491499139844,-0.15699848488070905,0.11093686501864408,-0.03400617007319883,0.7262675177331687,-0.07731515220015048,-0.1356874139223195,0.34350470308032444,-0.24958924689726877,-0.07280423496231206,0.7262675177331687,-0.07731515220015048
ANET,0.2832808854636843,,0.03360393594748661,0.65908396,60.015794324644226,0.25,0.31520998,0.14359,0.42738998,0.43638,26.088810458744668,0.351,58.57931,technology,-0.7409761842129967,0.0,0.08565896368896025,-0.06284526743112777,0.7691684433362151,-0.2823498569171421,0.10358808225508456,0.6782698987589999,0.12401010365854188,1.3069749725195372,1.1582437990302572,0.2546564429810998,-0.13969556756300183,-0.21843907350801217,0.14132443966264843,0.5532107642980408,1.1582437990302572,0.2546564429810998
NTAP,0.2483337241012155,202.295,0.025660484734466353,0.45336962,63.97559378801952,0.234,1.06734,0.09824,0.27259,0.27206,24.13509207406333,0.125,24.371653,technology,-0.9590103035836544,0.17725038691700465,-0.7179590370636418,-0.113958048843976,1.157650170290722,-0.2865996769749967,1.6356788942923812,0.24302432747838462,0.11712594126892847,0.3468441605333134,0.01276138941382161,-0.32246340710322763,-0.40544882178405894,-0.49990631791009715,0.2523641481572498,0.5856683308932519,0.01276138941382161,-0.32246340710322763
DELL,0.32341147208340487,,0.041870382046075745,2.4059803,68.62478828113092,2.825,,0.07004,0.088570006,0.10496,26.353705299846425,0.875,34.35191,technology,-0.4906028556697668,0.0,0.9219535048058712,0.3711970593085861,1.613765971693395,0.40160555864383135,-1.1307635981212794e-16,-0.027624517287069508,0.10894232573078895,-0.6295303445962999,1.3135539927917266,1.5927573343270627,-0.3279139653128167,0.1437835497120348,0.7955228632152708,-0.13705313403814512,1.3135539927917266,1.5927573343270627
IBM,0.30963071408168813,211.169,0.025579238602763423,-0.04532969,62.2920170250307,0.142,0.35772,0.05369,0.13809,0.24104999,26.30037013586981,0.095,24.88584,technology,-0.5765805236125285,0.19654164237524793,-0.7261784938434571,-0.2378672951452705,0.9924804907663759,-0.31103614230766063,0.19018110384664622,-0.1845432623904446,0.11114454617182959,0.16565096383783534,1.2822831133096835,-0.3990722367604393,-0.4014541936653262,-0.36873912502691253,0.14785901777114827,0.07060833786646664,1.2822831133096835,-0.3990722367604393
FOUR,0.6664169845283504,257.416,0.03661078946439645,-0.5062449,58.18091752042433,,0.099429995,0.0367,0.04996,0.19111,22.296388384731927,0.322,55.908047,technology,1.6493965585754076,0.29707834410810513,0.38985440053564363,-0.35238852093141176,0.5891552592734763,0.0,-0.33595630987015696,-0.34760439262324844,0.10722528706471195,-0.12615114880386313,-1.065286884656906,0.18060124097912866,-0.1604481386943805,0.7787764344063853,0.07892224611402153,-0.17562164105813916,-1.065286884656906,0.18060124097912866
ARW,0.23543981877268447,36.178,0.022209448885325923,0.65636563,52.172792461488584,2.013,0.113299996,0.024939999,0.04157,0.038259998,23.11317435637093,0.39,15.26538,technology,-1.039454928667684,-0.18387261093706236,-1.0670912285053165,-0.06352067687073217,-0.00028034731264288426,0.18592719070771072,-0.30770308166494825,-0.46047072897397845,0.1068521725304022,-1.0192621306219982,-0.5863980282741826,0.354247921535475,-0.4761938506989404,-0.7634729227033542,0.040708722174778555,-0.4201459421826307,-0.5863980282741826,0.354247921535475
NTNX,0.5758136257106825,,0.029515490919992966,-0.32092035,55.97825781126672,0.172,,0.04694,0.10029,0.11494,23.34615988858694,0.1,53.642105,technology,1.0841253668199242,0.0,-0.3279582325488612,-0.30634188551171054,0.37306021314271226,-0.3030677296991833,-1.1307635981212794e-16,-0.24932623055238845,0.10946352955718025,-0.5712166548225504,-0.4497965452041998,-0.3863040984842373,-0.17805184246094277,0.25205571142368766,-0.07878313402272719,-0.17776983895443965,-0.4497965452041998,-0.3863040984842373
DV,0.47080519886717326,8.836,0.02820917180904783,-0.27490038,64.44805684892538,2.987,0.051760003,0.044320002,0.08647,0.17499,21.23222083538329,0.096,32.848484,technology,0.42898145868233806,-0.24331159073639597,-0.46011509033404274,-0.2949075408411551,1.2040018271159056,0.44463498672960905,-0.433060207881157,-0.2744716004810339,0.10884893565203595,-0.2203411968151699,-1.6892177532105717,-0.39651860910519887,-0.3395938167560344,-0.09148174079603355,0.45124309100145316,-0.2047560173813312,-1.6892177532105717,-0.39651860910519887
INGM,0.18439802081209997,90.51,0.026333250089685473,0.2887324,57.3569475562291,0.448,0.088649996,0.032,0.01667,0.022349998,22.567158397167447,0.137,18.046053,technology,-1.3579029237424085,-0.0657598667904237,-0.649897141139787,-0.15486461004082308,0.5083185205421776,-0.22975833370119153,-0.3579151959436994,-0.3927125334174908,0.10574483618900621,-1.1122251370649194,-0.9065320258561577,-0.291819875240343,-0.45459129257358766,-0.6911866438908731,0.041231858933387676,-0.4392770075592759,-0.9065320258561577,-0.291819875240343
SWKS,0.3523552115121628,20.632,0.027484262437504802,-0.12247276,49.91028212702725,-0.449,0.06171,0.03537,0.07704,0.22479,23.04541093015801,-0.01,28.25,technology,-0.31002387610147597,-0.21766817746330183,-0.5334522588095493,-0.25703463600457105,-0.22224712368943284,-0.4680138706946646,-0.41279203804597525,-0.3603690367203426,0.10842957092515386,0.07064294654482242,-0.6261283258190369,-0.66720314056068,-0.3753186279432918,-0.3537147707914423,-0.31576521012955616,-0.1485221393240854,-0.6261283258190369,-0.66720314056068
ALAB,0.6019136306999948,2.801,0.06149643020363222,4.1427927,70.0637906533644,1.444,0.21110001,0.10067,0.20052,0.23305,25.139614856759817,0.934,322.01334,technology,1.2469623865249337,-0.2564311227051246,2.9074690143866313,0.8027338814685013,1.7549413346953358,0.03479296490025681,-0.10848419811803311,0.2663461960166844,0.11392089186634173,0.11890658156798592,0.6017220024990377,1.7434213659862456,1.9068769511297452,1.2993334260688136,0.864156060354698,0.09767236783324473,0.6017220024990377,1.7434213659862456
NVDA,0.20214385493927148,6.555,0.02225500431943764,0.27181995,40.1737833519935,2.145,1.14288,0.52727,0.65596,0.65294,29.20925312154221,0.852,30.68865,technology,-1.2471872843150846,-0.2482702738218425,-1.0624825054323694,-0.1590667592930615,-1.1774601069730422,0.22098820618501114,1.7895540712748095,4.360629783851535,0.13417491850591579,2.572346982279375,2.987786996492804,1.5340238982565337,-0.3563731861842675,-0.8526466878564323,-0.37184622002703077,2.214176438977909,2.987786996492804,1.5340238982565337
DBX,0.3142679290781689,,0.021944209733629292,-0.010830343,51.99999906099748,-0.059,,0.14205,0.2745,0.33213,22.58093304949936,0.008,15.010928,technology,-0.547649101183011,0.0,-1.093924773659894,-0.22929542027209926,-0.017232488260686386,-0.36442450678445887,-1.1307635981212794e-16,0.6634897845413121,0.11721088152644119,0.6978364796424446,-0.8984558250748647,-0.621237842766353,-0.4781706434106732,-0.5471912916143017,-0.20365080510574818,0.3696342864275495,-0.8984558250748647,-0.621237842766353
OKTA,0.3775469707718721,5.957,0.03502359762112889,0.3324201,69.55128342285516,0.212,0.036679998,0.011360001,0.0732,0.08912,23.89823249621505,0.112,98.87681,technology,-0.15285336978713132,-0.24957027052727745,0.22928238949253102,-0.144009752472167,1.7046610879741568,-0.29244317955454674,-0.4637782173896413,-0.5908044442440912,0.10825880098334821,-0.7220843371830925,-0.1261114809556873,-0.3556605666213527,0.17336860289371928,-0.05771375027395926,0.422736051982481,-0.41710204945836926,-0.1261114809556873,-0.3556605666213527
DXC,0.49384234095572027,132.347,0.033528975753093423,-0.44346732,49.432539683016905,,0.00836,0.02108,-0.02173,0.11492,21.08401970833839,-0.012,88.5,technology,0.5727093837059521,0.02518990271673453,0.07807543860158506,-0.336790499305075,-0.2691167218610552,0.0,-0.5214661271644894,-0.49751697968836883,0.10403713677094974,-0.5713335159243014,-1.7761093878731362,-0.6723103958711607,0.09275299610329779,0.2253249083414239,-0.2019690737220434,-0.3715698715015524,-1.7761093878731362,-0.6723103958711607
INTU,0.6819406530105026,33.448,0.028445565800613904,-0.6582907,30.51372615447825,0.107,0.22496,0.09465,0.46974,0.30633,24.99146786304367,0.104,15.924345,technology,1.7462481841424282,-0.18980737850535218,-0.43619973392310746,-0.3901665569212297,-2.12517368117794,-0.3203326236842175,-0.08025136234592978,0.20856938589299528,0.12589346575512209,0.5470856583836534,0.5148621066870417,-0.37608958786327584,-0.4710744678318888,0.37341369057132284,-0.9452242872611292,0.20032428692146026,0.5148621066870417,-0.37608958786327584
SSNC,0.3038030351485833,110.669,0.015574562591710086,-0.24459916,45.72464493307869,0.083,0.11802,0.04533,0.24176,0.31786,23.427559067330673,0.088,19.270185,technology,-0.6129392089711346,-0.021936064809048316,-1.7383251689563843,-0.2873787529384613,-0.6328849806187147,-0.3267073537709994,-0.29808842120879564,-0.26477816814360766,0.11575488988719199,0.6144560835431053,-0.40207148506285334,-0.416947630347122,-0.44508122695885904,-0.7910668142455224,-0.4156570291093918,0.041836096019473495,-0.40207148506285334,-0.416947630347122
ON,0.3386843534798426,44.337,0.03928598587840574,0.6524254,44.90646782556397,,0.074939996,0.06827,0.18232,0.33775002,24.32858992093874,0.047,69.51471,technology,-0.3953158819729265,-0.16613569936575215,0.6604969633454763,-0.06449968550331629,-0.7131534029521609,0.0,-0.38584250169468026,-0.04461205116064597,0.11311151349632537,0.7306745660955776,0.1262108924907906,-0.5216463642119779,-0.054740373577954984,0.03301512733559919,-0.2592176961518257,0.10333288168414417,0.1262108924907906,-0.5216463642119779
DT,0.42867229945158336,6.293,0.025308256703093217,-0.18691415,61.2121213989445,-0.526,0.062179998,0.03856,0.10507,0.13991,23.27260940271035,0.194,81.31481,technology,0.16611577052729665,-0.2488398375957956,-0.7535930176585174,-0.27304605592313436,0.8865358030030737,-0.48846612972308984,-0.4118346508943815,-0.32975308584084617,0.10967610255765707,-0.42531556928642555,-0.49291984713500253,-0.1462630988916409,0.03693252220481949,-0.2787723615756721,0.041674539118949826,-0.26430680086599906,-0.49291984713500253,-0.1462630988916409
IPGP,0.4097849770875274,0.771,0.04273928227757578,0.5607319,56.352529137495,-0.575,0.01385,0.00643,0.02096,0.08813,22.328592345932407,0.166,172.5294,technology,0.04827842585130705,-0.2608441549994939,1.0098578486692782,-0.0872822966838446,0.40977863095844136,-0.5014812036502695,-0.5102829828484511,-0.6381200142916987,0.10593561823336721,-0.7278689617197671,-1.0464054167010537,-0.21776467323837176,0.745562584910941,0.2657640398403638,-0.05966162312522424,-0.44258408515663744,-1.0464054167010537,-0.21776467323837176
SMCI,0.6618349366456124,120.798,0.05472599735724062,-0.4036017,48.770314270865725,3.26,0.17877,0.05524,0.061100002,0.04684,23.66627150984105,1.227,15.436842,technology,1.6208093218420725,8.344460458091296e-05,2.2225221868252327,-0.3268852942476752,-0.3340852825483084,0.5171475414667529,-0.17434051279361795,-0.1696671734051094,0.10772069787024705,-0.9691287062847087,-0.2621122637153967,2.4916342689716795,-0.47486179266072837,1.2811383177572955,-0.047941011776410226,-0.3013539236532973,-0.2621122637153967,2.4916342689716795
ADSK,0.4255638290272318,85.419,0.021568904832073674,-0.37356818,34.798275669306065,2.314,0.50396,0.113249995,0.29524,0.28493,24.438077561104155,0.184,28.423975,technology,0.1467221320988806,-0.07682723004689389,-1.1318933803237603,-0.3194230203837413,-1.704831891110716,0.2658769305461003,0.48807236519044184,0.38708240572963454,0.11813321709754773,0.4220442795100825,0.190404466581743,-0.1717993754440448,-0.3739670468512834,-0.35399949275725784,-0.5861259936494524,0.35383306688192667,0.190404466581743,-0.1717993754440448
ONTO,0.2024142379608575,,0.037998232849551415,2.5064352,63.28717102982549,-0.485,0.052529998,0.05371,0.16753,0.25899,23.65847570425978,0.095,176.8458,technology,-1.2455003740853,0.0,0.5302183870995796,0.3961565703740253,1.0901114819173363,-0.47757596582483747,-0.43149172605827396,-0.18435131285514997,0.11245378239233957,0.2704754305390341,-0.26668301364136,-0.3990722367604393,0.7790959352517658,-0.2384273289952401,0.3362306954888414,-0.05822845649551256,-0.26668301364136,-0.3990722367604393
ESTC,0.541653448951461,46.343,0.03247185801202943,-0.3196751,56.60766185908371,,0.33376998,-0.0069,-0.03518,-0.016490001,22.51050326782002,0.16,16.623907,technology,0.871001216907088,-0.16177484085220292,-0.028870374100265425,-0.3060324846646216,0.4348087874605849,0.0,0.1413948506532031,-0.766054379565582,0.10343899726123984,-1.3391693908223083,-0.9397494304682383,-0.23308643916981409,-0.4656396940317015,0.22678533398487322,0.042925434265321104,-0.46509748061836187,-0.9397494304682383,-0.23308643916981409
JBL,0.17864650041793337,293.293,0.026464725229492128,0.7284168,59.236927584253905,0.276,0.65876,0.05011,0.05211,0.07136,24.428735687014132,0.118,48.305767,technology,-1.3937864586360678,0.3750716247115976,-0.6365961481372857,-0.04561849415099583,0.6927566201686988,-0.2754438993231284,0.8034003688557837,-0.21890222920818667,0.1073209004435875,-0.8258569955379814,0.1849272429824381,-0.3403388006899104,-0.21950891124304284,-0.5517703273539186,0.12389807556485817,-0.033509488861699216,0.1849272429824381,-0.3403388006899104
SNPS,0.41044392095117055,35.574,0.03578772373051651,-0.14281881,39.609068770757496,-0.96,0.03824,0.014939999,0.10383,0.19543,25.17076629922237,0.419,102.075516,technology,0.05238955360597564,-0.1851856510877023,0.3065870118640284,-0.2620899141454381,-1.2328622296774974,-0.6037424987923956,-0.46060048924769076,-0.5564454966213026,0.10962095809728231,-0.10090915082564698,0.6199863693877464,0.42830312353744615,0.19821878566994441,0.057930304794100586,-0.6995648808717769,-0.25208354464933946,0.6199863693877464,0.42830312353744615
AVT,0.20671277203223146,64.048,0.021613473161554837,0.6248841,54.83701709428301,0.129,0.04348,0.03437,0.03121,0.030669998,22.709135239553706,0.339,34.293438,technology,-1.2186819701206415,-0.12328580795968587,-1.1273845200218515,-0.0713427303135404,0.2610971784725872,-0.3144891211046675,-0.44992659558356685,-0.369966513485075,0.10639144945823906,-1.063610918736503,-0.8232897444703109,0.22401291111821528,-0.3283682239684391,-0.8231174327007263,-0.04157822431520689,-0.44427814458672643,-0.8232897444703109,0.22401291111821528
ORCL,0.5824985699540268,388.87,0.04090543609677127,-0.32517356,39.18918630661788,0.219,0.53376,0.06505,0.36202,0.45272,26.768586359839176,0.206,25.137222,technology,1.1258325005130443,0.5828471851051646,0.8243324690848569,-0.3073986586711944,-1.2740553926887963,-0.29058388327923534,0.5487750428986279,-0.07551592634308436,0.12110301311676158,1.4024504926501051,1.5568024363908444,-0.11561956702875632,-0.3995012512421548,0.844337384901022,-0.6240126448797421,0.4992031555806026,1.5568024363908444,-0.11561956702875632
ENPH,0.39636149333553833,55.529,0.052353112553957463,0.18161821,48.03192201612474,,0.14113,0.022249999,-0.09125,0.12798999,22.59348905964795,-0.206,48.752476,technology,-0.03547022052357306,-0.141805326243298,1.9824636920358374,-0.181478720557787,-0.40652629905551824,0.0,-0.2510132909458367,-0.4862879414711087,0.1009454892828433,-0.4949648443605731,-0.8910941250095195,-1.1677141609877957,-0.21603850780559508,0.6017293817563222,-0.19600167320443507,-0.2828301468736688,-0.8910941250095195,-1.1677141609877957
KEYS,0.1400069808463151,43.642,0.02600994381104623,1.0680368,50.20431716631255,0.356,0.18174,0.06039,0.18812001,0.23489,24.814695160921065,0.315,56.462906,technology,-1.634857071934885,-0.1676465651020018,-0.6826051843194272,0.03876513619500493,-0.1934004002876062,-0.25419479903385545,-0.1682906150488759,-0.12024016806673742,0.11336944770730771,0.1296578029290779,0.41121870425530516,0.16272584739244592,-0.1561375369807396,-0.8283696071187713,-0.1362766877088189,-0.011375883119806925,0.41121870425530516,0.16272584739244592
SNX,0.13965771608848948,58.17,0.018916958344218353,0.9882933,63.41710914063074,0.878,0.13141,0.03258,0.026530001,0.03181,23.777761652499287,0.31,19.150429,technology,-1.6370361225624845,-0.13606403644554949,-1.400183809448568,0.018951679901216847,1.1028592440577465,-0.11554441964634937,-0.27081295629226515,-0.387145996893946,0.10618332363613475,-1.0569498242505857,-0.19674460465972998,0.14995770911624398,-0.4460115902021673,-1.0577613228188671,0.33542216810420467,-0.40218136345016553,-0.19674460465972998,0.14995770911624398
VRSN,0.3020902501106684,,0.018324594360283292,-0.12657398,33.09884649584848,0.114,,0.52069,0.68454003,0.69635004,23.854051608135133,0.066,27.766003,technology,-0.6236252150115014,0.0,-1.460111710775319,-0.25805364499240346,-1.8715567937851885,-0.3184733274089061,-1.1307635981212794e-16,4.297478386739595,0.1354459107090157,2.8259942373521265,-0.15201512732232214,-0.4731274387624105,-0.37907871527646486,-0.6945789752622735,-0.8160279220621661,1.8147296337001841,-0.15201512732232214,-0.4731274387624105
BSY,0.512763728291803,95.079,0.023178575709651202,-0.44645184,43.63229458231687,0.075,0.24256,0.07151,0.3038,0.29551,22.92939320171423,0.145,34.35632,technology,0.6907592585528533,-0.05582728326679139,-0.969047224689514,-0.3375320476015247,-0.8381579711264121,-0.3288322637999267,-0.044400116451162236,-0.01351622644291286,0.11851389175948947,0.4838638023363619,-0.6941505485600497,-0.27139085399841995,-0.3278797048005836,-0.11137174980115072,-0.5015074275092878,0.13611533780044408,-0.6941505485600497,-0.27139085399841995
PLTR,0.48223766562761367,2.477,0.03218823861187255,-0.114631176,42.55437722991378,3.25,0.32587,0.14702,0.46183997,0.38633,26.356963333126714,0.847,131.08989,technology,0.5003082195741088,-0.25713546874619636,-0.05756340049603885,-0.2550862780586812,-0.9439085775520315,0.5144914039305939,0.12530257079276294,0.7111892440620322,0.125542140842788,1.0145300653876572,1.3154642065880333,1.5212557599803318,0.4236263401740962,0.06186978344395785,-0.22816781722670632,0.4941410052713101,1.3154642065880333,1.5212557599803318
KLAC,0.2240681093201917,105.4,0.034075492741726894,2.0971797,69.6794432819654,0.118,0.94975996,0.21282,0.41215,0.44669998,26.699911799239846,0.115,85.47025,technology,-1.1104026268368405,-0.033390383606601105,0.133365120379082,0.29447096637818376,1.7172343922169313,-0.31741087239444243,1.3961680462039379,1.3427032151814253,0.1233323613414275,1.367275184161952,1.516537932677582,-0.34799968365563155,0.06921540269325367,-0.33680929668811993,0.5647648287335575,1.0573697017221857,1.516537932677582,-0.34799968365563155
TDC,0.35163678000486404,99.282,0.03848496699216689,0.48314607,51.71849468041686,6.711,1.17762,0.07447,0.19143999,0.19242,21.905166406251954,0.062,7.9290624,technology,-0.3145061451875783,-0.04669034990066604,0.5794599960800115,-0.10655964783750944,-0.044849873667371,1.4337806051952653,1.8603195418648222,0.01489230478069501,0.1135170916634004,-0.11849674663917253,-1.2946637990156464,-0.48334194938337205,-0.5331884082682944,0.07275450033058906,0.4274570278967949,0.46755804791743627,-1.2946637990156464,-0.48334194938337205
PANW,0.3600596483682511,7.698,0.02534725547066563,0.68033206,70.41116887580624,,0.048309997,0.017719999,-0.02465,0.13987,26.350639778797643,0.311,293.98276,technology,-0.2619561635985633,-0.24578549751028378,-0.7496476152398573,-0.057565861577659604,1.7890213665274428,0.0,-0.44008787909959013,-0.5297645112153465,0.10390728046103502,-0.42554929148992765,1.3117566506234684,0.15251133677148437,1.6891123187053823,-0.41912975878290143,0.5771518349832611,-0.3228736003359573,1.3117566506234684,0.15251133677148437
AVGO,0.28665988396784464,74.018,0.02926924069847047,0.406852,43.60828624104346,0.854,0.37280998,0.121190004,0.48988,0.55766,28.217237605532603,0.479,62.853577,technology,-0.7198947305416097,-0.10161194984399001,-0.35287071773923107,-0.1255160420441872,-0.8405133434035871,-0.12191914973313127,0.2209194324561419,0.4632864576189008,0.12678911852282151,2.015620693537607,2.406159504749197,0.5815207828518694,-0.10648954106841686,-0.39145913270827687,-0.3626495117269685,0.7066539255338679,2.406159504749197,0.5815207828518694
KD,0.7560469894076902,383.591,0.04645255893568995,-0.7326025,49.94040956616004,-0.731,0.15090999,0.03331,0.04112,0.09038,21.63717364872028,-0.008,13.305882,technology,2.208595029099597,0.5713711272322701,1.385520250843259,-0.4086304267214356,-0.21929142866212784,-0.5429169492143517,-0.23109142581297493,-0.38013983885569136,0.10683216042784685,-0.7147220877727795,-1.4517903286445333,-0.6620958852501991,-0.4914168450753063,1.3884954690583753,-0.3902796015326384,-0.30478029800339973,-1.4517903286445333,-0.6620958852501991
TER,0.26729338178986517,2.621,0.04414104666668316,4.0392733,62.54929079815794,3.148,0.2875,0.15835,0.37614,0.30671,25.050590163035864,0.87,90.10056,technology,-0.8407216613435047,-0.2568224260612756,1.1516706534177017,0.7770129498883829,1.0177206981579336,0.4873988010617709,0.04714278073695437,0.8199286558064504,0.12173094842360942,0.5493060193169224,0.5495260353208347,1.5799891960508607,0.10518746446153862,0.018042188670973774,0.7607108163693624,0.3845271010709841,0.5495260353208347,1.5799891960508607
EPAM,0.6565492185556253,8.391,0.029466878182657225,-0.55297995,40.78468484129686,0.188,0.10932,0.08046,0.09511,0.13166,22.145312688497476,0.076,11.400862,technology,1.5878319112581736,-0.24427897958910252,-0.33287625492241407,-0.36400053784267106,-1.1175267523275128,-0.29881790964132865,-0.31581034389541374,0.0723811906014423,0.10923316802109867,-0.47352077375871354,-1.1538639047197767,-0.4475911622100066,-0.5062166094776503,0.33689222558221904,-0.5934483999371708,-0.15192918975789657,-1.1538639047197767,-0.4475911622100066
PAYC,0.521160590770031,94.074,0.023967461686915666,-0.4560308,44.09548868410868,0.226,0.37147,0.07881,0.36755002,0.32048,22.4914313858007,0.078,14.563151,technology,0.7431469903324975,-0.05801206033863435,-0.8892377118128073,-0.3399120824043606,-0.7927156586447986,-0.288724587003924,0.21818988970193343,0.056545353939633815,0.12134894051092408,0.6297648878724865,-0.950931443977814,-0.4424839068995258,-0.48164934395176384,-0.06803426060631472,-0.4737841093510277,0.2564622680062445,-0.950931443977814,-0.4424839068995258
CDNS,0.2884805765425039,46.992,0.024745486810888784,0.20442057,55.86662698309469,0.23,0.20656,0.10389,0.29699,0.36433,25.363023565355387,0.187,87.69159,technology,-0.7085354931476721,-0.16036397486252527,-0.8105269628076723,-0.1758131357357611,0.36210851285820655,-0.28766213198946033,-0.1177322103268231,0.29725007119912283,0.11821104194081852,0.8859828534615561,0.7327085089770893,-0.16413849247832366,0.08647260138801977,-0.5598088102726232,-0.03378891828900496,0.2959279390686686,0.7327085089770893,-0.16413849247832366
LRCX,0.2000608498387755,35.282,0.03520765167889213,3.2444997,67.08600482885714,0.408,0.66762,0.22778,0.35042998,0.36195,27.018365605942904,0.238,81.91493,technology,-1.2601830803976521,-0.18582043208768056,0.24790265289739208,0.5795396512865331,1.4628014447072772,-0.24038288384582804,0.8214482119596268,1.4862814675818226,0.12058758940818701,0.8720763823531871,1.703250222797759,-0.03390348206106392,0.041594748645032625,-0.39936695319598026,0.6006527373826608,0.825098412825706,1.703250222797759,-0.03390348206106392
TXN,0.2957435913943029,83.741,0.027156332610635037,0.35652173,49.15217159315385,0.313,0.32347,0.12161,0.37824002,0.46995,26.326385494681556,0.186,51.039383,technology,-0.6632217971148756,-0.08047504688923467,-0.5666280541646299,-0.138021344732175,-0.29662262985976345,-0.26561619043933965,0.12041376453438551,0.4673173594701813,0.12182433912496116,1.5031263318085921,1.2975361488200072,-0.16669212013356405,-0.19827193065151189,-0.43677496605624677,-0.23342005501042604,0.55317044873453,1.2975361488200072,-0.16669212013356405
ADBE,0.5067329746201317,61.443,0.02218828843369284,-0.47352713,37.737585885627276,0.079,0.62953997,0.19926001,0.35327998,0.3861,25.123813022505665,0.127,11.722127,technology,0.6531335969917874,-0.1289488370862042,-1.069231975566056,-0.3442593053097597,-1.4164667050822874,-0.3277698087854631,0.7438790915499606,1.212561526226421,0.12071433272437089,1.0131861627175207,0.5924572469847688,-0.3173561517927469,-0.5037207583523504,-0.18168240522015758,-0.6961652730591701,0.7725852783045684,0.5924572469847688,-0.3173561517927469
PCTY,0.5004202659739345,11.396,0.02390209675218561,-0.42002195,48.172706294982326,0.273,0.21598,0.04343,0.31253,0.23705,22.445489475883488,0.105,22.33547,technology,0.6137488281906427,-0.23774638744891538,-0.8958505097967606,-0.3309651491036581,-0.3927144582578983,-0.27624074058397613,-0.09854364576269183,-0.2830133739965992,0.11890212654906325,0.14227880191818615,-0.9778675930599816,-0.3735359602080354,-0.42126756840092294,-0.17328268968501112,-0.3333067826485108,-0.030094022823010408,-0.9778675930599816,-0.3735359602080354
CCC,0.5792622230766942,80.534,0.032792570461963856,-0.4787234,62.068957484909404,,0.01771,0.02853,0.17356001,0.27078,21.831370635512048,0.118,86.0,technology,1.1056410453599796,-0.08744676835132459,0.0035752582730183887,-0.34555039572510043,0.9705969190952649,0.0,-0.502420152782894,-0.4260157777911123,0.11272194501129464,0.33936505002124934,-1.337930913636384,-0.3403388006899104,0.07333093701422769,0.3405898450938911,0.20834884112338817,-0.11908723388536559,-1.337930913636384,-0.3403388006899104
TOST,0.5470588180674898,0.854,0.029117785882019735,-0.34557283,62.940861004037615,1.23,0.22495002,0.08064,0.06748,0.06516,23.504293855932804,0.219,41.52239,technology,0.9047251260641962,-0.26066372067415766,-0.36819300191226056,-0.3124671601110633,1.0561362470287856,-0.022048378373548352,-0.08027169163195418,0.07410873641909413,0.10800442492420022,-0.8620839370807918,-0.3570811982136492,-0.08242240751063125,-0.2722077708100185,0.09195613449259266,0.2405402361813913,-0.19006061684236292,-0.3570811982136492,-0.08242240751063125
ACN,0.5861836812070266,25.035,0.02540624352878745,-0.5877999,33.383253289626666,0.09,0.24406,0.10903,0.16964,0.17707,25.05597185254453,0.056,9.939297,technology,1.1488237809348525,-0.2080964625903421,-0.7436799490372332,-0.3726520712902484,-1.8436546630266861,-0.324848057495688,-0.04134461253967636,0.3465811017698475,0.11254761691765465,-0.2081876422330658,0.5526813675910998,-0.4986637153148144,-0.5175712501946571,0.06568245643575905,-0.8470515972708742,0.05239911597869,0.5526813675910998,-0.4986637153148144
FFIV,0.3472914394359446,7.12,0.02125042642165659,0.38716757,65.89447663038797,0.04,0.2034,0.081520006,0.22016001,0.28006,23.87891005307887,0.11,34.12305,technology,-0.34161657325592004,-0.24704201606503526,-1.164113000813496,-0.13040693087491487,1.3459048855411886,-0.3381287451764836,-0.12416913856702,0.08255457355691927,0.11479430940924859,0.39358860123371353,-0.1374404006694265,-0.3607678219318335,-0.32969193829006654,-0.5842571967114837,0.2924564031632633,0.11669208640821535,-0.1374404006694265,-0.3607678219318335
PEGA,0.5685068401356427,10.218,0.03144435278409302,-0.42000002,41.33457107687489,-0.606,0.51744,0.084580004,0.08604,0.12227,22.33439591046804,-0.096,16.199999,technology,1.0385385867733206,-0.2403072505241701,-0.13282036698039407,-0.33095970026962745,-1.0635793854465199,-0.5097152300123627,0.5155311603416617,0.1119228332620469,0.10882981297626085,-0.5283870610308085,-1.043002735362348,-0.8868151189113531,-0.46893296052143335,0.2218036564229188,-0.63475143857617,0.05197418638729023,-1.043002735362348,-0.8868151189113531
MSFT,0.3449839904946891,30.271,0.017003787735346377,-0.2509501,39.91020231748705,0.234,0.34013999,0.14814,0.46326,0.57956004,28.65021300377271,0.183,22.190363,technology,-0.35601266662331166,-0.19671388274141696,-1.5937342321263404,-0.2889567382553144,-1.2033190971629746,-0.2865996769749967,0.15437057763400577,0.7219384180385324,0.12560529147832508,2.1435838336771567,2.6600168192779785,-0.1743530030992852,-0.42239487909221796,-0.7154869271636897,-0.5929585041310953,0.786374530207005,2.6600168192779785,-0.1743530030992852
CDW,0.44966932260579484,240.522,0.02599360756736521,-0.22819608,69.55617070491108,0.077,0.44157,0.06698,0.066199996,0.086540006,23.611816232279455,0.092,17.13033,technology,0.297115464761415,0.2603523502258016,-0.6842578789901305,-0.28330316422385127,1.7051405616926512,-0.3283010362926949,0.3609837724987064,-0.056992796187150786,0.10794750143237963,-0.7371593842506412,-0.2940398757226721,-0.40673311972616044,-0.4617053830596759,-0.042263354667637976,0.36451212039203496,-0.0813052266266765,-0.2940398757226721,-0.40673311972616044
TRMB,0.4266776143050972,25.062,0.018504701405924414,-0.3359927,40.635370473302814,0.556,0.08252,0.046529997,0.15874,0.23515,23.20237635087906,0.118,26.795813,technology,0.1536709995536259,-0.20803776708691943,-1.441890756172824,-0.3100868346043598,-1.1321754495845207,-0.20107204831067302,-0.3704020137806279,-0.25326122481835905,0.11206287932242506,0.13117699725184098,-0.5340981080743576,-0.3403388006899104,-0.3866159502795149,-0.4987525079020392,-0.5477781108331844,-0.09510584050618023,-0.5340981080743576,-0.3403388006899104
AMD,0.2776075108828485,6.005,0.04258078689315616,2.9636323,62.99450954773631,0.912,0.08063,0.03647,0.14396,0.19838,27.576810003204173,0.378,192.3543,technology,-0.7763721701061701,-0.2494659229656372,0.9938232888110855,0.5097539765387493,1.0613995132869454,-0.10651355202340836,-0.37425194870910017,-0.3498118122791369,0.11140559293182936,-0.08367213831737429,2.0306711237972515,0.3236043896725903,0.8995787366049033,-0.010671601420240632,0.4882133126007621,-0.17408257659344548,2.0306711237972515,0.3236043896725903
FICO,0.5092602106061112,,0.03206394501235832,-0.36114758,56.16547296331946,0.69,,0.36918,0.58187,0.51557,24.04498813505042,0.387,37.88142,technology,0.6689009340561545,0.0,-0.07013785601535336,-0.3163369379413777,0.3914272204253244,-0.16547980532614084,-1.1307635981212794e-16,2.8433646821149865,0.13088003699852505,1.7696865049026251,-0.040067348845338586,0.3465870385697538,-0.3004938246026312,0.19958769268026702,-0.03012984094739804,1.1859828060040343,-0.040067348845338586,0.3465870385697538
CIEN,0.3170334908760716,54.649,0.042671083723479726,4.9784045,44.384883619150926,23.833,0.15464,0.06664,0.15195,0.14109,24.96373179761691,0.395,164.0669,technology,-0.5303948577004943,-0.14371836487336945,1.002958380890455,1.010354037065805,-0.7643241592325356,5.98161929460691,-0.22349338571638733,-0.06025593828715974,0.11176091893053434,-0.4184207642831166,0.4986002056334217,0.36701605981167695,0.6798189148944386,0.10961505277219707,2.0758830574800595,-0.14760229233903233,0.4986002056334217,0.36701605981167695
LITE,0.2870220205025136,111.445,0.05534167331664155,8.305935,45.49735383589615,,0.22834998,0.028900001,0.21771,0.20447001,24.924325997566868,0.901,151.60071,technology,-0.7176353733477726,-0.020249112562530775,2.2848084992021795,1.8371283839153516,-0.6551836951802835,0.0,-0.07334596424602384,-0.4224647017906845,0.11468535418395608,-0.04808787440364358,0.475496235712216,1.6591516533633128,0.5829712833762085,0.5156413377639587,0.3939815629116894,-0.10730329656409897,0.475496235712216,1.6591516533633128
TWLO,0.3033910733437228,13.722,0.03827203620931771,0.6955557,52.37785700708533,3.75,0.01317,0.01674,0.07653,0.08295,24.167378987907792,0.2,312.62122,technology,-0.6155094242857775,-0.23268987852443107,0.5579183505882551,-0.05378332223874968,0.01983779996915439,0.6472982807385498,-0.5116681446216579,-0.5391700288473075,0.10840689054225779,-0.7581359870732763,0.031691493240256816,-0.13094133296019858,1.8339112272850902,-0.09676031740731783,0.20445091948965147,-0.42514181749999597,0.031691493240256816,-0.13094133296019858
FSLR,0.3509961723006248,5.943,0.03482180918467726,0.42857146,50.46531053095441,0.651,0.18436001,0.08447,0.33067,0.41939,23.95622974336797,0.236,15.242895,technology,-0.3185028742840325,-0.24960070523275585,0.20886798578719343,-0.12011951980181412,-0.16779527710964778,-0.17583874171716138,-0.1629536478467879,0.1108670724280193,0.1197088366387389,1.2077014665820618,-0.09210718077570954,-0.0390107373715447,-0.47636853269838747,-0.11974519790986497,-0.15458451287620778,0.31883093195050805,-0.09210718077570954,-0.0390107373715447
PTC,0.4812266084869395,35.78,0.022768189684472608,-0.34194255,31.556306959415835,2.689,0.344,0.119899996,0.41625,0.44009,23.29760278111636,0.217,10.924039,technology,0.4940002693799893,-0.18473782613566284,-1.0105648960702178,-0.31156516315690136,-2.022889816720184,0.3654820881520673,0.16223342806958876,0.4509056358125818,0.12351469383137623,1.3286527068943477,-0.478266007796924,-0.08752966282111203,-0.5099209632700614,-0.23376748427529712,-0.6563242972416726,0.5163266161519736,-0.478266007796924,-0.08752966282111203
MTSI,0.19737762957959895,29.203,0.032875712822568334,1.7121124,50.61849910756606,0.429,0.13492,0.0545,0.17591,0.21884,24.091272617458003,0.225,161.17374,technology,-1.2769235978954583,-0.19903561598791275,0.01198655152768148,0.19879527972388616,-0.1527664951366665,-0.23480499501989385,-0.2636630771393882,-0.17676930621101136,0.11282645221325918,0.03587676877389973,-0.01293034647499213,-0.06710064157918892,0.657342465104785,-0.4879908874518965,-0.06292540347755807,-0.07293229059081018,-0.01293034647499213,-0.06710064157918892
TYL,0.5500359869564991,1.348,0.023566343316835405,-0.5072452,45.30108335541275,0.022,0.08930001,0.04676,0.17035,0.19092,23.210832795639313,0.086,40.33931,technology,0.9232995787987177,-0.25958981035227663,-0.9298177989795389,-0.35263706031494363,-0.6744390882661215,-0.34290979274157,-0.35659111573068575,-0.2510537763700403,0.11257919156835308,-0.1272613292704976,-0.529140019540865,-0.4220548856576028,-0.28139891067685735,-0.08870267684436595,-0.4566619804408784,-0.15558175745071764,-0.529140019540865,-0.4220548856576028
AKAM,0.2994290690254251,119.534,0.03469186319774826,0.42946863,33.66009657590027,-0.134,0.091680005,0.03393,0.10611,0.26882,23.567361822139855,0.058,39.93581,technology,-0.6402282308727556,-0.0026643745186126144,0.1957216931467173,-0.11989660459765204,-1.816494560869478,-0.3843455383056523,-0.3517430597094745,-0.37418940326155725,0.10972235275022943,0.32791266204965114,-0.3201038904978069,-0.4935564600043336,-0.2845336310138333,-0.14905697074821697,-0.7735789012575941,-0.07207436204278779,-0.3201038904978069,-0.4935564600043336
FLEX,0.18382352474207928,86.8,0.03997316102574597,2.2905753,57.679379131843206,0.171,0.17347,0.046550002,0.05684,0.0738,24.807236114822427,0.169,69.557945,technology,-1.3614871846616197,-0.07382506374220221,0.730016659918581,0.3425229739776863,0.5399511263035968,-0.30333334345279916,-0.18513662661420136,-0.2530692272956806,0.10753124987711374,-0.8115999411243593,0.4068453993995482,-0.21010379027265058,-0.05440448848806853,-0.23509852949508028,0.19304691894282797,-0.28556863628928186,0.4068453993995482,-0.21010379027265058
Q,0.271231784046165,60.756,0.03641289140904284,0.6603358,51.888364973331456,-0.217,0.07481,0.050630003,0.22814,0.29267,24.25511667768556,0.176,52.680645,technology,-0.8161501071971373,-0.13044231156218042,0.36983357642138187,-0.06253422920071632,-0.028184508322460496,-0.406391479855773,-0.38610730388566533,-0.21391151249809554,0.11514919024985006,0.4672695258877197,0.08313287859488631,-0.19222839668596792,-0.18552125563365374,-0.19225294744597865,-0.1657034057929833,-0.004400025061547783,0.08313287859488631,-0.19222839668596792
CRUS,0.18194515876732179,6.296,0.02284790925236381,0.3427837,44.70041469813919,0.199,0.20327,0.11948,0.20131999,0.25667998,22.73733418818248,0.057,18.896946,technology,-1.3732062443847903,-0.24883331587319307,-1.0024998777234595,-0.1414347622140732,-0.7333685364524124,-0.2958961583515536,-0.12443394890601542,0.44687473396130134,0.11395646849283785,0.2569778564256916,-0.8067564508916635,-0.496110087659574,-0.4479808549237972,-0.8748464793271475,-0.39023315233934636,0.17334377749345387,-0.8067564508916635,-0.496110087659574
MANH,0.46968502255548095,27.14,0.025028960536552455,-0.30256045,54.12805567068712,-0.035,0.96236,0.24294001,0.2301,0.26179,22.832104800856445,0.074,38.89665,technology,0.4219927177907245,-0.2035203872309098,-0.7818486739160213,-0.3017800958209104,0.19154351528079144,-0.358049776697677,1.4218343605405235,1.6317793113099337,0.11523635407431337,0.2868359847841744,-0.7511916004926608,-0.4526984175204874,-0.2926066817830325,-0.18779211445206886,-0.15609545241259867,0.8639215026772362,-0.7511916004926608,-0.4526984175204874
UI,0.514055790605467,5.563,0.039380893042866794,0.3342135,38.44847727089691,0.295,1.15009,0.45908,0.36897,0.36349,24.19897095358934,0.187,34.36487,technology,0.6988203902084361,-0.25042679009574126,0.670098470765359,-0.1435641556207963,-1.3467237002708203,-0.27039723800442605,1.8042408600760185,3.706177843264431,0.12141208892289419,0.8810746871880141,0.05021414279771568,-0.16413849247832366,-0.3278132813584989,0.3728306902926846,-0.5868950312986808,1.6282263698628394,0.05021414279771568,-0.16413849247832366
FTNT,0.30896425141466266,57.31,0.028567611953562378,0.51732886,66.93760340198502,0.286,1.32392,0.13586001,0.31282,0.33215,25.446658405974798,0.201,59.542637,technology,-0.5807385609189397,-0.13793359692493748,-0.4238526466430551,-0.09806642624998524,1.4482423128302666,-0.2727877617869693,2.1583330233650777,0.604081499342386,0.1189150232373767,0.6979533407441957,0.781744357496391,-0.1283877053049582,-0.13221164999656318,-0.3808416014956441,0.35912937493110403,0.894820721672259,0.781744357496391,-0.1283877053049582
QRVO,0.21966743921270787,48.029,0.02247115875217999,0.086663604,50.65392772883851,-0.056,0.10064,0.0586,0.16017,0.22118999,22.83082016501683,-0.07,25.765194,technology,-1.1378582539641544,-0.15810963274958878,-1.0406147317863885,-0.20507160193212934,-0.14929072013774586,-0.3636276655236112,-0.3334915265298786,-0.13741965147560845,0.11212647333721207,0.04960788979909145,-0.7519447938743571,-0.8204207998751032,-0.39462264752604215,-0.7788608728333773,-0.23932999586449544,-0.0772942037172959,-0.7519447938743571,-0.8204207998751032
CSCO,0.1357455048233353,67.541,0.01989248739424658,0.7033285,49.46390276431681,0.371,0.25229,0.07337,0.24992001,0.27997,26.860908478243203,0.12,39.15333,technology,-1.661444272029695,-0.11569234894282272,-1.3014921093504066,-0.05185205469869492,-0.26603980241129666,-0.25021059272961677,-0.024580081078657195,0.004335080339489446,0.11611777645824237,0.3930627262758341,1.6109317128922722,-0.3352315453794296,-0.2906125801322395,-1.026209576774308,-0.18936748327986944,0.12223387549872718,1.6109317128922722,-0.3352315453794296
MRVL,0.26364216093045845,28.97,0.04606905115968997,2.6431007,62.25540104336299,-0.804,0.16028,0.03808,0.14479999,0.31111,26.287090731958397,0.276,102.01713,technology,-0.863501500783153,-0.19954213644337485,1.346721781014803,0.43011314252246,0.9888882280965174,-0.5623067532283134,-0.21200469100920044,-0.33435987468791767,0.11144294841188597,0.5750154617021427,1.274497281067953,0.06313436883807087,0.19776519513315463,0.09455938126275838,0.2855648724635547,0.03502346110422763,1.274497281067953,0.06313436883807087
PATH,0.5137377050671597,4.362,0.04043745218918901,-0.15839243,53.5799471746615,,0.18181999,0.02365,0.07274,0.073920004,22.45172463760341,0.173,18.116665,technology,0.6968358656426192,-0.25303765304428194,0.7769877719110133,-0.2659594112104786,0.1377705560529596,0.0,-0.16812767521028946,-0.47285146440300646,0.10823834416740274,-0.8108987511416329,-0.9742118624658057,-0.1998892796516891,-0.4540427203990287,0.4069286615031169,-0.04272961838583967,-0.3359098866468815,-0.9742118624658057,-0.1998892796516891
DOX,0.4496849314403765,31.191,0.016914304094413996,-0.44191343,33.87254415965826,-0.116,0.15858,0.08156,0.1649,0.2217,22.40326073119557,0.039,10.087824,technology,0.29721284773530293,-0.19471388780997861,-1.6027870559805706,-0.33640441226850964,-1.7956520901865642,-0.3795644907405659,-0.21546759544221777,0.08293841504264786,0.1123368227707383,0.05258790632429288,-1.0026266804491724,-0.5420753854539009,-0.5164173701265282,-0.5000960320184155,-0.8372069977318799,0.008098887173865319,-1.0026266804491724,-0.5420753854539009
QCOM,0.33128394962876995,55.979,0.03199801240350089,0.18393981,47.40432541945363,1.73,0.36083,0.12692,0.22059,0.2922,25.995078282144185,-0.035,19.891281,technology,-0.44148674317450887,-0.14082706785292057,-0.07680808409298805,-0.18090188457577394,-0.46809755082232946,0.11075849843440765,0.19651618195646026,0.5182799610909106,0.11481343164031031,0.46452328999657133,1.1032877929073857,-0.7310438319416896,-0.440256041674065,-0.21970729837347247,-0.17941364565456527,0.3235332161710631,1.1032877929073857,-0.7310438319416896
MCHP,0.34414339529833965,87.715,0.029201579545605795,0.24246657,48.79283981025237,,0.03405,0.02226,0.17068,0.25866,24.623977721439196,0.351,414.54544,technology,-0.36125711069939287,-0.07183593834843473,-0.3597158180533869,-0.16636004227794374,-0.331875382647457,0.0,-0.46913553017377463,-0.48619195710598456,0.11259386711022701,0.2685472223601426,0.299399378682853,0.2546564429810998,2.6257425166640425,-0.2642696223670715,-0.1660784749751336,-0.1435465994523474,0.299399378682853,0.2546564429810998
AMKR,0.26421495061052325,35.4,0.0431363417683548,2.8333333,58.1796616481757,2.856,0.10005999,0.04403,0.05955,0.16902,23.785443324742833,0.275,49.557472,technology,-0.8599278859712888,-0.18556391099864822,1.0500273097262889,0.47737925582014157,0.5890320501502635,0.40983958500592454,-0.33467300841234593,-0.2772548879377598,0.10765176720583595,-0.2552242356878437,-0.19224077212152313,0.06058074118283049,-0.2097846358542091,0.0015118375854506667,0.49208363032544317,-0.1898750912080284,-0.19224077212152313,0.06058074118283049
GEN,0.435879292922208,316.354,0.021620409883633982,-0.15973157,55.35774826085889,2.652,0.39876997,0.086660005,0.63367003,0.47779998,23.430954534847544,0.27,15.853502,technology,0.21107995111923689,0.4252041063571404,-1.1266827501513599,-0.2662921404217781,0.31218424607322726,0.35565437926827853,0.2737999997808979,0.13188559453016707,0.133183653693481,1.5489941973847583,-0.40008069235521654,0.04781260290662854,-0.47162483460470755,-0.16346623089166087,0.13384882830657588,0.5219658613473261,-0.40008069235521654,0.04781260290662854
CGNX,0.27864220982278265,5.005,0.03731047883951617,1.1329174,58.09457769752104,1.223,0.09748,0.062319998,0.22304001,0.21632999,23.21250450863012,0.243,85.2,technology,-0.7699167195520495,-0.25163983049980926,0.46064012851492564,0.05488568435773601,0.5806847688315623,-0.02390767464885971,-0.3399284547700755,-0.10171705710575736,0.11492238686560283,0.0212106420735982,-0.5281598793937947,-0.02113534378486198,0.06711587810572528,-0.18697214051231106,0.20388759284681288,-0.07637812073415796,-0.5281598793937947,-0.02113534378486198
OLED,0.4670456227060727,1.298,0.024744373624619002,-0.4499362,45.73380752473798,-0.437,0.12697,0.073709995,0.30062,0.43143,22.121528167364932,-0.145,19.285078,technology,0.40552559429923524,-0.25969850572898523,-0.81063958092549,-0.33839778856563874,-0.631986071604735,-0.46482650565127365,-0.27985724787026334,0.007598174452114604,0.11837247290143167,1.2780518498361644,-1.1678089803213065,-1.0119428740181322,-0.4449655258684536,-0.22160416411841335,-0.47840345527388245,0.28104131232986185,-1.1678089803213065,-1.0119428740181322
APH,0.28189176907218316,133.051,0.026808660520100693,0.7087997,72.66291995806117,0.241,0.36825,0.13453001,0.27305,0.31545,26.102771188281558,0.584,50.812683,technology,-0.7496428328710352,0.026720333620791646,-0.6018011222455071,-0.050492653843771655,2.0099325912490182,-0.2847403806996853,0.2116307413052771,0.5913168552452919,0.11714639808487394,0.60037432078211,1.166429098526494,0.84965168665211,-0.20003312296970877,-0.4415745404985835,0.5582331855685204,0.3801170788543882,1.166429098526494,0.84965168665211
RNG,0.293217681926053,,0.043764570160764155,0.33686733,47.37482577447232,,,0.06957,0.08207,0.15482001,21.90769136645895,0.053,41.468086,technology,-0.6789808580814503,0.0,1.113583518631621,-0.14290477216363498,-0.47099165521647335,0.0,-1.1307635981212794e-16,-0.03213533136649373,0.10865326176038365,-0.33819555950050345,-1.2931833924612672,-0.5063245982805356,-0.27262964900872766,0.14486755351672356,-0.2046321424600361,-0.06541940727665341,-1.2931833924612672,-0.5063245982805356
DOCU,0.5088813204228054,10.075,0.02872858822473883,-0.41778696,45.624999492726516,0.176,0.16440001,0.0551,0.13407,0.117910005,22.86118372183785,0.087,28.844156,technology,0.6665370514335169,-0.24061811930155672,-0.40756710201739066,-0.3304098326617907,-0.6426608374794456,-0.3020052746847196,-0.2036122198956265,-0.1710108201521719,0.1109657713890018,-0.5538627519972512,-0.7341423713222761,-0.4195012580023624,-0.3707027347672416,0.006117276704856511,-0.4250253149419853,-0.20438000516401195,-0.7341423713222761,-0.4195012580023624
GAP,0.35416646608768915,154.364,0.028348970873435225,-0.16607302,42.79635282323659,0.765,0.2758,0.067930005,0.12725,0.1163,22.629009547985913,0.01,7.4126987,consumer-cyclical,0.06292622350470768,-0.2115275535008633,0.3714753046465959,-0.5641073650624794,-1.4288039760924482,0.5938638901864408,-0.049561132796942915,-0.05281374177231728,0.06802156191190704,-0.14042542706223102,-0.5986086514227146,-0.5400227790894088,-0.5076521771560667,0.0742913248834801,-0.466349150322829,-0.04369468492989605,-0.5986086514227146,-0.5400227790894088
TJX,0.10890916408752606,136.307,0.012073608376226792,0.20829344,53.420747944591305,0.293,0.6125,0.13871999,0.11771,0.14345999,25.843429195129975,0.092,29.474709,consumer-cyclical,-1.573670145824993,-0.23657409147179043,-1.7098446954758804,0.5477742471776378,-0.3635299399776402,0.0029213262342270016,0.32449701301779293,0.9481953715104574,0.04031138773395056,-0.037015594886238484,1.9159362231174757,-0.024537272350663986,-0.07950010382758876,-1.173362977590888,0.062388544478074855,0.31899704434399057,1.9159362231174757,-0.024537272350663986
ULTA,0.36228460523296885,89.209,0.021669180780278303,-0.030246735,42.4448684888459,0.155,0.47449002,0.15326001,0.14168,0.14867,23.687885097578913,0.111,16.890636,consumer-cyclical,0.11709838042939424,-0.30190287506567226,-0.48274718777973863,-0.16069849998844035,-1.4640461834134946,-0.16985425390434394,0.17117430074357617,1.1537992083711917,0.10993537882887894,-0.017178832805868006,0.22971819394442888,0.09490449140587447,-0.3237161508968316,-0.22251722747200553,-0.5981996457687596,0.3544325137844447,0.22971819394442888,0.09490449140587447
EBAY,0.20670860156106757,163.327,0.024539073498132242,0.455979,45.584563746469186,0.071,0.42875,0.085930005,0.23146999,0.25689,24.627599321643164,0.195,25.868055,consumer-cyclical,-0.9210567353929616,-0.19909513838022203,-0.11574060879264839,1.283409110892182,-1.1492390060584032,-0.2750219983365176,0.12035925152846204,0.20171610505686272,0.3707421149229009,0.3948615264905054,0.9648286788970399,0.6229628153821497,-0.14949356167120376,-0.4119641608552774,-0.04695063116757964,0.27191974949968273,0.9648286788970399,0.6229628153821497
POOL,0.4685956319555582,140.423,0.021560032595342175,-0.3042935,69.86038604093345,0.021,0.34241,0.09491,0.07259,0.11908,22.78143281544376,0.062,19.770008,consumer-cyclical,0.8265094313337495,-0.23086486234799708,-0.4967052363530713,-0.9746270738713372,1.2848198650815779,-0.3376218462128114,0.02443950008906703,0.328698146827796,-0.09074553668003224,-0.12984076434883313,-0.4793724632394658,-0.21312953091361939,-0.2678368781143342,0.03297977754422706,-0.009143018334190234,0.03313783647199943,-0.4793724632394658,-0.21312953091361939
ETSY,0.41701957834366604,,0.03498679329169156,0.5510125,71.51047796498199,,,0.1015,0.18985,0.15125,22.69017303246835,0.031,28.86207,consumer-cyclical,0.4823436046807246,0.0,1.220330902102437,1.565661963342749,1.4502692919725741,0.0,-6.167032462609353e-17,0.42188435186136825,0.24985142601464028,-0.007355656618613867,-0.5507622768676745,-0.40800819809534,-0.09138944004333181,0.5675581689277206,1.0053104184384412,0.16609503031434866,-0.5507622768676745,-0.40800819809534
TOL,0.2513206917235057,34.45,0.022164010587255107,0.39752495,71.58543348980217,-0.223,0.15657,0.07531,0.15077,0.16374001,23.45759095585714,-0.076,12.518997,consumer-cyclical,-0.6233612776324138,-0.37785809313899554,-0.41946754199033054,1.10979851726164,1.4577848421325836,-0.6431091038491253,-0.18202015485067308,0.05154342472491129,0.1363384693191959,0.04019921501338848,0.049565937154428225,-1.0806539203032144,-0.4085554867615979,-0.47356230425391327,0.6414914185150328,0.011515238551705654,0.049565937154428225,-1.0806539203032144
BBY,0.32012281537175485,134.09,0.02354794655720314,0.098938465,69.68796071753755,0.379,0.39104,0.07771,0.0404,0.06254,23.495417471677364,0.019,14.051851,consumer-cyclical,-0.16424627943830145,-0.23964925205669074,-0.24248754454721408,0.22298610801186503,1.267531330714745,0.11059306458145242,0.07846518357873321,0.08548073763546861,-0.18424558980250805,-0.34511300528966615,0.07915649530136096,-0.4834451015205221,-0.37880776163204116,-0.21546102534740208,0.5337035011026875,-0.0913531684694931,0.07915649530136096,-0.4834451015205221
PHM,0.22597615916078734,18.942,0.02191929822604055,0.25468433,74.76045740164824,-0.304,0.16178,0.0996,0.13135,0.17492001,23.986603743580897,-0.124,13.257005,consumer-cyclical,-0.7924847640127526,-0.39936895933233535,-0.4507617593547924,0.6855568294272708,1.7761343103799594,-0.7445208574087213,-0.17623208553171027,0.3950173124738435,0.07993054662151096,0.08276631182482308,0.4633969050925657,-1.382401534003943,-0.3942331448246529,-0.5475384942332934,0.5723900941328363,0.09537052134711681,0.4633969050925657,-1.382401534003943
BLD,0.3911962247502921,130.072,0.0289701682480882,0.048282266,40.77429502938055,-0.118,0.22262,0.09177,0.12203,0.18145001,23.01938511795783,0.172,19.917416,consumer-cyclical,0.31002495650932466,-0.24522254715372707,0.4509150418635442,0.07253540734258972,-1.6315492281952109,-0.5116494233089083,-0.1086416560949163,0.28429682910315035,0.05285939113528935,0.10762884690341597,-0.29322945505962034,0.4783754171505504,-0.2649761668751049,0.17190581707304728,-0.6902210813871764,0.08403585276173484,-0.29322945505962034,0.4783754171505504
BIRK,0.4159176096850446,47.708,0.030549481604857695,-0.114623725,64.14237383559379,-0.204,0.12504,0.067140006,0.26931,0.28503,22.791833107471664,0.077,19.648401,consumer-cyclical,0.47499019301425455,-0.3594681612334436,0.6528802193807093,-0.41130114125381506,0.7114931136797323,-0.6193211616561337,-0.2170485282915362,-0.06398475979816201,0.4806533589475985,0.5020026807189285,-0.47123662415083906,-0.11883340163214169,-0.27019687561561617,0.2561340837205068,-0.10637639641007214,0.17540568789420719,-0.47123662415083906,-0.11883340163214169
PVH,0.3193364565840722,86.338,0.029525341803308222,0.023746371,46.65254600600747,,0.033239998,0.04166,0.05822,0.109069996,21.954071482134523,0.021,22.50303,consumer-cyclical,-0.16949363365127015,-0.3058851872168896,0.5219115449655011,-0.0003370676391547238,-1.0421558489353564,0.0,-0.3190340897228075,-0.42428598337519463,-0.13248507577198554,-0.16795318021205743,-1.1265926237788348,-0.47087228428299177,-0.21479778422213608,0.01551090803244711,-0.34749763885817037,-0.2609395822705113,-1.1265926237788348,-0.47087228428299177
DDS,0.2445908035458446,27.417,0.02538916401250069,0.19287884,48.63251159171575,0.545,0.33832002,0.105220005,0.13981,0.12949,22.833765266386152,0.027,12.56348,consumer-cyclical,-0.6682696675874974,-0.3876134401816676,-0.007029642153783725,0.5019923405932806,-0.8436310475924136,0.318424559530748,0.01989572124968672,0.4744872575754673,0.10450371994913273,-0.09020539066305192,-0.4384343435368217,-0.43315383257040074,-0.407692215988949,-0.35430424997431625,-0.007738049156128339,0.12717032702780873,-0.4384343435368217,-0.43315383257040074
TSCO,0.5269463217482326,254.949,0.019409895419187646,-0.42307693,54.022799528818815,-0.081,0.45504,0.08229999,0.06499,0.12475,23.531333449675348,0.036,15.571429,consumer-cyclical,1.215882250343685,-0.0720079200176876,-0.771668298374262,-1.3274180574861918,-0.3031641578551117,-0.46532553588045084,0.14956622703624164,0.15038570717143906,-0.11282072784905416,-0.10825262133265834,0.10725249654039319,-0.3765761550015141,-0.3493176806087201,0.12406867731724518,-0.698635917073918,0.019719646256492057,0.10725249654039319,-0.3765761550015141
MTN,0.26404283131468514,355.585,0.023130982020684077,-0.16040492,59.9353254275582,-0.158,0.1685,0.048649997,0.42097,0.26303,22.302554728834405,-0.07,29.342672,consumer-cyclical,-0.5384667309859856,0.06758245464267788,-0.2958096520792447,-0.5472729078134562,0.28966585795667954,-0.5617293016099433,-0.16876647596867186,-0.32544360194483757,0.921169607986265,0.4182391628431179,-0.8539845457916112,-1.0429354685906234,-0.08206251380461939,-0.2555646428075175,-0.2731121171555733,0.21129967322896837,-0.8539845457916112,-1.0429354685906234
HRB,0.49156118409763183,,0.02611629015138387,-0.3148082,52.83643031455096,0.242,,0.16992001,0.43235,0.26133,22.29749699982177,0.053,6.812165,consumer-cyclical,0.9797580357538725,0.0,0.08595643884619243,-1.0058561043465062,-0.4221175953703689,-0.06093051859959269,-6.167032462609353e-17,1.389380722158644,0.9542243021314585,0.41176652737089625,-0.8579410567520989,-0.269707208482506,-0.5193065887560206,0.3552381582000217,-0.4963014061054893,0.6888428879152497,-0.8579410567520989,-0.269707208482506
DPZ,0.4058311826918845,,0.017136277027764935,-0.35730988,48.364335865065975,-0.046,,0.32489,0.19344999,0.20523001,23.010416876945076,0.035,17.033373,consumer-cyclical,0.40768369627841455,0.0,-1.0624223403518858,-1.1320875954937464,-0.8705201679096742,-0.42150564236704513,-6.167032462609353e-17,3.580741156481953,0.26030806646945176,0.19816959486190566,-0.3002450432365724,-0.38286256362027926,-0.32094608861965607,-0.2182462146911571,-0.8080378019234886,1.0098047044533276,-0.3002450432365724,-0.38286256362027926
TNL,0.2105663737890971,,0.02264445877158362,0.446761,73.55800581243062,0.14,,0.076079994,0.18834999,0.23567,22.28584415182754,0.029,21.289694,consumer-cyclical,-0.8953139095092704,0.0,-0.3580270416489724,1.2560313252282913,1.655568344689935,-0.1886342082672321,-6.167032462609353e-17,0.06243156110709943,0.24549445134287126,0.31406780606665535,-0.8670567331149296,-0.42058101533287034,-0.23834470116125478,-0.4177803170527476,0.9076551538836647,0.1554984546291565,-0.8670567331149296,-0.42058101533287034
VGNT,0.21467006251024578,1628.671,0.04310644592494203,0.30463576,48.90672436260342,,,,0.061929997,0.09793,21.81459930448605,0.093,6.288922,consumer-cyclical,-0.8679300884889823,1.8334570096216725,2.2586853733180536,0.8339143412676726,-0.8161366122046897,0.0,-6.167032462609353e-17,0.0,-0.12170890563889372,-0.2103679644885328,-1.2356975596444828,-0.0182508637318988,-0.5294610385209458,1.0747374314835814,0.0059259096876609725,-0.08301921753185665,-1.2356975596444828,-0.0182508637318988
BKNG,0.3335377663414061,,0.02103564837140345,-0.20424622,63.852437218479984,2.4,,0.22259001,0.25035998,0.37483,25.651347691540387,0.162,23.514513,consumer-cyclical,-0.07472861830194699,0.0,-0.5637643493663494,-0.6774831176883008,0.6824220986428865,2.640878915741249,-6.167032462609353e-17,2.1341633350749167,0.4256105544532841,0.843910130957464,1.7656765764735463,0.4155113309628987,-0.19516817940835762,-0.21283098922276547,0.8819392988986116,0.8509210051214162,1.7656765764735463,0.4155113309628987
RL,0.17670459953876125,105.913,0.02178727946994529,0.46126425,66.31665123238481,0.2,0.34664002,0.10882,0.13372,0.18736,23.896744909696313,0.166,26.60106,consumer-cyclical,-1.1212727549552859,-0.27873305891313493,-0.4676445340087816,1.299106490115449,0.9295009373399499,-0.11351439081567949,0.02913885689916281,0.525393156238568,0.08681452070974546,0.13013073567663694,0.39310301226578614,0.44065696543795946,-0.13526831173964415,-0.6225501159590675,0.7050310122132398,0.1928693173810283,0.39310301226578614,0.44065696543795946
DASH,0.47966206010882084,32.194,0.02906226816128491,-0.22347802,59.995267378085316,-0.061,0.09922,0.03309,0.052529998,0.091709994,25.110319533146427,0.331,87.87143,consumer-cyclical,0.9003554534067868,-0.3809873499182175,0.46269292953755065,-0.7346022431310006,0.295676045157104,-0.4402855967299333,-0.24573335551142475,-0.5454704715599764,-0.14901242865384307,-0.23405021829619863,1.342446341466686,1.4779143875342142,1.0537908715525954,0.3273536776753733,-0.29307059823460996,-0.2935666185053607,1.342446341466686,1.4779143875342142
QSR,0.1328846418738129,296.409,0.014695164573286679,0.07847464,44.69899838984873,1.0,0.28136,0.06436,0.25882998,0.29930001,24.222466410936768,0.073,23.315113,consumer-cyclical,-1.413682330669317,-0.014499504208049387,-1.3745957973132967,0.16220782479279774,-1.238031805169797,0.8880831752050219,-0.04338422964657186,-0.10329556542950656,0.45021277408507576,0.55633478243361,0.64790525384598,-0.14397903610720245,-0.19903788675872083,-0.9342592107302211,-0.06258026839065907,0.21496694036065184,0.64790525384598,-0.14397903610720245
VFC,0.25565934325842016,269.388,0.030540814193230088,0.36437905,50.406900726775525,,0.22092,0.10762,0.03757,0.15441,22.60186771600106,0.01,26.062502,consumer-cyclical,-0.594409555127438,-0.051979844381523484,0.6517718165925731,1.0113540232459377,-0.6657187378606223,0.0,-0.11053027756175639,0.5084244997832892,-0.19246569388255172,0.004675830494457083,-0.6198408992294939,-0.5400227790894088,-0.14571997598837488,0.0017941390278705487,0.11521176179510513,0.05252608970835954,-0.6198408992294939,-0.5400227790894088
BWA,0.23802039716945708,72.191,0.025035882664336595,0.8933908,53.294178258939745,0.611,0.072670005,0.06227,0.09907,0.13855,23.33477812761138,0.005,38.604652,consumer-cyclical,-0.7121138391286543,-0.3255082349365942,-0.052207839304862926,2.582537610269107,-0.3762206765648755,0.40105635872745576,-0.2752291734534815,-0.13284930875578357,-0.013830923238492667,-0.055710051028740805,-0.04650688521882279,-0.5714548221832346,0.09768248160619758,-0.3632766377900371,0.8691244308105625,-0.11940486411912465,-0.04650688521882279,-0.5714548221832346
VIK,0.1494165872476454,546.395,0.023977180174424736,0.9431586,72.6409082656803,,3.0009,0.079629995,0.01145,0.26919,24.566994285180844,0.175,38.910778,consumer-cyclical,-1.3033650371326164,0.33225155306614806,-0.1875964468895458,2.7303497345220213,1.56361391396907,0.0,2.9778990785476855,0.11263051726117915,-0.2683346403739797,0.44169294784834484,0.9174191616166665,0.49723464300684594,0.10362339450658514,-0.38623664365200466,1.4313212161636972,0.8159719758208074,0.9174191616166665,0.49723464300684594
BYD,0.12592935216013526,115.268,0.01710240679950382,0.113639235,64.16676246470101,0.047,0.94281,0.081999995,0.18468,0.28829,22.60510719985473,0.006,3.9049513,consumer-cyclical,-1.4600948199212513,-0.2657569076854657,-1.0667537205900008,0.2666479142772317,0.7139384833283193,-0.30506992531713867,0.691456164024818,0.14614361376035467,0.23483448675887145,0.5144149110950712,-0.6173067473717437,-0.5651684135644695,-0.575726178645522,-0.9308684827322393,0.2251721574294708,0.3967122939097788,-0.6173067473717437,-0.5651684135644695
DUOL,0.7766337534743596,6.601,0.040087772441947694,-0.7121272,51.62762513721457,0.236,0.36960998,0.05866,0.15369001,0.16145,22.402069321539273,0.265,13.160183,consumer-cyclical,2.8820407740559175,-0.41648693713037555,1.8726524665196256,-2.1859075712798184,-0.5433206149709251,-0.06844250034474796,0.05465742133943205,-0.18389668359208028,0.14482001918307166,0.03148015621471652,-0.7761372400578045,1.0630114186957123,-0.3961121458531226,1.4460687678150557,-0.9325568955318305,0.011765228286284988,-0.7761372400578045,1.0630114186957123
BFAM,0.5269384410310917,163.522,0.028400883159220743,-0.4165432,52.7212443461052,-0.061,0.1532,0.060100004,0.09119,0.15464,22.0393418674395,0.07,21.349398,consumer-cyclical,1.2158296624983673,-0.19882465740861374,0.37811393273712257,-1.3080126485552166,-0.4336669231305322,-0.4402855967299333,-0.1857640691702325,-0.16353423928355765,-0.03671941092426807,0.005551539999522404,-1.0598881377888987,-0.1628382619634979,-0.23718604013996047,0.4650396459422921,-0.7273217228052274,-0.09511654484463396,-1.0598881377888987,-0.1628382619634979
LULU,0.574329766541999,44.264,0.028491997917579268,-0.5337386,46.88755019118971,-0.35,0.32027,0.16045,0.11205,0.22903,23.28556452633538,0.043,9.245344,consumer-cyclical,1.5320708942021286,-0.36424527131661755,0.38976583719765007,-1.6560871269663577,-1.0185927327302962,-0.8021127174549118,-0.00015701713201478305,1.2554696002269328,0.02387117957386318,0.28878645339868353,-0.08500522160006467,-0.33257129467015784,-0.47208647510983526,0.5191971533610537,-1.1589308590505218,0.3919925540168661,-0.08500522160006467,-0.33257129467015784
EXPE,0.37436527828071786,256.536,0.030260695544236934,0.5242473,63.24255057794696,,0.71494,0.05825,0.07093,0.17118,24.14789490466266,0.147,22.624226,consumer-cyclical,0.19771243549631354,-0.06980662103336789,0.6159497851842565,1.4861683737516056,0.6212707205444526,0.0,0.4383031207019673,-0.18969430788096706,-0.09556722317221332,0.06852647571160904,0.5895701826753876,0.3212152016814209,-0.21244576289799053,0.24795186654906734,0.7024796980986862,0.05539201634009899,0.5895701826753876,0.3212152016814209
ROST,0.13034607260776404,74.911,0.01619511827443938,0.6067554,50.218360563063975,0.374,0.38981998,0.12161,0.13377,0.1443,24.946857187036056,0.206,29.769232,consumer-cyclical,-1.4306221453464951,-0.3217353721531351,-1.1827792624740687,1.7312203456907285,-0.6846230556003733,0.10433307979382303,0.07710979771874839,0.7062507529577464,0.08695975223059428,-0.033817313402108494,1.214574610419577,0.6921133101885665,-0.07378436752893776,-0.9783789266578996,0.3836434566280594,0.20912574737624515,1.214574610419577,0.6921133101885665
WEN,0.4447699782867144,3562.577,0.0337509433481083,-0.3047138,52.58762871852952,-0.372,1.2088,0.04101,0.113649994,0.2184,21.18011111353513,0.033,10.766234,consumer-cyclical,0.6675213890885864,4.515943029514443,1.0622883881386918,-0.9758753797201691,-0.44706413372461706,-0.829656650520481,0.9869587663570473,-0.4334773389551373,0.02851857081324321,0.2483134445341442,-1.7320387980790566,-0.3954353808578096,-0.44257093242130024,2.0819176022472403,-0.7508653879884224,0.20757836068732433,-1.7320387980790566,-0.3954353808578096
M,0.2860754258578382,105.623,0.02920602075319415,0.98377943,63.63521627528025,0.769,0.14363,0.03372,0.01758,0.06197,22.54693467958011,0.021,9.731404,consumer-cyclical,-0.39144373129477295,-0.2791353126657832,0.48107624632459356,2.8509950347204733,0.6606420510968442,0.5988718780165443,-0.19639589707473804,-0.5365619269209552,-0.2505292559179133,-0.3472832418891758,-0.6628133795955692,-0.47087228428299177,-0.462653626791292,-0.06316759921198752,1.3701696546112874,-0.3326925804506956,-0.6628133795955692,-0.47087228428299177
FIVE,0.28048931857074844,86.432,0.02493927202855196,0.33846498,37.52855049927535,1.956,0.21127,0.07373,0.11998,0.14913,23.019988892120956,0.325,22.67213,consumer-cyclical,-0.42871969751546957,-0.30575480151775536,-0.06456256556780149,0.934388319824474,-1.9569896260991861,2.08499226659976,-0.12125098177058381,0.029201360392127736,0.04690489878048739,-0.01542741379573736,-0.29275714049154156,1.440195935821623,-0.21151610160956627,-0.26634568820034216,0.3541303201083492,-0.01514303409842651,-0.29275714049154156,1.440195935821623
RCL,0.32356577244123635,217.312,0.029540536522658933,0.02012062,63.563045036034396,0.289,0.49576,0.0808,0.26168,0.37535,25.16779711783579,0.113,19.385227,consumer-cyclical,-0.1412715056243593,-0.12421352170189781,0.5238546705509561,-0.011105676203771377,0.6534056723247192,-0.0020866615958765092,0.19480426593608136,0.1291750280078111,0.45849102886606735,0.8458899959254379,1.387409346253568,0.10747730864340484,-0.2753042294883568,0.086123214408233,0.21340444484169044,0.40709007968384947,1.387409346253568,0.10747730864340484
WHR,0.6609049040195907,188.335,0.029997690332856996,-0.63905776,49.051574594489956,,0.054840002,0.02122,0.01253,0.05957,21.66144612754793,-0.096,13.362711,consumer-cyclical,2.1097848073640373,-0.16440699408288884,0.5823162481938887,-1.9688887530003112,-0.8016129438554406,0.0,-0.29503748311208317,-0.7133187649967745,-0.265197639523645,-0.3564210802029006,-1.3555047343024202,-1.2063820926785178,-0.3921817341667919,0.8425646871583456,-0.9235005656185838,-0.40749374195885085,-1.3555047343024202,-1.2063820926785178
BURL,0.19552019988177793,319.733,0.02412876460923152,0.3259641,55.14138492367561,0.133,0.39141,0.060879998,0.05933,0.10767,23.714218141428713,0.141,32.559097,consumer-cyclical,-0.9957166840166954,0.017852794160112775,-0.16821158121145505,0.8972602645792999,-0.19100718659158133,-0.19739818696991324,0.07887623648622191,-0.1525046974309088,-0.12926093600914154,-0.17328357066533304,0.2503177508511901,0.2834967499688298,-0.01964213534728769,-0.3820251570226792,0.1696182970059351,-0.09404324190479037,0.2503177508511901,0.2834967499688298
MAR,0.1264757210212401,,0.01655014451251873,0.34814978,56.62736501015291,0.017,,0.09765001,0.59006,0.65910006,25.305375860979247,0.126,38.76464,consumer-cyclical,-1.4564489130018383,0.0,-1.137377925944112,0.9631525179800008,-0.042012727497513176,-0.3426298340429149,-6.167032462609353e-17,0.36744338713948616,1.4123135651928334,1.9262492333378154,1.4950331046276275,0.18920062068735216,0.10078732984877482,-0.8646089463153167,0.19283665214652423,0.9265015464175337,1.4950331046276275,0.18920062068735216
FND,0.5190223118871572,81.678,0.030602565240801044,-0.28003937,68.19537133038672,-0.182,0.08527,0.02945,0.04547,0.10702,22.58213380209601,-0.007,32.260868,consumer-cyclical,1.1630055136944326,-0.3123489888973748,0.6596686416470068,-0.9025914508941042,1.1178741782321153,-0.5917772285905644,-0.26123116107755356,-0.596942062807655,-0.16951911358843683,-0.17575840187530015,-0.635278153076747,-0.6468917256084169,-0.025429793087465534,0.5034417221480215,-0.1254981670841844,-0.30086268483723644,-0.635278153076747,-0.6468917256084169
SCI,0.21611770387210139,325.74,0.014701268447446436,-0.068403125,47.92584492495255,-0.01,0.33109,0.03398,0.2212,0.30433,23.072760897170706,0.021,20.042217,consumer-cyclical,-0.8582700107763815,0.026184995167553616,-1.3738152238932508,-0.27402432632037904,-0.914486248636051,-0.3764337518961136,0.011863503027520232,-0.5328853846889781,0.34091158958685575,0.5754861304917985,-0.2514751706855902,-0.47087228428299177,-0.2625541841918918,-0.7353000798340262,-0.5216481089508479,0.09884395960429912,-0.2514751706855902,-0.47087228428299177
WSM,0.23273693136870693,79.878,0.022033224271786625,0.41952837,75.74282108516587,0.043,0.54007,0.17356001,0.16173,0.2093,24.03551304875591,0.044,26.103024,consumer-cyclical,-0.7473702856298051,-0.3148457363276051,-0.4361927101193703,1.1751494520232542,1.8746327673857641,-0.31007791314724215,0.2440306289923658,1.4408523134063222,0.1681732186892592,0.2136658075946044,0.5016571996855317,-0.32628488605139266,-0.1449335753802935,-0.49946957735892683,0.9132347687539255,0.5166804921706379,0.5016571996855317,-0.32628488605139266
MAT,0.3831227359917895,127.016,0.025886656224243288,-0.32294756,36.743209544714716,,0.23557,0.05388,-0.09189,0.132,22.117800584629347,0.043,8.897436,consumer-cyclical,0.25615075059483267,-0.24946146945749587,0.056590476315628836,-1.0300302911029875,-2.0357332457438955,0.0,-0.0942548043328111,-0.2514884984722736,-0.5684991476643384,-0.08064873475994802,-0.9985122171470457,-0.33257129467015784,-0.478838241132153,0.021093252484321878,-1.021921178948961,-0.24872279630734279,-0.9985122171470457,-0.33257129467015784
SN,0.3023428572579445,31.156,0.02643843917044525,0.47471285,75.38645497939956,0.024,0.29367,0.12894,0.116450004,0.16609,23.793609632194627,0.156,30.699598,consumer-cyclical,-0.2828915334575958,-0.38242714093631697,0.12715338278567687,1.339049307242743,1.8389010805002532,-0.3338658553402338,-0.02970838831904174,0.8099009628054069,0.03665156502708175,0.04914664362125101,0.31242335251552306,0.3777928792503076,-0.055728980624584624,-0.17938843053607864,0.9480281774675875,0.21649769578367448,0.31242335251552306,0.3777928792503076
WING,0.6836333835408189,,0.04078635967350867,-0.50672233,65.7071810567999,-0.667,,0.18476,0.29035,0.31654,22.275582385583615,0.074,42.711823,consumer-cyclical,2.261451431605064,0.0,1.9619889453309227,-1.5758478506051308,0.8683913168466414,-1.1989957529906146,-6.167032462609353e-17,1.5992262989167862,0.5417667829207855,0.6219748829128734,-0.875084207603308,-0.13769262748843725,0.17738935125463567,1.4078134589786622,-0.6354840955830346,0.6907419911876113,-0.875084207603308,-0.13769262748843725
KMX,0.5685343119681503,307.787,0.0345525499350371,-0.2437393,71.91103314596421,-0.052,0.03588,0.01556,0.03425,0.03658,22.738925682491036,0.055,32.85093,consumer-cyclical,1.493397958322855,0.0012827137148175493,1.1647991507647772,-0.7947789605443301,1.4904316757560967,-0.4290176241122004,-0.3161011694582776,-0.7933542612775056,-0.2021090668669139,-0.44395395638312257,-0.5126245289405446,-0.25713439124497567,-0.01397860322502826,0.8864932742674831,0.08887836369985541,-0.4388796134964549,-0.5126245289405446,-0.25713439124497567
MCD,0.2147365548913692,,0.010782133921748887,-0.101885796,47.727898876869936,0.069,,0.13561,0.44252998,0.54175,25.981057186501857,0.094,22.266062,consumer-cyclical,-0.8674863863498526,0.0,-1.8750005629542958,-0.37346904210390686,-0.9343336642456329,-0.2775259922515693,-6.167032462609353e-17,0.9042184116026643,0.9837933816836716,1.4794467856770226,2.023598506915705,-0.011964455113133614,-0.21939656462033494,-0.9141623164347162,-0.528442899533703,0.8418646447408396,2.023598506915705,-0.011964455113133614
SGI,0.3712405491637461,207.096,0.024036426195631132,0.12139475,68.43509082657161,,0.17678,0.055570003,0.105579995,0.16542,23.52618094249016,0.123,31.36,consumer-cyclical,0.17686118953434263,-0.13838395045036053,-0.18001996870752657,0.28968206782280415,1.141910083553728,0.0,-0.15956777847135675,-0.22759093154278165,0.005078206252872687,0.0465956637586696,0.1032218434347681,0.17034139483105662,-0.04291271947315761,-0.04718090987451482,0.4771973837921773,-0.08387121000064902,0.1032218434347681,0.17034139483105662
WH,0.24301359428663427,592.841,0.019489529422542177,0.04394412,54.67197683575682,0.026,0.37622002,0.07591,0.37003,0.37986,22.564450351938525,0.035,33.416668,consumer-cyclical,-0.6787943489170468,0.39667595925752436,-0.7614845716584956,0.059650960459679825,-0.23807323060542812,-0.33136186142518204,0.062000870422179985,0.06002775295255067,0.7732077345454785,0.8630615170899788,-0.6491113901269238,-0.38286256362027926,-0.002999463320415496,-0.34786765377267265,-0.1699280438569768,0.439574468752547,-0.6491113901269238,-0.38286256362027926
MGM,0.22755848730805056,951.186,0.02478706640615945,0.34697747,68.6254332336749,-0.059,0.13488,0.01844,0.06856,0.12836,23.22734152250419,0.042,65.49315,consumer-cyclical,-0.7819259244602508,0.8937298247496811,-0.08402686973128538,0.9596707158633122,1.1609951064602246,-0.43778160281488154,-0.20611674285994427,-0.7526294857848368,-0.10245119726044782,-0.09450778953576397,-0.13055134560852535,-0.338857703288923,0.6195010290025168,0.009259010186048314,0.5609614065028852,-0.2889263038602482,-0.13055134560852535,-0.338857703288923
CCL,0.2930105590484163,201.556,0.029676348191789548,0.019203901,59.18091662767418,-0.065,0.26689,0.05367,0.12787,0.26736,24.390177605043064,0.053,12.8693695,consumer-cyclical,-0.345165746060676,-0.14606838420784715,0.5412224891331874,-0.013828364020653123,0.2140237062903075,-0.4452935845600368,-0.05945973119079289,-0.2544580133519473,0.06982243277043255,0.43472534613412966,0.779100732295002,-0.269707208482506,-0.40175589278659735,0.016662786288221414,-0.08169941409679414,0.047657508590455505,0.779100732295002,-0.269707208482506
GME,0.2798844294158754,74.273,0.022657765435374972,-0.06967908,52.812855916861544,6.333,0.14095001,0.02698,0.16605,0.11045,23.01651778330992,0.141,16.477612,consumer-cyclical,-0.432756109017344,-0.32262033040896115,-0.35632536369933543,-0.277813957748755,-0.4244813246451869,7.564982949690522,-0.1993732421599832,-0.6318692140114369,0.18072122209059793,-0.16269890795193515,-0.2954724856635763,0.2834967499688298,-0.3317316073094515,-0.3705672677085469,2.287562555765527,-0.20330503550818935,-0.2954724856635763,0.2834967499688298
SBUX,0.18529312406366882,,0.017959970110012578,0.09629166,43.77855768968559,0.326,,0.07377,0.084180005,0.14024,25.480864728397396,0.088,78.00764,consumer-cyclical,-1.0639617271459956,0.0,-0.9570871205471903,0.21512500365255569,-1.3303214431649342,0.04423722583258097,-6.167032462609353e-17,0.029766982273970337,-0.05708085562412171,-0.04927548988282628,1.6323128255555508,-0.04968290682572473,0.8623666956978361,-0.673682949231062,-0.3569864045599325,-0.01914734080824443,1.6323128255555508,-0.04968290682572473
WYNN,0.28442231131691825,,0.021556930103444054,-0.024911702,51.981830581512746,0.509,,0.05599,0.15323,0.24129,23.03348695554702,0.092,27.819483,consumer-cyclical,-0.4024749268338721,0.0,-0.497101988096013,-0.14485326349638328,-0.5078055706835624,0.27335266905981637,-6.167032462609353e-17,-0.22165194420507528,0.14348386014495834,0.3354655774512943,-0.28219800698376174,-0.024537272350663986,-0.11162267262754998,-0.29985897164329506,-0.12643538837337642,0.06432437334779433,-0.28219800698376174,-0.024537272350663986
CVNA,0.41210158759013515,121.351,0.03844369795399363,-0.058120966,49.01214818731842,0.119,0.60172004,0.114300005,0.09033,0.10399,25.002619016357727,0.52,38.26744,consumer-cyclical,0.4495259648144085,-0.25731928845319296,1.6624055295277873,-0.2434859508306805,-0.8055661032981568,-0.21492614437527552,0.31252097544857094,0.6028834247537423,-0.03921739308286792,-0.1872949227463777,1.2581954308187964,2.6660456164808335,0.0911382902569966,0.6182040686296676,-0.4213260661680376,0.17222302109326693,1.2581954308187964,2.6660456164808335
CAVA,0.5264530287079063,61.544,0.03711593482358965,-0.005466461,51.16279172282461,-0.091,0.0802,0.03338,0.06507,0.11595,22.936021307607266,0.321,150.9231,consumer-cyclical,1.2125905171629412,-0.3402764959864066,1.4926090067646824,-0.08710021074299924,-0.5899279711368247,-0.47784550545570964,-0.26686369686395306,-0.5413697129166174,-0.11258835741569603,-0.14175802848298255,-0.35844248417528035,1.4150503013465623,2.2774193111296994,0.7883076759804056,-0.3849578957785112,-0.2656449489198123,-0.35844248417528035,1.4150503013465623
TPR,0.19205738422021898,574.912,0.025689183023116978,0.68576026,62.51746912108183,0.737,0.60914004,0.16443,0.22415,0.25098,24.110205636072195,0.212,44.62805,consumer-cyclical,-1.0188239737615759,0.37180696777052474,0.03133728007727202,1.9658675710634417,0.548569127536659,0.5588079753757162,0.3207642526744258,1.3117489774702733,0.3494802493169366,0.372359599642958,0.5600869889537693,0.7298317619011576,0.2145771030443268,-0.20522657530459307,1.0244148913252724,0.5885882697761484,0.5600869889537693,0.7298317619011576
YETI,0.3007681764838079,34.039,0.026519270173549124,0.5256605,61.850712385301534,-0.35,0.22275999,0.103970006,0.0327,0.1351,22.04624293835199,0.083,25.285715,consumer-cyclical,-0.2933993422640533,-0.3784281838022314,0.13749018378896713,1.4903656276787274,0.481715567318085,-0.8021127174549118,-0.10848613367189107,0.45681158790843235,-0.20661124401322759,-0.06884569360472022,-1.0544896352917963,-0.08111494991955058,-0.16079489255591034,-0.1781124474257725,0.38998949251396686,0.018217129154648366,-1.0544896352917963,-0.08111494991955058
MHK,0.32500893144146914,30.114,0.024857848057052278,0.08554971,66.4235532883994,0.652,0.051030003,0.0341,0.05475,0.12977,22.724130140627295,0.08,18.136024,consumer-cyclical,-0.13164133860839464,-0.38387248028203924,-0.07497519634028112,0.18322103264884257,0.9402196637595592,0.45238823398601674,-0.2992702159944592,-0.5311885190434502,-0.14256414331889425,-0.08913930952645067,-0.5241986412356114,-0.09997417577584614,-0.2995472085816154,-0.1968296717435717,0.5252763101314729,-0.2655405469708136,-0.5241986412356114,-0.09997417577584614
CHWY,0.5863453940123404,123.385,0.029618468182427127,-0.5360726,45.26987384706669,0.527,0.63816,0.06008,0.03828,0.031089999,22.808339615758985,0.077,32.749996,consumer-cyclical,1.6122509016180382,-0.2544979638570327,0.5338206987820389,-1.6630191894245399,-1.1807919533492335,0.2958886142952822,0.35300408762903757,-0.1638171067866671,-0.19040340628649832,-0.4648567653332006,-0.45832407371663664,-0.11883340163214169,-0.015937404838376003,0.6305245455143481,-0.8493075094928303,-0.11651829769433211,-0.45832407371663664,-0.11883340163214169
YUM,0.12406452308252877,,0.013984274333022654,0.052337527,60.03280198991435,0.722,,0.23302001,0.31083,0.3527,24.508836497898606,0.152,25.783873,consumer-cyclical,-1.472538781723576,0.0,-1.4655056050184812,0.08457967578141962,0.2994395203460817,0.5400280210128281,-6.167032462609353e-17,2.2816492407653803,0.6012536138604656,0.7596516468396602,0.8719240545745354,0.35264724477524684,-0.1511272612909042,-0.979348128914019,0.3080157390467764,0.9106386253663766,0.8719240545745354,0.35264724477524684
GRMN,0.2797473746770837,2.331,0.01899611957292298,0.107185125,57.381880728489314,0.215,0.19899,0.11903,0.24617,0.29026,24.547791399695956,0.142,26.51116,consumer-cyclical,-0.433670672156042,-0.4224097768676441,-0.8245826309764371,0.24747897955916145,0.033640144539290324,-0.09473443645279137,-0.13489349448399326,0.6697681415788973,0.41344021109876067,0.5219155533775871,0.9023973155066519,0.28978315858759496,-0.1370129791960015,-0.5602210266667077,0.06212822921522015,0.3675576028928129,0.9023973155066519,0.28978315858759496
MUSA,0.19724290164302943,412.267,0.024793350648302813,0.2841612,46.44518209348791,1.768,0.80345,0.11418,0.04816,0.0659,23.021169731005738,0.071,18.723766,consumer-cyclical,-0.9842211345471827,0.1462050312206305,-0.08322323055822009,0.7731041747193472,-1.0629475636175665,1.8496168385848952,0.5366336418960934,0.6011864884054794,-0.16170565776676982,-0.33232003165045143,-0.2918334053569508,-0.15655185334473282,-0.28814104239547106,-0.3070797779615908,0.519924483228892,0.16094861022108786,-0.2918334053569508,-0.15655185334473282
CMG,0.5161401185948998,217.885,0.02454829301201034,-0.43389422,53.38345663384814,-0.179,0.49231997,0.13539,0.13271,0.18981001,24.498620067572357,0.074,31.19266,consumer-cyclical,1.14377270374608,-0.12341872376994119,-0.11456160226488701,-1.3595457909516013,-0.3672690201467818,-0.5880212377179868,0.1909825515216262,0.9011074912525299,0.0838808439885991,0.13945898369622398,0.8639320450260026,-0.13769262748843725,-0.046160246193367116,0.30193079257041733,-0.7716120162721234,0.32885746761474477,0.8639320450260026,-0.13769262748843725
TXRH,0.19606796798646445,68.531,0.01842805361358695,0.02441597,59.22034725272641,0.1,0.28922,0.08991,0.08961,0.11567,23.26494130172762,0.128,30.86741,consumer-cyclical,-0.9920614399768504,-0.3305849547113959,-0.8972278358225741,0.0016516650471932203,0.21797728864639804,-0.23871408656826718,-0.03465213274694663,0.2579954115974684,-0.04130872698309104,-0.14282410961958378,-0.10113815675680744,0.20177343792488253,-0.05247229391506035,-0.7399580768369401,-0.006361710958225307,0.009802610561961744,-0.10113815675680744,0.20177343792488253
ABNB,0.21539112238179645,33.185,0.01869352772863738,0.086847305,57.57352728952001,0.06,0.32325,0.06245,0.03211,0.20708,25.16509972192669,0.179,35.333332,consumer-cyclical,-0.8631184724505397,-0.3796127517496851,-0.8632785713890444,0.18707493564174077,0.05285593077886108,-0.28879396486930226,0.003153625203975434,-0.13030401028749178,-0.20832497595924376,0.20521330715440886,1.385299253670026,0.5223802774819066,0.03419676922209459,-0.7020032651964231,-0.016287699482900136,-0.03256551347208781,1.385299253670026,0.5223802774819066
GM,0.15997447568824388,199.048,0.021868862798590908,0.48645008,53.055246586954404,-0.158,0.040149998,0.02688,0.0936,0.09907,24.96459769108688,-0.009,28.131388,consumer-cyclical,-1.2329124889362735,-0.1495471856273014,-0.4572115243836004,1.3739092950088294,-0.40017758927983005,-0.5617293016099433,-0.3113573989370046,-0.6332832687160436,-0.02971925161935451,-0.2060274912895135,1.2284524790334006,-0.6594645428459471,-0.10556960807832716,-0.6132237329823917,0.13733413470635203,-0.295096852640479,1.2284524790334006,-0.6594645428459471
THO,0.39831558710629483,21.316,0.024264862873878707,-0.13102841,51.165804900995774,-0.265,0.06091,0.02232,0.03452,0.05337,22.08747621204911,-0.039,15.214576,consumer-cyclical,0.3575322987525696,-0.3960760268882427,-0.1508071123253864,-0.4600236352670108,-0.5896258494221043,-0.6956929760652122,-0.2882939957435677,-0.6977641632461025,-0.20132481665433025,-0.3800271625133563,-1.0222340717944394,-0.8480568014089026,-0.3562430400726076,-0.06311694682035318,-0.5817808202514424,-0.39185253453933916,-1.0222340717944394,-0.8480568014089026
ADT,0.27122645672432405,204.431,0.01705801141178717,-0.23708922,44.27974645555354,0.264,0.16916999,0.05278,0.25452998,0.52794,22.321356359382516,0.009,8.552631,consumer-cyclical,-0.49053056285496793,-0.1420805237290071,-1.072431075449759,-0.7750279880028108,-1.2800688524646484,-0.033386585534023384,-0.16802214802951415,-0.2670431002229457,0.43772286329207644,1.426866141046798,-0.8392765894829952,-0.546309187708174,-0.48552978798742874,-0.568347387344578,-0.6961611420004941,0.3573809390216036,-0.8392765894829952,-0.546309187708174
GNTX,0.28093144102877304,0.432,0.018981137470883126,0.099300146,62.82049688415784,0.095,0.15576,0.10872,0.18829,0.23051001,22.40619452722329,0.171,14.19663,consumer-cyclical,-0.4257694244605955,-0.42504384540653706,-0.8264985667121094,0.22406031335973892,0.5789527498078214,-0.24497407135589655,-0.18292002743193214,0.5239791015339614,0.24532020256415688,0.29442149176647336,-0.7729102143586609,0.47208900853178537,-0.37599807075702496,-0.559103945526414,0.18601299727055456,0.22020019210816488,-0.7729102143586609,0.47208900853178537
NKE,0.47162775385131617,79.333,0.022190883893345212,-0.43495435,49.01922935090008,-0.348,0.16016,0.05195,0.06942,0.08306,24.8306979040074,0.001,19.547619,consumer-cyclical,0.8467427114256885,-0.3156016959662026,-0.41603093961392623,-1.3626944145050686,-0.8048560977286284,-0.7996087235398599,-0.17803183069422845,-0.27877975427118007,-0.09995321510184797,-0.26698448770731925,1.123706658554773,-0.5966004566582954,-0.2721527274018965,0.038370025281853216,-0.9890530785911856,-0.20593732194364395,1.123706658554773,-0.5966004566582954
CHDN,0.2935623583478516,438.287,0.020733886628795467,-0.12792706,53.118967727079216,0.134,0.35001,0.06282,0.21719,0.32679,22.55546824646274,0.031,16.508287,consumer-cyclical,-0.34148360195043076,0.18229690240651536,-0.6023541350174852,-0.4508125161990235,-0.39378847485484425,-0.19614619001238734,0.032882748999646154,-0.1250720078804475,0.3292640216147797,0.6610010673777398,-0.6561378240608936,-0.40800819809534,-0.3311363050377745,-0.2538469448538002,-0.34691572702208506,0.22451895752792952,-0.6561378240608936,-0.40800819809534
NCLH,0.4510022394708021,661.444,0.033569308413361636,0.044804573,68.87237985927865,,0.29533002,0.044439998,0.10515001,0.26117,22.994547542731134,0.096,17.024195,consumer-cyclical,0.7091091254919885,0.49183393923313,1.0390606153333848,0.06220653626873292,1.1857556528778828,0.0,-0.02786418278528649,-0.38497529086822646,0.003829258743029035,0.4111573381499813,-0.3126591513464104,0.0006083621243967575,-0.3211242038356122,0.7466678933528345,0.4159873963822052,0.0005367808098743487,-0.3126591513464104,0.0006083621243967575
LVS,0.32794433214930385,981.405,0.021808185701664866,-0.021317005,37.26294034721367,0.73,0.90455,0.099029996,0.25439,0.35153,24.144501656007854,0.253,17.04428,consumer-cyclical,-0.11205347679228883,0.935646052857531,-0.46497101087142534,-0.13417688640887732,-1.9836215044779462,0.550043996673035,0.6489510714828762,0.38695714409539794,0.4373162731263081,0.7551969506617193,0.5869157451875618,0.98757451527053,-0.3207344191208075,0.11954052173127228,-0.5225847980712628,0.5571053598415754,0.5869157451875618,0.98757451527053
COLM,0.23407793626146858,29.872,0.025063623798103257,-0.027146459,56.334154967931404,-0.133,0.10285,0.05491,0.05391,0.08493,21.874319935672045,0.001,19.750797,consumer-cyclical,-0.7384217906376128,-0.38420815410321457,-0.04866025770448196,-0.15149057073839658,-0.07141195837503217,-0.5304293776717964,-0.24170059320281922,-0.23692373501482605,-0.14500403286915456,-0.2598645886878753,-1.1889798863044525,-0.5966004566582954,-0.2682097013235009,-0.3904300674817698,-0.25111063559507507,-0.2208732374436688,-1.1889798863044525,-0.5966004566582954
NVR,0.3487510105129931,31.22,0.017429190702952693,-0.11043775,73.69338943484827,-0.285,0.33257,0.17388001,0.13517,0.16781999,23.635146575511225,-0.214,16.648096,consumer-cyclical,0.026789012259482815,-0.3823383676943532,-1.024964060047393,-0.3988686476169737,1.669142826458484,-0.7207329152157297,0.013507714657475094,1.4453772884610634,0.0910262348143615,0.05573346399806804,0.18846241687936693,-1.9481783096928091,-0.32842306574516206,-0.4601711384940878,0.18318042120859349,0.401411175482742,0.18846241687936693,-1.9481783096928091
AS,0.28784953612526626,14.817,0.026153985762622584,-0.11600745,52.55623554375003,0.208,0.07882,0.05539,0.16525,0.14895001,23.703318708615125,0.321,42.3,consumer-cyclical,-0.37960513403881274,-0.4050906721932798,0.09077701532191962,-0.41541085338961103,-0.450211826710601,-0.1034984151554725,-0.2683968131135056,-0.23013627243271456,0.1783975177570167,-0.016112713594940483,0.24179144877325418,1.4150503013465623,0.16939720235720016,-0.23130626363672432,-0.3230403650852282,-0.084062070346036,0.24179144877325418,1.4150503013465623
LOPE,0.35801408125728823,14.964,0.01977021193627743,-0.25114906,37.054583477966474,0.111,0.29779,0.19429001,0.30918,0.31235,22.0568081897464,0.067,17.91114,consumer-cyclical,0.0886012715696968,-0.40488677115314436,-0.7255904323038708,-0.8167862095246803,-2.0045127797477336,-0.22494212003548253,-0.02513125864646462,1.7339858536712616,0.5964609736724543,0.6060217401901623,-1.0462247533975981,-0.18169748781979347,-0.30391147772794974,-0.34729197729577277,-1.015413703102632,0.7278343272218534,-1.0462247533975981,-0.18169748781979347
LEA,0.18980990197115577,66.809,0.02046468220104231,0.32925975,51.45057727243537,1.242,0.12224,0.04441,0.049790002,0.0712,22.627721181775826,0.047,13.406,consumer-cyclical,-1.0338213714290563,-0.33297350975298284,-0.6367804379462388,0.9070484615117366,-0.5610726367420058,1.191066438926284,-0.2201591989428022,-0.3853994789985144,-0.15697110437783718,-0.3121406387076426,-0.5996165019854074,-0.3074256601950971,-0.39134163506202824,-0.667858439709426,0.5123474212320049,-0.2686676052566991,-0.5996165019854074,-0.3074256601950971
ORLY,0.20580599614369557,,0.014566392456576623,-0.0037568808,55.44793942852049,0.161,,0.13809,0.18454,0.22438999,25.058153285596113,0.102,29.996742,consumer-cyclical,-0.9270798007082905,0.0,-1.3910633864077158,-0.08202269715102367,-0.16026994923028445,-0.1623422721591887,-6.167032462609353e-17,0.9392869682769066,0.23442783850049473,0.27111992791782263,1.3016382377338138,0.038326813836987786,-0.06936913623866123,-0.7727143957053354,-0.1348783061801656,0.361208683673806,1.3016382377338138,0.038326813836987786
APTV,0.40712754279456287,103.823,0.024978725429278783,-0.17357332,56.11535569980176,,0.040799998,0.05698,0.0987,0.15416999,23.287389312538306,0.054,36.535717,consumer-cyclical,0.41633427760702213,-0.2816320600960135,-0.059517200094702814,-0.5863835210415288,-0.0933502595015542,0.0,-0.3106352789643893,-0.2076528026294703,-0.014905636492774025,0.0037620085887583544,-0.0835777456332066,-0.26342079986374084,0.05753116276505572,0.025061672472101938,-0.22657792684769432,-0.13235792737446883,-0.0835777456332066,-0.26342079986374084
HOG,0.4323620538693719,71.433,0.02590242033344791,-0.032734513,48.158554825386425,-0.794,0.07115,0.01968,0.03121,0.11208,21.669062007308195,-0.118,12.673575,consumer-cyclical,0.5847235931137836,-0.32655964302110235,0.058606416407735736,-0.16808728853946467,-0.8911531730070397,-1.357999366596401,-0.27691782879036636,-0.7350952074477155,-0.21093914333452268,-0.15649279276386374,-1.3495470581062503,-1.344683082291352,-0.4055556290745145,0.10559012216680567,-0.8057466093809684,-0.3448612430841171,-1.3495470581062503,-1.344683082291352
LEN,0.41390800259881017,28.481,0.023978693061105786,-0.21335179,57.90082551441746,-0.315,0.07368,0.03879,0.05312,0.06869,23.805111616791415,-0.052,14.183385,consumer-cyclical,0.4615801308701789,-0.38613758503402035,-0.18740297646406504,-0.7045269822801375,0.08567307444371994,-0.758292823941506,-0.27410711566618673,-0.4648693533974028,-0.14729869089856604,-0.3216972946107464,0.32142101293008285,-0.9297801134528499,-0.376255113253793,-0.03732014354263549,-0.4590489105926412,-0.3019931136432255,0.32142101293008285,-0.9297801134528499
OLLI,0.49282668952884046,37.58,0.023861551422471792,-0.44566214,48.65855593475817,0.195,0.13781,0.0682,0.10556,0.13489,22.259627287375686,0.142,19.029703,consumer-cyclical,0.9882027245651426,-0.37351652677420616,-0.20238324098215918,-1.3944969291019387,-0.841019664815902,-0.11977437560330888,-0.20286164821415525,-0.04899586477261488,0.005020128167685256,-0.06964525445717108,-0.8875654063345247,0.28978315858759496,-0.28220379737216084,0.13743431893625904,-0.7850969898403832,-0.07912065981906398,-0.8875654063345247,0.28978315858759496
ARMK,0.1815196029643978,192.213,0.016400003378369072,0.32586658,63.32614982348881,0.652,0.11224,0.041160002,0.04572,0.07233,23.428783382916784,0.147,42.46269,consumer-cyclical,-1.0891423471735773,-0.1590278904526482,-1.156578219971379,0.8969706267340035,0.6296529488687291,0.45238823398601674,-0.23126873698303788,-0.4313562286171333,-0.16879295598419267,-0.30783823983493047,0.027030629746923968,0.3212152016814209,0.17255448765725334,-0.8015828191992015,0.6596706031962498,-0.28481404035482355,0.027030629746923968,0.3212152016814209
LEN-B,0.40290683904210123,28.481,0.024404243498706926,-0.194107,58.0688579565082,-0.315,0.07368,0.03879,0.05312,0.06869,23.785244867771482,-0.052,13.904388,consumer-cyclical,0.3881696179579065,-0.38613758503402035,-0.13298288984589962,-0.6473692760785122,0.10252114868603027,-0.758292823941506,-0.27410711566618673,-0.4648693533974028,-0.14729869089856604,-0.3216972946107464,0.3058798461237411,-0.9297801134528499,-0.3816695402429067,-0.04365028564067116,-0.43438031711132935,-0.3019931136432255,0.3058798461237411,-0.9297801134528499
DHI,0.2755986216831427,27.453,0.02481475909615306,0.22651231,68.10696788378478,-0.132,0.13084,0.07298,0.11257,0.128,24.556017237005207,-0.023,15.293898,consumer-cyclical,-0.4613552060384423,-0.38756350523306304,-0.08048548319990836,0.6018849347344053,1.1090102480702158,-0.5291773807142706,-0.2106049962281995,0.01859595010757856,0.025381587390691015,-0.09587846528282268,0.9088321433497295,-0.7474742635086598,-0.3547036572920384,-0.30980139815713786,0.3939059340301168,-0.06562648100318816,0.9088321433497295,-0.7474742635086598
ONON,0.4135393892049402,30.585,0.02901067126532135,-0.3215859,46.12141328528827,0.811,0.15502,0.096820004,0.14112,0.14987001,23.191919346469273,0.145,38.086018,consumer-cyclical,0.4591203821198911,-0.38321916470446227,0.4560946340137724,-1.0259861127967287,-1.0954108239857419,0.6514557502326311,-0.1837421332469096,0.35570664824796955,0.10830878579537205,-0.012609875574679302,-0.15826106026037484,0.3086423844438905,0.08761747758439087,0.1773319504764004,-0.48998039551661315,0.06691585630543817,-0.15826106026037484,0.3086423844438905
AN,0.21388325514754103,470.56,0.017849682300743512,-0.074068606,50.97179367040698,0.315,0.2933,0.058480002,0.046529997,0.056750003,22.550522912543624,-0.021,10.069918,consumer-cyclical,-0.8731804360328187,0.22706219674863926,-0.9711909061458687,-0.29085100504687544,-0.6090787334969362,0.03046525929979631,-0.03011944122653044,-0.18644195377927789,-0.1664402140603329,-0.3671580287992293,-0.660006411683003,-0.7349014462711294,-0.45608416784444716,-0.5391030484766827,-0.2898214930813385,-0.18753990946634264,-0.660006411683003,-0.7349014462711294
HLT,0.10285842112319347,,0.01442491370517378,0.23639202,57.014113659513704,0.35,,0.10859,0.5736,0.59219,25.043798326277823,0.11,50.529053,consumer-cyclical,-1.614046615297724,0.0,-1.4091559207483548,0.6312280224759322,-0.0032346803747708487,0.07428515281320197,-6.167032462609353e-17,0.522140830417973,1.364503348529399,1.671493687570472,1.290408780058582,0.08861808278710928,0.32909643445664,-1.0077341786820264,0.23409283163812114,0.8895344666294609,1.290408780058582,0.08861808278710928
LAD,0.3172730500587923,251.65,0.020995842088026268,-0.15228397,60.404973060108894,-0.461,0.108660005,0.03964,0.036310002,0.050180003,22.614095409809945,0.01,10.132194,consumer-cyclical,-0.18326269822216756,-0.07658390322453751,-0.5688548420504715,-0.5231533994073841,0.33675592034276775,-0.941084379740284,-0.23524594604667326,-0.452849888408247,-0.19612552239868133,-0.3921728611830509,-0.6102755380850966,-0.5400227790894088,-0.45487559264409005,-0.27623381449905887,-0.37582728626830014,-0.31909855450916313,-0.6102755380850966,-0.5400227790894088
PLNT,0.6124174624506811,,0.028743173932612557,-0.5158626,49.187692119437365,0.302,,0.083680004,0.32513002,0.44474,22.14505508663964,0.197,18.833935,consumer-cyclical,1.7862292182639392,0.0,0.42188663719393377,-1.602994775422888,-0.7879648760331855,0.014189298851959901,-6.167032462609353e-17,0.16989986006266816,0.642789886915839,1.1100877461710057,-0.9771918309308218,0.63553563261968,-0.2860030193810169,0.7360386184859576,-0.7922567842013711,0.4806943732873782,-0.9771918309308218,0.63553563261968
DRI,0.22016443277403916,362.378,0.01595279229879032,-0.063296914,56.971615451534525,0.36,0.53718,0.07817,0.14335,0.16266,23.884315669937553,0.137,19.73276,consumer-cyclical,-0.8312662813275087,0.07700490202798596,-1.2137683049457242,-0.2588586992524034,-0.007495839436017603,0.08680512238846075,0.24081997249873763,0.0919853892766588,0.11478611162522982,0.03608714969788605,0.3833799877199437,0.2583511154937692,-0.2685597409999227,-0.6560098947484156,-0.05984980543332009,0.12091965577462808,0.3833799877199437,0.2583511154937692
AZO,0.32594719187880644,,0.01722346143445541,-0.15193123,45.989404759037406,0.077,,0.11389,0.19082001,0.21334,24.677866455138048,0.084,21.977306,consumer-cyclical,-0.12538034815995977,0.0,-1.0512730556969463,-0.522105749145388,-1.1086468956824893,-0.2675100165913623,-6.167032462609353e-17,0.5970857297621204,0.2526689465654118,0.22904783542270774,1.0041511621949788,-0.0748285413007854,-0.22500038215123508,-0.3922178012856354,-0.6327542204730799,0.26970062793755994,1.0041511621949788,-0.0748285413007854
HD,0.2880919507891647,459.356,0.015512700416670714,-0.059893906,71.7499045746342,-0.043,1.2838,0.12519,0.11926,0.14974,26.58593944003644,0.048,25.066097,consumer-cyclical,-0.3779875065285491,0.21152133107736124,-1.2700479752943377,-0.24875164526710244,1.4742758305005743,-0.4177496514944675,1.070280301658815,0.756873911382661,0.04481356488026427,-0.013104879890998981,2.49677990116119,-0.3011392515763319,-0.16505696571976225,-0.4788380502485085,0.2692581779130015,0.46471572450768533,2.49677990116119,-0.3011392515763319
LKQ,0.3554445318487221,80.678,0.022692436079676928,-0.3119073,58.073853950702606,-0.528,0.08139,0.04321,0.072069995,0.10658,22.626662504580896,0.043,13.165,consumer-cyclical,0.07145472710974914,-0.31373607080305826,-0.3518916249475767,-0.9972403288602425,0.10302208100632657,-1.0249681758945177,-0.265541661837165,-0.4023681354537931,-0.09225595902001214,-0.1774336722328164,-0.6004446736638218,-0.33257129467015784,-0.3960186635045434,-0.1980576562136286,-0.6397288079161445,-0.23439985713594663,-0.6004446736638218,-0.33257129467015784
DECK,0.35808249080174953,15.01,0.028850231456661296,-0.039089203,54.109884466872344,-0.048,0.40859002,0.2175,0.14002,0.24463,23.34717255750982,0.096,14.143875,consumer-cyclical,0.08905776689595131,-0.4048229653854829,0.4355773286304196,-0.18696094234511312,-0.29443243031811267,-0.42400963628209687,0.09796244505842293,2.062187809204972,0.10511369233669784,0.34818240243789456,-0.036811091391262575,0.0006083621243967575,-0.37702187422376715,0.039937376713629326,-0.3018010029817742,0.6533615872594969,-0.036811091391262575,0.0006083621243967575
PAG,0.24032241834549575,164.246,0.01666112168263092,0.012653947,62.89437940778896,-0.078,0.16483,0.044099998,0.03675,0.04478,23.18846537359661,-0.011,12.939262,consumer-cyclical,-0.6967525044483012,-0.19782041010889886,-1.1231859837522797,-0.03328195880480821,0.5863607135787354,-0.4615695450078732,-0.17284367642943838,-0.38978307686388874,-0.19484749082447247,-0.41273300881122954,-0.16096300049754073,-0.6720373600834776,-0.4003995060213753,-0.6725862994364933,0.030503069922017994,-0.2925518132322573,-0.16096300049754073,-0.6720373600834776
BBWI,0.5499826066168414,,0.03601153750240671,-0.2690513,67.35324301142398,0.837,,0.13943,0.10958,0.18620001,22.26273709191786,-0.032,6.5710225,consumer-cyclical,1.36960285263093,0.0,1.3513768693512147,-0.8699564947951864,1.0334366716238685,0.684007671128304,-6.167032462609353e-17,0.9582353013186345,0.016696742443931052,0.1257141518993296,-0.8851326987447451,-0.8040519410775463,-0.5239863826614116,0.906993240660715,0.28249594931899535,0.2751615489154738,-0.8851326987447451,-0.8040519410775463
LOW,0.277525690851078,,0.016700694639401763,-0.039319456,51.15372172633373,-0.007,,0.12792,0.11067,0.14245,25.541083814020624,0.103,18.622467,consumer-cyclical,-0.4484959175362472,0.0,-1.1181253292565496,-0.18764480188975055,-0.5908373906057943,-0.372677761023536,-6.167032462609353e-17,0.7954776048184201,0.019862789598435536,-0.04086106376893808,1.679420424974911,0.04461322245575297,-0.2901069274751323,-0.5222070822642656,-0.3837199845063603,0.19361983266197938,1.679420424974911,0.04461322245575297
BROS,0.37109375040143217,126.055,0.033788427856496245,0.06840539,73.38129033657923,-0.001,0.138,0.03684,0.07733,0.17167999,23.25250952504351,0.308,112.203125,consumer-cyclical,0.17588160474944223,-0.25079445516885773,1.0670819684362718,0.13230179655498817,1.637849650490979,-0.36516577927838073,-0.20265056699139075,-0.49244342013723064,-0.07697758850356332,0.07043015395264207,-0.1108631658638889,1.333326989302615,1.5259901643725322,0.3307230393389521,0.4683285559225288,-0.17541035541988564,-0.1108631658638889,1.333326989302615
ZTS,0.541577185278114,286.236,0.022702755666071533,-0.53985804,46.89636738630248,0.06,0.67748,0.15525,0.36561,0.42745,24.12864558988788,0.029,11.780328,healthcare,1.355295020254889,0.8663233949966228,-0.34471880037186803,-1.251076847493112,-1.200036661339257,-0.20031066005045764,1.1466747606069787,0.6774095768347356,0.11444538018633021,0.9690004222794032,0.19736158934363754,-0.36976332873774886,-0.23466411541697277,0.6256332049598813,-0.8838080562942756,0.726882534976862,0.19736158934363754,-0.36976332873774886
GEHC,0.32466449194953045,97.055,0.0206273152883076,-0.14351547,56.11132542973435,-0.309,0.19462,0.05174,0.11089,0.16788,24.09460947452929,0.074,15.350121,healthcare,-0.05339816536352776,-0.11478926305084938,-0.5636641450383582,-0.5770462892647288,-0.31283413582073805,-0.36346788721123185,0.2173694743745612,0.10023270691837909,0.09659314582857713,-0.05720540878342663,0.1720342725393429,-0.24997128477203268,-0.22323105757359932,-0.24395052448424512,-0.4177827707655662,0.0892474795845227,0.1720342725393429,-0.24997128477203268
STE,0.2536684980172457,28.999,0.01541165149321668,-0.1212396,49.35589562064277,0.522,0.11368,0.06652,0.20039,0.26919,23.74474697052841,0.073,26.520151,healthcare,-0.5144664934724618,-0.46773487099286676,-1.1138824599152428,-0.5391633611424155,-0.9632369221753723,0.003967494280918302,0.06159353545302729,0.18264671655381282,0.10286581768402195,0.3433220510346389,-0.08830914160815526,-0.25263333019349304,-0.18745654652990118,-0.698694608126857,-0.4994775963456231,0.17260703018137524,-0.08830914160815526,-0.25263333019349304
GILD,0.2158543150489364,94.635,0.016725275504013717,0.1306721,47.396615483973314,0.548,0.4336,0.13292,0.39282,0.49563,25.778619147732265,0.044,17.189116,healthcare,-0.7600426331153967,-0.12733963878876645,-0.9753037443387413,-0.11075572434664809,-1.1518735146870875,0.015463667468398343,0.6773068833623075,0.5528963944829606,0.11635241260182354,1.2385489585581093,1.425157493134525,-0.32983264741584345,-0.21734126614628843,-0.6208953387476348,-0.4157218571884458,0.6462761622513002,1.425157493134525,-0.32983264741584345
BDX,0.23077318982217704,71.599,0.016309026222459208,0.111058,57.35025289766981,,0.06672,0.04383,0.14743,0.27701,24.453707727929494,0.052,26.364113,healthcare,-0.6631551854162296,-0.24680676916011227,-1.0192153128875427,-0.14411197667187103,-0.19355203238565344,0.0,-0.028784992984769033,0.05612615643013273,0.09915407800285594,0.3742382955887527,0.4392502909337524,-0.3085362840441606,-0.18795629300813232,-0.6430590891546282,-0.11255466968584149,0.12518338425924308,0.4392502909337524,-0.3085362840441606
SYK,0.29448355946705784,66.295,0.015220155867784288,-0.16691029,52.66570399647118,0.142,0.152,0.07716,0.17824,0.27376,25.51655158653935,0.026,36.482037,healthcare,-0.24940178908537755,-0.2743138736699932,-1.1340839921594945,-0.6168321330721515,-0.6445734691051398,-0.16405349845917444,0.13534364639289856,0.24197588181233895,0.10131341900694817,0.3613894727241915,1.2301449872556427,-0.3777494650021299,-0.15555138595978077,-0.5525998849716217,-0.47515303354548855,0.2100056049840943,1.2301449872556427,-0.3777494650021299
GMED,0.22102872953244704,2.45,0.03111472594019819,0.3943522,52.40707223192621,0.667,0.13303,0.08177,0.21316999,0.30479,23.095860410052374,0.27,18.46028,healthcare,-0.7264385027593878,-0.6054207906068996,0.5426888798127267,0.33766556180668106,-0.6694741527113078,0.06808076782648002,0.0988342621410886,0.26768146939145593,0.10376151247269083,0.48406607995106515,-0.571165522663309,0.2717896178341979,-0.21327008007459913,-0.26305680451785357,-0.08790927435938224,0.23858583098907513,-0.571165522663309,0.2717896178341979
BIO,0.28856510165160504,20.116,0.02648752916892785,0.19077384,62.17500311642228,,0.02495,0.0179,0.057589997,0.17174,22.784730828316164,0.011,48.772423,healthcare,-0.28783795004055474,-0.5138030477201052,0.05454997552053679,-0.008545130711205039,0.2709677797391825,0.0,-0.10917492341165899,-0.08846080364069256,0.0928575767926752,-0.04194496070428603,-0.8026865820086249,-0.4176801463240353,-0.11618868508177832,-0.24903034074670774,0.08747421634265916,-0.03668077774099059,-0.8026865820086249,-0.4176801463240353
EW,0.12732918546079997,6.806,0.015426313612248051,0.1813941,63.641823919700656,0.082,0.1046,0.08269,0.31219998,0.30199,24.676178660258756,0.167,48.897297,healthcare,-1.3349501910511137,-0.5828301142786488,-1.1123357025430443,-0.024496562292821652,0.4121911162989457,-0.19058312889182066,0.04411830039733753,0.2728114348085465,0.11070210052987496,0.4729963248677507,0.6047977314535051,-0.002401060576219166,-0.11578874826047429,-1.0100386692909356,0.06570380837143447,0.22515704015087742,0.6047977314535051,-0.002401060576219166
TECH,0.3925713316390177,13.922,0.031825319090530976,0.3613671,80.03066626840778,1.286,0.053400002,0.07452,0.25191,0.30231002,23.121890257669993,-0.015,100.92857,healthcare,0.38760830991247386,-0.5459257862823607,0.617651795579491,0.2815702365777534,1.9900846078989025,0.3417781217899469,-0.0544204661115661,0.22725511148503547,0.10647663392974839,0.47426151880409445,-0.551795915114588,-0.48689332728200474,0.05085300208005065,0.15311143973653474,0.8711443220888676,0.18839319952682804,-0.551795915114588,-0.48689332728200474
BIIB,0.14335419717590278,35.181,0.021408454653157622,0.66548777,63.18010784363039,0.311,0.077010006,0.059520002,0.22899,0.35619,24.185824088355417,0.019,23.257265,healthcare,-1.2308791730940196,-0.4356743656987332,-0.48125906643334687,0.7987658155661268,0.36773777567261295,-0.08932837274055426,-0.008980998097714197,0.14361438214109182,0.10487026924900207,0.6872751554090513,0.2399098628414699,-0.3963837829523525,-0.19790666629156053,-0.7159375350753665,0.3590584061660618,0.23169470217535776,0.2399098628414699,-0.3963837829523525
ELV,0.3059935194810798,72.299,0.02456294717088483,-0.019532025,48.77919064709461,-0.168,0.12086,0.03979,0.05303,0.04262,25.153882765150254,0.026,16.393812,healthcare,-0.17465281063840454,-0.24317649518633458,-0.14848079973808187,-0.36619679448442277,-1.0187612237076737,-0.3011232556945133,0.07541205832746035,0.0335989169898653,0.09253798612404042,-0.5524188094034138,0.9602719997661071,-0.3777494650021299,-0.2198884044915836,-0.18877003518760702,-0.5620270912955366,-0.08771746199051193,0.9602719997661071,-0.3777494650021299
THC,0.34080885169323627,149.254,0.02487781206749343,0.054894924,45.69554131480924,0.876,0.30291998,0.07754,0.17940001,0.21603,23.502985934376078,0.028,9.728549,healthcare,0.05144793288983709,0.1559202671737503,-0.11526461870491596,-0.23962437512077625,-1.3156504187015763,0.16049231383353102,0.42580203021448393,0.24409478057157197,0.10139471914190945,0.1331548438099981,-0.26821093971446824,-0.37242537415920923,-0.24123539503705685,0.03070119378622381,-0.4649274933296072,0.22611159343449086,-0.26821093971446824,-0.37242537415920923
BMRN,0.2248752067782549,23.174,0.022019893796399237,0.026339173,58.3668402453913,-0.431,0.044770002,0.04486,0.18004999,0.19469999,23.12657692244733,0.028,41.16547,healthcare,-0.7014583773381532,-0.4979439365603736,-0.4167562479501431,-0.28818703339682444,-0.09567650673944196,-0.4174114690909459,-0.07102963775590558,0.06186948727752762,0.10144027345758098,0.04882699144405256,-0.5483084241855971,-0.37242537415920923,-0.1405516477692011,-0.5387195206162233,-0.2670916697424041,0.035276778605813894,-0.5483084241855971,-0.37242537415920923
EHC,0.2609036965385882,82.84,0.017318971840540726,-0.1620993,43.55885188541198,0.303,0.25232,0.09743,0.19009,0.23469,23.028551561549893,0.09,17.30822,healthcare,-0.46747904106840965,-0.18850975524691993,-0.9126726755685627,-0.6086504374361487,-1.5213677154136485,-0.09286565679824042,0.32841804956325044,0.3550024024693242,0.10214393477775288,0.20692685447237208,-0.6212521001647058,-0.2073785580286669,-0.21695980903620465,-0.5228871572946308,-0.7409612698826792,0.2481228103206749,-0.6212521001647058,-0.2073785580286669
TMO,0.3138269516216651,82.903,0.01988814799381703,0.20155644,63.58299047450582,0.113,0.13523,0.04997,0.17892,0.24993,25.950710682229303,0.062,27.54725,healthcare,-0.12378025769042697,-0.18818303058927993,-0.6416414455632701,0.009792041339612936,0.40652671924843303,-0.1768761531682868,0.10306834992991207,0.09036309953984607,0.10136107729590574,0.2671779499972691,1.5532160793633838,-0.281915829829557,-0.18416703302649326,-0.31786824461432567,0.07981420247325305,0.14049261919073325,1.5532160793633838,-0.281915829829557
BSX,0.605326423653917,42.25,0.02212962782677007,-0.5850353,31.644633654492495,1.0,0.14661,0.060749996,0.20603001,0.26681,24.87332320803231,0.116,17.85774,healthcare,1.769300841261971,-0.3990137846692557,-0.4051800276170538,-1.3279064794375908,-2.6684510178259413,0.21532021672766655,0.12497013131028094,0.15047288940547107,0.10326110184035074,0.3339127592138217,0.751499032853334,-0.13816537707069754,-0.215199848739882,0.3217023429918872,-1.2603457601786219,0.1781542204424811,0.751499032853334,-0.13816537707069754
MOH,0.5995625123113002,96.74,0.03834514384762024,-0.25057954,67.75529365445749,-0.95,0.04482,0.0201,0.0171,0.01476,23.201086619837664,-0.043,61.31367,healthcare,1.7318683493858353,-0.11642288633904939,1.3054505364635771,-0.7591222516532823,0.8082298958701114,-0.6468927723333358,-0.07093341233714849,-0.07619349503460633,0.0900198062383853,-0.6625628724823923,-0.4928634742870863,-0.5614305990828947,-0.0760225459305633,0.9736319998367877,-0.1992617093721689,-0.17991749340394045,-0.4928634742870863,-0.5614305990828947
NVST,0.2597488615631119,51.606,0.024868137454637833,0.34965038,64.5311041153377,1.3,0.02214,0.030079998,0.09865,0.13643,22.17905843943238,0.144,64.268295,healthcare,-0.4749788703107812,-0.35049257995687894,-0.11628522689432863,0.26164447558214377,0.49780969771236194,0.34796836889089766,-0.11458300826920174,-0.020544533510004865,0.09573529662734089,-0.18154247927279754,-1.2533859732657093,-0.0636281052698075,-0.06655970073744506,-0.31391889238732956,0.3691408473951345,-0.05523368110616582,-1.2533859732657093,-0.0636281052698075
BMY,0.12527187383249816,230.967,0.01721204503908001,0.23258257,51.206223208996505,0.092,0.38731998,0.10689,0.33040002,0.39136,25.491100177854555,0.026,16.140057,healthcare,-1.3483109622766691,0.5796925203441697,-0.9239527516674604,0.06255589086394331,-0.7850901198039696,-0.186161523819713,0.5882370344766222,0.40775182947549493,0.11197766342010926,0.826319186223397,1.2112058138486916,-0.3777494650021299,-0.22070111144491258,-0.5641903978666533,-0.3028985842532464,0.4835714283989058,1.2112058138486916,-0.3777494650021299
HALO,0.24129018193799387,991.211,0.01930302413389292,0.4584278,67.32980188237593,0.312,0.99399,0.22059,0.48981,0.63178,22.95154098096002,0.422,27.463158,healthcare,-0.5948548250297058,4.522398244516484,-0.7033681742885234,0.4466342058683538,0.7672641776325579,-0.08888621223334349,1.7558252724435826,1.0417486424354963,0.12315002649299217,1.7768157994842728,-0.6785580339157504,0.6764205218961725,-0.18443635640187245,1.0747250817327518,0.37500405708918944,1.174384935214086,-0.6785580339157504,0.6764205218961725
UTHR,0.10640996920524717,,0.029985897565536702,0.87315667,40.733039511955425,-0.122,0.20261,0.12624,0.41689,0.48852003,23.858712791932692,-0.016,20.038092,healthcare,-1.470805575701358,7.369899431104758e-17,0.42360489156255443,1.1519329875751145,-1.793432749519701,-0.2807838723628178,0.2327469113894248,0.5156483847153895,0.11803937585948339,1.210439806218926,-0.0035036803163094117,-0.48955537270346505,-0.2082167854264308,-0.3490668947129345,-0.30742787810246813,0.519218619545806,-0.0035036803163094117,-0.48955537270346505
HCA,0.3361996951341117,,0.01750893857166513,0.007188201,40.37333704356339,0.109,,0.12344,0.14982,0.20378,25.183330787102804,0.043,13.421344,healthcare,0.02151474946634939,7.369899431104758e-17,-0.8926324316440369,-0.3207556781118651,-1.8280643709431026,-0.1786447951971299,0.0,0.5000354464894616,0.09932158287139799,0.08472466532049747,0.9821851756204656,-0.3324946928373038,-0.22940839586967648,-0.29037256072589585,-0.7758216147506992,0.1710204236703393,0.9821851756204656,-0.3324946928373038
UNH,0.28960656735675405,73.982,0.025244464568105734,0.2872386,57.85311568850898,0.007,0.121759996,0.03783,0.080469996,0.04773,26.65670942767744,0.02,31.250376,healthcare,-0.28107437332503127,-0.23444827933223777,-0.07658518518349573,0.15550536740250254,-0.14513714694406482,-0.22374516693262847,0.07714417745181945,0.022669860231715782,0.09446113797457358,-0.532216506376365,2.078571388011599,-0.3937217375308921,-0.1723069465286767,-0.19736927928025494,-0.07112564882473026,-0.08448533267956404,2.078571388011599,-0.3937217375308921
CAH,0.2041831168239239,,0.01904965303754265,0.43686128,78.61388689902546,-0.195,,0.03601,0.01413,0.01593,24.742131220427762,0.11,36.213413,healthcare,-0.8358387387064674,7.369899431104758e-17,-0.7300971628026162,0.4099576169401355,1.8536791865508953,-0.3130615893892041,0.0,0.012521450384862628,0.08981165165279123,-0.6579372962511502,0.653875053229388,-0.1541376495994597,-0.15641171420013483,-0.5219786338363611,0.6501917380339421,-0.13890104855337407,0.653875053229388,-0.1541376495994597
OGN,0.47961039026720337,948.948,0.043704207956322835,0.34825873,60.294152708648014,0.667,0.34048,0.05889,0.18699,0.2588,21.991826705182653,-0.035,14.559139,healthcare,0.9528648972087875,4.30321786029682,1.8707966436997956,0.25927779913263066,0.08988228547702903,0.06808076782648002,0.49808949477355974,0.14010145988815928,0.1019266690486816,0.30224535270762576,-1.3927108462484081,-0.5401342357112119,-0.22576435375045528,2.3756264670684675,0.1390802841453799,0.2605907441045066,-1.3927108462484081,-0.5401342357112119
HUM,0.4717824415547509,77.073,0.0313371566843829,0.53971016,75.4037245291718,-0.046,0.062800005,0.036429998,0.04671,0.024500001,24.588004969482597,0.235,42.392742,healthcare,0.9020279552143509,-0.21841802668517105,0.5661538641465167,0.5848651167819113,1.5446095034948022,-0.2471796738147993,-0.0363293579673823,0.01486337996665307,0.09209504437961125,-0.6240559347748075,0.5391849852113602,0.17861802808308525,-0.13662103561170275,0.41658793089189877,0.6274316488206381,-0.13835671709898137,0.5391849852113602,0.17861802808308525
UHS,0.4200248622109439,67.405,0.019849251445002585,-0.22186935,34.36091796161614,0.177,0.21369,0.08354,0.111870006,0.15022,22.92061823544649,0.096,6.2083507,healthcare,0.5658994041051764,-0.2685572963687172,-0.6457447762962353,-0.7102969503677229,-2.406931183883332,-0.1485778807067975,0.2540713171622268,0.27755107676998897,0.0966618302537656,-0.12702393548747404,-0.7015685967790005,-0.19140628549990474,-0.2525096147982712,-0.11613422285325871,-1.0886020049859508,0.12531507217462684,-0.7015685967790005,-0.19140628549990474
PEN,0.21439271251833006,14.668,0.02107508034733786,0.25841713,40.680856810905624,-0.18,0.12733,0.066989996,0.102019995,0.14025,23.24248509276012,0.156,72.92148,healthcare,-0.769534698763343,-0.5420569514474489,-0.5164278687139018,0.10649082043354433,-1.7984568227646966,-0.3064291817810425,0.08786412559731858,0.1852674374518247,0.09597148515012849,-0.16644017055198992,-0.46205760152886166,-0.03168356021228315,-0.03884594684907918,-0.6093398396415646,-0.6661317280373983,0.05066571941182046,-0.46205760152886166,-0.03168356021228315
IDXX,0.3133510624112103,71.04,0.02669908417084837,-0.012383699,49.547716380039475,0.172,0.72915,0.26463,0.31783,0.3477,24.449613626619573,0.143,38.76583,healthcare,-0.12687081858656346,-0.24970580223345754,0.07686764039188923,-0.3540401640115001,-0.944768703288045,-0.15078868324285136,1.2461180860835745,1.2873178565318766,0.11109668452987041,0.6537100766028586,0.436203744645706,-0.06629015069126785,-0.1482370297852655,-0.09990299347604392,-0.4831991835141321,0.8245606759370451,0.436203744645706,-0.06629015069126785
VEEV,0.5054862776039226,1.411,0.023764548141279002,-0.3770944,57.59405797691618,0.146,0.13934,0.07298,0.30932,0.30914,24.08464111514171,0.163,31.466312,healthcare,1.12091032416704,-0.610809154405121,-0.2327066597489455,-0.9742767371025384,-0.1700788401017452,-0.16228485643033136,0.1109783957535778,0.21866799546077512,0.11050025506071023,0.5012637351697858,0.16461651074225464,-0.013049242262060615,-0.17161536335327504,0.09246483667099116,-0.4355468112115383,0.23535259536121225,0.16461651074225464,-0.013049242262060615
COR,0.3244224428918426,420.985,0.019166003011554987,-0.046321094,64.19503394610726,1.283,1.0713401,0.03486,0.01716,0.01613,24.73163281141642,0.038,21.684292,healthcare,-0.05497010130198277,1.565145948843145,-0.7178230038168908,-0.411754987066382,0.46545335908473223,0.34045164026831454,1.9046921423864358,0.006108993613499388,0.09002401138152863,-0.6571465994594848,0.6460628652587607,-0.3458049199446056,-0.20294446296354254,0.26411761457475713,0.13138333742888825,0.33591963698049476,0.6460628652587607,-0.3458049199446056
ILMN,0.25664173621334435,95.067,0.030216129860895384,0.845135,65.76381253952346,0.061,0.33822,0.08683,0.18332,0.26292,24.004292823475982,0.048,31.969091,healthcare,-0.4951574326618992,-0.125099241136378,0.4478928883658996,1.1042786014399297,0.6164930408172268,-0.19986849954324687,0.4937399318632229,0.29589627918545425,0.10166945445974883,0.3185337066159313,0.10482688386322708,-0.31918446573000203,-0.1700051015287285,-0.057454595144125875,0.5069677142379698,0.3024598430310893,0.10482688386322708,-0.31918446573000203
VRTX,0.23562653123267582,10.26,0.021655669574929252,0.105029225,67.87679585106909,0.614,0.24197,0.12142,0.38126,0.40769002,25.56012515379962,0.078,29.497032,healthcare,-0.6316361955980879,-0.5649173052708946,-0.45517951395190936,-0.1543646693833386,0.8199279475792773,0.044646260944309166,0.3084985911021944,0.488771826769328,0.11554222168954485,0.8908796583325491,1.26256941438744,-0.2393231030861912,-0.17792242153558374,-0.5505776716069639,0.23673651304674928,0.4509230744734041,1.26256941438744,-0.2393231030861912
PFE,0.15724287511186488,71.602,0.015220196830909527,-0.02675718,41.721857650713325,-0.101,0.083100006,0.05687,0.31617,0.40212002,25.645016114854116,0.054,18.38168,healthcare,-1.140682118853393,-0.24679121084308178,-1.1340796708185057,-0.37848408236757036,-1.698230802223823,-0.27149850171139167,0.0027397267358926897,0.12883784016802555,0.11098034223623869,0.8688587526846703,1.3257393808126898,-0.3032121932012399,-0.2135218140957284,-0.840517666838327,-0.7827377954342617,0.2778541654562068,1.3257393808126898,-0.3032121932012399
INCY,0.18332275209380547,0.701,0.02121528570309756,0.66826713,65.5630292653495,0.838,0.30823,0.13888,0.25552,0.28893,23.84330675200142,0.209,15.988716,healthcare,-0.9713119246869593,-0.6144912894356669,-0.5016371234485675,0.8034924679979301,0.5971619242685213,0.14369021455952172,0.43602161696012426,0.5861296487067214,0.10672964337553782,0.4213638243720057,-0.014967786896275368,0.1094048471251159,-0.2211858147336114,-0.6958134458570645,0.5147815356086577,0.3875611833535973,-0.014967786896275368,0.1094048471251159
QGEN,0.4137621064037363,50.036,0.020113403025423332,-0.17465258,67.62671279458684,-0.238,0.11934,0.060100004,0.23817,0.34669998,22.810722023385914,0.018,19.948978,healthcare,0.5252272733348424,-0.3586347658694945,-0.6178785174342345,-0.6299988742845982,0.7958503209363008,-0.3320744911992672,0.07248668858245504,0.14684850192570414,0.10551365614992926,0.649756513574853,-0.7833457370056538,-0.39904582837381286,-0.2085021928762898,-0.15042866998962887,-0.055407681515854866,0.24365134005823536,-0.7833457370056538,-0.39904582837381286
DGX,0.11554917692526878,82.737,0.014777071655588054,0.18574691,68.75925716738585,0.155,0.14538999,0.06348,0.14197,0.19738,23.878652581671826,0.092,23.41989,healthcare,-1.4114529419776904,-0.18904392413163298,-1.1808264698499904,-0.017094059568569554,0.9048900173812848,-0.15830541186543443,0.12262211792698888,0.16569552647994823,0.09877140997681427,0.05942236798720742,0.011334128476302026,-0.20205446718574618,-0.19738582347748743,-0.9271077786531047,0.24316351531576028,0.11162785559273969,0.011334128476302026,-0.20205446718574618
CHE,0.23525605665772673,27.941,0.019461627626386035,-0.049636304,60.27057669177942,-0.004,0.25597,0.12785,0.12863,0.15551,22.544953169107323,0.016,25.450274,healthcare,-0.634042163645265,-0.4732217707989478,-0.6866365462922389,-0.4173929200467942,0.08761242145714952,-0.22860893251194694,0.33544278612198036,0.5246258241952981,0.09783646648461726,-0.10611000534792636,-0.9811124885315146,-0.4043699192167335,-0.19088306611417252,-0.5979668269121506,-0.1861298103671972,0.21294876786349237,-0.9811124885315146,-0.4043699192167335
WAT,0.3132302286909761,36.634,0.0246336213283321,0.033133507,63.50347698141172,,0.05212,0.03313,0.02841,0.30105,24.329405479603487,0.914,47.59391,healthcare,-0.12765554739000412,-0.4281389541503062,-0.14102513976004014,-0.27663241099325553,0.39887127778539083,0.0,-0.05688393921968868,-0.0035375717903775145,0.09081247572090019,0.4692800499469237,0.3467531775096698,1.9861468692546698,-0.11996313567265784,-0.23227321376678348,0.04074628893071177,0.12491775366443941,0.3467531775096698,1.9861468692546698
INSP,0.7218557003321878,3.73,0.0474315299866307,-0.6565247,58.8578083223504,,0.18365,0.03906,-0.00546,0.07358,20.974300588788175,0.016,10.138637,healthcare,2.526075354835778,-0.5987825753405632,2.264004666128268,-1.4494832260116772,-0.048406826750225215,0.0,0.1962567729912004,0.02952840095239123,0.08843867241649889,-0.4300189460536229,-2.1498832213872943,-0.4043699192167335,-0.2399219968022367,1.3970991485411612,-0.49929668425396745,-0.028948774923383103,-2.1498832213872943,-0.4043699192167335
REGN,0.25852158084207705,8.612,0.020615290159670133,0.18115199,36.757228957170234,-0.072,0.14548,0.06126,0.20658001,0.29376,24.903349597326145,0.19,15.219428,healthcare,-0.4829491829837409,-0.5734640074263025,-0.5649327172230364,-0.024908300901804955,-2.17621790693046,-0.2586758470022793,0.12279534985511252,0.153316696886534,0.10329964898583112,0.4404591518907231,0.7738425895760029,0.05882598411736909,-0.22364963103954655,-0.5404486358776932,-0.8199340182781812,0.20496771190455018,0.7738425895760029,0.05882598411736909
CI,0.2653954059798662,72.805,0.020902298366516678,-0.16642243,46.451059621369666,0.291,0.16268998,0.04782,0.054780003,0.04818,25.012715040853667,0.046,11.681355,healthcare,-0.438308592882045,-0.240552325713861,-0.534655234215873,-0.6160024655748214,-1.2429102340478162,-0.09817158288476968,0.15591742538415654,0.07837459340208,0.09266063634264426,-0.530437438595118,0.8552247686666756,-0.3245085565729227,-0.234981098512052,-0.404505384270593,-0.6523614275024691,-0.050871195866559304,0.8552247686666756,-0.3245085565729227
WST,0.247046811907025,10.734,0.026068372852718825,0.59464073,73.6212747850897,0.561,0.19131,0.11214,0.21695,0.27007,23.956536960452045,0.21,48.058903,healthcare,-0.5574696204800729,-0.5624590911800794,0.010331733886249899,0.6782814832370796,1.3729978795344908,0.021211754062138363,0.21099909683774043,0.4370260886491098,0.10402643719157686,0.3468011169179663,0.0692902822467793,0.11206689254657626,-0.11847389193618245,-0.3698656592579675,0.6908303722779028,0.27471318489909835,0.0692902822467793,0.11206689254657626
ABBV,0.1731523828438287,,0.01612507720674833,0.33854413,70.24242750986153,-0.462,,0.10032,0.32156,0.47621,26.820431239869936,0.124,123.35294,healthcare,-1.0373612168598367,7.369899431104758e-17,-1.0386207273130208,0.2427568958620951,1.0476874633833855,-0.43111844481447975,0.0,0.3711171851382284,0.11135810426194649,1.1617723000874072,2.2004018073025517,-0.11686901369901466,0.12267204573642168,-0.6919939813909526,0.2864419714770003,0.4110618973718955,2.2004018073025517,-0.11686901369901466
PODD,0.6061164380255831,77.844,0.02462263015495572,-0.4741825,52.2410371577963,1.59,0.22997999,0.097449996,0.1603,0.20753,23.078969450389017,0.339,35.57243,healthcare,1.7744314209658565,-0.21441953920833878,-0.14218463644756862,-1.139387303550985,-0.6854597639749104,0.4761949159820211,0.28542279340725274,0.3551139011524548,0.100056081207097,0.09955023016422215,-0.5837346035356479,0.4554707519149628,-0.15846460514244412,0.47260908176998306,-0.44955071718129136,0.21003575148275666,-0.5837346035356479,0.4554707519149628
RGEN,0.4028212816267113,32.659,0.02928196589105518,0.08351791,68.10484009339609,0.479,0.02513,0.011770001,0.08901,0.17586,22.764001942614893,0.148,149.93407,healthcare,0.45417442219950843,-0.44875372421568643,0.34934471779785836,-0.190947375242254,0.8418837098050946,-0.015045407529144841,-0.10882849804711889,-0.1226419806806925,0.09505967029564828,-0.02565660679598059,-0.8181115812961407,-0.05297992358396605,0.20780403989749163,0.11825513859389346,0.21196364234456525,-0.04051685380703593,-0.8181115812961407,-0.05297992358396605
COO,0.3005218245291731,33.093,0.01932739112709802,-0.019502819,70.43919820173006,,0.02853,0.025190001,-0.02866,0.20950001,23.361297323993632,0.079,60.771187,healthcare,-0.21018756554026505,-0.44650295435194426,-0.7007976163563681,-0.36614712599566157,1.0666322544449383,0.0,-0.10228490782802802,-0.047811398183566584,0.08681268373441713,0.10733863309696506,-0.3736457781179796,-0.23666105766473086,-0.07775996866573219,-0.4524960454161924,0.23349504281642555,0.011013752704946898,-0.3736457781179796,-0.23666105766473086
ZBH,0.2553702220582929,59.827,0.019741311935824235,-0.029980838,53.548839210279425,0.341,0.060650002,0.040960003,0.19687,0.30693,23.535987348579148,0.093,22.303108,healthcare,-0.5034150099302107,-0.3078576051876988,-0.6571316864158349,-0.3839663196182331,-0.5595465174497841,-0.07606355752423113,-0.040467222262034086,0.04012291147670472,0.10261911595294747,0.492526535621884,-0.24365357575842234,-0.19939242176428582,-0.20096256678009297,-0.48946810051124806,-0.33985879819741616,0.14870033519737552,-0.24365357575842234,-0.19939242176428582
ABT,0.38610680908180134,64.773,0.015643580284556785,-0.31960958,58.65304087967737,-0.197,0.123339996,0.0559,0.13472,0.2602,25.786190705596944,0.078,25.417366,healthcare,0.34562584805242735,-0.28220712651012125,-1.0894154939151153,-0.876516546179171,-0.0681215331468507,-0.3139459104036256,0.08018502231833814,0.12342907228261482,0.09826328851366373,0.30778023024928297,1.4307917214452588,-0.2393231030861912,-0.19098846131986366,-0.34199892412426974,-0.4195279965765491,0.15241440334097492,1.4307917214452588,-0.2393231030861912
ISRG,0.32920636071083903,,0.019418681506160437,-0.24539489,43.59423048567229,0.188,0.17232999,0.102419995,0.30868,0.36719,25.670915062083374,0.23,48.320778,healthcare,-0.023901968180006627,7.369899431104758e-17,-0.6911670802433095,-0.7503051000318484,-1.517961516128495,-0.14371411512747903,0.17447044748649126,0.38282686092742746,0.11045540020051488,0.7307634789506436,1.3450115813697239,0.16530780097578351,-0.11763517887278259,-0.2383563494744387,-0.8039935770959409,0.34962904689126933,1.3450115813697239,0.16530780097578351
RMD,0.3728065252914931,12.988,0.01558124779104053,-0.22566926,46.217850841756395,0.105,0.25246,0.14715,0.35327,0.38272998,24.065017097820252,0.108,18.792671,healthcare,0.25924999399479226,-0.5507696089845153,-1.0959911630709511,-0.7167591768666771,-1.2653632302818534,-0.18041343722597297,0.3286874915134484,0.6322435769668727,0.11358052241318843,0.7922005405933595,0.15001367788553535,-0.15946174044238043,-0.2122055238021159,-0.4625035926868914,-0.7208452814581677,0.4666780328717173,0.15001367788553535,-0.15946174044238043
CORT,0.6440433831431771,1.511,0.04851491563514532,0.26807094,81.73516509574948,,0.07166,-0.0061799996,-0.30079,-0.00902,22.956953139647432,0.049,248.42857,healthcare,2.0207398703176214,-0.6102905438374384,2.3782947448807694,0.12290834263745681,2.1541912329354407,0.0,-0.019277541313501702,-0.22273207015325286,0.06774025700791216,-0.7565767210113983,-0.6745306807284948,-0.31652242030854166,0.5232546320618394,1.2629146904536508,0.7590331918576325,-0.23271151886756017,-0.6745306807284948,-0.31652242030854166
MCK,0.27169096590460345,,0.018644637062962096,0.027193785,49.21716068556112,0.372,,0.04992,0.022090001,0.01706,25.205860866747955,0.06,19.687336,healthcare,-0.39742342277263354,7.369899431104758e-17,-0.7728236911577757,-0.28673365783984434,-0.9765941164460309,-0.06235658180069727,0.0,0.09008429707152593,0.09036953404655673,-0.6534698593782412,0.9989504985366329,-0.2872399206724777,-0.2093401597052504,-0.3900823713101364,-0.44189478536219085,-0.11825400706503963,0.9989504985366329,-0.2872399206724777
CVS,0.16442109240943747,100.912,0.0196972556160592,0.48864615,60.824734609909115,0.631,0.037520003,0.026659999,0.04124,0.038,25.60602740380941,0.061,45.372807,healthcare,-1.0940647188441597,-0.09478645345533451,-0.6617793391352471,0.4980243235618447,0.1409659258554885,0.05216298956689227,-0.08498287968085223,-0.03961461676705316,0.09171167549637903,-0.5706839052908825,1.29672668573816,-0.28457787525101735,-0.12707671314762353,-0.6168768371449137,0.2303844129947418,-0.15089243156060222,1.29672668573816,-0.28457787525101735
RVTY,0.3008546225986941,46.642,0.025061549179182147,0.12299299,64.67991833474179,0.035,0.03227,0.0227,0.12355,0.29466,23.241940906704016,0.07,53.490387,healthcare,-0.20802627951533395,-0.37623640853663937,-0.09588155876365502,-0.12381501999585673,0.5121373105637822,-0.21136467273072687,-0.09508695858702805,-0.06169576668195898,0.0974804310318166,0.44401728745321684,-0.4624625470550535,-0.2606194664578741,-0.10107835366621631,-0.2267147489385428,0.05898587261239952,0.0961787483040116,-0.4624625470550535,-0.2606194664578741
A,0.29747440866262986,49.733,0.021084127700956273,0.102781296,65.37078151655253,0.6,0.21330999,0.08613,0.23706,0.27862,24.34801831274741,0.1,26.672691,healthcare,-0.22997835739789946,-0.36020615588957255,-0.515473432259101,-0.15818755633370524,0.5786525954735307,0.03845601384335837,0.2533399554801219,0.29199304462897224,0.10543586100177793,0.38060340476165855,0.36060355722236515,-0.1807581038140633,-0.18696800317642712,-0.36855264851552433,0.15297368432772793,0.25784306646813265,0.36060355722236515,-0.1807581038140633
IQV,0.35871297241956157,255.426,0.026813401315688278,0.18861079,61.46308990983788,0.15,0.22490999,0.051269997,0.13611001,0.18044001,24.196734834148245,0.084,23.972704,healthcare,0.16772242321419087,0.7065394790936377,0.08892734923557509,-0.012223670210446576,0.2024258295908736,-0.16051621440148828,0.2756651456393731,0.09761194698802164,0.0983607083640077,-0.007549610732005186,0.24802888325125072,-0.22335083055742905,-0.1956153134118823,0.3210630838478012,0.009895314992979585,0.11602204756484931,0.24802888325125072,-0.22335083055742905
MDLN,0.33606726320624264,65.311,0.026693335038603456,-0.033902466,56.6137546422228,,0.060500003,,0.05427,0.10446,24.975653602088435,0.107,34.59649,healthcare,0.0206546985791252,-0.2794170016559892,0.07626114465518564,-0.3906355429368487,-0.2644609946612126,0.0,-0.04075590814123216,0.0,0.09262489241566893,-0.3079353614204982,0.8276462159752027,-0.1621237858638408,-0.16159027054423683,-0.06083371947389279,-0.2183655125326871,-0.06401659428651536,0.8276462159752027,-0.1621237858638408
DHR,0.3296627678223928,37.17,0.018123288928800683,-0.041372478,66.57256772700319,0.098,0.0708,0.0419,0.22937,0.32024,25.62717780130878,0.037,36.91473,healthcare,-0.02093792961662191,-0.4253592015075278,-0.8278224991930049,-0.4033392410491477,0.694358793594002,-0.18350856077644837,-0.020932684721859985,0.04536438115297527,0.10489690182224307,0.5451474071072109,1.3124653448759471,-0.348466965366066,-0.15416559017346407,-0.42470654343905156,0.03583699725613531,0.1686190013401423,1.3124653448759471,-0.348466965366066
ALGN,0.3972682282836775,2.797,0.03376870294939942,-0.107319355,54.54183893194998,0.239,0.10824,0.073309995,0.16594,0.21741,23.214743702261394,0.062,28.34622,healthcare,0.4181113025928678,-0.6036212119370412,0.8226660438122783,-0.5154902278021692,-0.4639419735383501,-0.12116392925972973,0.051123791102481886,0.2205080638714412,0.1004513646625686,0.13861065167248873,-0.482700820602201,-0.281915829829557,-0.18160815349899123,0.21238537815603495,-0.36686537686674964,0.1276734678272451,-0.482700820602201,-0.281915829829557
MEDP,0.3660548890526092,24.418,0.043919739464153965,0.6654571,77.76915076653475,0.166,0.77252996,0.17473,0.20025998,0.22067,23.439609911264387,0.265,33.3495,healthcare,0.21540293361514587,-0.491492421098403,1.893533803858266,0.7987136573606106,1.7723492416276312,-0.15344164628611595,1.3296065219543254,0.7860310184922626,0.10285670513883038,0.15149900937663344,-0.3153709812831033,0.25847939072689613,-0.16558403399217575,0.5391481054583364,0.8058737509007085,0.592498313740513,-0.3153709812831033,0.25847939072689613
DVA,0.31357389823521603,1261.331,0.027088529167278125,0.4975121,65.86215323412569,0.435,0.80981004,0.07496,0.13864,0.20186001,23.382117296342756,0.06,21.412895,healthcare,-0.12542365889308704,5.923269109940511,0.11795153269999728,0.5131019904087972,0.6259611373838228,-0.03450046984641873,1.4013552180881272,0.22970857320625268,0.09853802453236031,0.0771340156553501,-0.35815299846356524,-0.2872399206724777,-0.2038136723545403,1.9719323279158072,0.36818755264873376,0.4516839578705226,-0.35815299846356524,-0.2872399206724777
RPRX,0.07381606236629033,90.32,0.013960262042128687,0.5911372,57.111310308107576,0.232,0.13769001,0.055370003,1.00302,0.0,24.19792773624697,0.11,29.510527,healthcare,-1.682479746318784,-0.14971768478426734,-1.2669945256813224,0.6723232883309159,-0.2165570713575509,-0.12425905281020513,0.10780284915781378,0.12047378284656944,0.1591187183693366,-0.7209162957072925,0.24891655827093578,-0.1541376495994597,-0.1778792007898441,-1.0330639855947912,0.11050238805438665,-0.08338023633339317,0.24891655827093578,-0.1541376495994597
ALNY,0.43387892258697763,276.203,0.02337694223555795,-0.08861703,54.931548111274594,,0.90356004,0.10062,0.23016001,0.18823,24.416916177063477,0.964,75.826195,healthcare,0.6558716419921564,0.8142911967410353,-0.27359654005198536,-0.4836845639293265,-0.426421350385759,0.0,1.5817850954527652,0.3727899999481492,0.1049522702411539,0.02324798976851926,0.41187257010141043,2.1192491403276876,-0.02954294955665512,0.3988554328937355,-0.3033686381050285,0.5206938388526469,0.41187257010141043,2.1192491403276876
JNJ,0.10959121305424308,67.73,0.01132222775952785,0.65796566,66.23838522527075,-0.529,0.26416,0.08424,0.27408,0.35621,27.138953291253706,0.099,29.428738,healthcare,-1.4501456665780015,-0.26687181202374904,-1.5452898366111139,0.7859735182301245,0.6621841967999942,-0.46074319879760134,0.3512051402085552,0.2814543113264709,0.10803043432120327,0.6873542250882179,2.437423829926352,-0.18342014923552366,-0.1781411482943497,-1.0874357717376215,0.3291381720775058,0.3570110277361118,2.437423829926352,-0.18342014923552366
MDT,0.2890474188893668,58.214,0.013662416598239831,-0.08811265,54.229232142164285,0.183,0.098409995,0.04917,0.22045,0.27783,25.329814502794424,0.099,20.97319,healthcare,-0.2847056436931707,-0.31622279364441785,-1.2984152661026147,-0.4828268020871928,-0.49403929271060504,-0.14592491766353288,0.03220510740494824,0.0859022600467238,0.10427173720827024,0.3774801524345807,1.091188198876916,-0.18342014923552366,-0.20522192563393785,-0.633114567813401,-0.3742636708204436,0.14996481427363073,1.091188198876916,-0.18342014923552366
SRPT,0.45698676932028326,69.566,0.059412539601587884,-0.038961053,51.53733536727975,,0.04914,0.0002,0.49046,0.021140002,21.363647448274936,-0.019,51.342857,healthcare,0.8059406201049875,-0.2573501220010979,3.5279225833587007,-0.3992383085177876,-0.7532111311342198,0.0,-0.06261920358818597,-0.18715687742602258,0.12319558221037809,-0.6373396369213008,-1.8601582879427687,-0.4975415089678461,-0.10795629720814709,1.3588376938208633,-0.38414981321733577,-0.19098003393128282,-1.8601582879427687,-0.4975415089678461
AMGN,0.1656790953158842,623.754,0.017021550586451776,0.24105048,64.63665016342748,0.044,1.01318,0.08347999,0.33800998,0.45453998,25.998514993727138,0.058,25.182198,healthcare,-1.0858948874958614,2.6167274108273184,-0.944048666748711,0.07695664045873885,0.5079715150513453,-0.20738522816582997,1.7927580654742747,0.2772164580475111,0.11251101293869095,1.076100223640791,1.588788732974431,-0.2925640115153984,-0.19174163926236912,0.19559461886091534,0.12584764244808475,0.8146464400253169,1.588788732974431,-0.2925640115153984
LH,0.1522358346143521,83.407,0.014782592692153831,0.057973266,66.33250125240029,0.329,0.11047,0.05314,0.10945,0.15929,23.85701945299708,0.058,24.822695,healthcare,-1.173199274584234,-0.18556923332816008,-1.1802440367110953,-0.23438926606681348,0.671245548633345,-0.08136948361076039,0.05541561645206207,0.10803917603134303,0.09649222239313758,-0.09116583598545198,-0.004763745727049597,-0.2925640115153984,-0.1928930277585274,-0.8463375148744964,0.11849559965192369,0.04219529472277268,-0.004763745727049597,-0.2925640115153984
MRK,0.11365485575233655,106.936,0.01736704135199638,0.5814693,65.96629067715917,,0.18944,0.12578,0.38604,0.4488,26.483341890021673,0.049,36.19718,healthcare,-1.423755206482055,-0.06354535285813936,-0.9076016574529052,0.6558818043038627,0.6359873363122267,0.0,0.2074001222172404,0.5130834020068443,0.11587723142662895,1.0534073047896755,1.9495632887168706,-0.31652242030854166,-0.15646370400121615,-0.7983007389310331,0.4306230468720298,0.4724420151100973,1.9495632887168706,-0.31652242030854166
SHC,0.3214470358866406,364.722,0.02443096937103504,0.530131,66.02067329918177,,0.22728,0.08507,0.31260002,0.47105998,22.344971083412425,0.1,43.292683,healthcare,-0.07429324698032294,1.2733600851479272,-0.16240359182887149,0.5685745463237366,0.6412232146933725,0.0,0.28022643218500476,0.2860824323005853,0.11073013762092584,1.141411778632346,-1.1299252888824112,-0.1807581038140633,-0.13373877394873704,0.3455544154462442,0.40326592033903635,0.4546126951847155,-1.1299252888824112,-0.1807581038140633
DXCM,0.38746787780288433,46.833,0.025173573758718877,-0.16271836,56.50590882998788,0.922,0.35624,0.09651,0.2142,0.26823,23.980921682184785,0.15,28.90558,healthcare,0.35446501833391747,-0.37524586235236573,-0.08406370051989594,-0.6097032270907569,-0.2748442298892466,0.18083169716522646,0.5284209600244045,0.3498724370522336,0.10383370146417494,0.33952670643464555,0.08743570119376787,-0.047655832741045324,-0.1798166784091837,-0.0349481815127814,-0.234571919938259,0.3304134512438647,0.08743570119376787,-0.047655832741045324
HSIC,0.17228555336818782,77.748,0.017559685135416794,0.13171327,72.70814237126524,0.045,0.08762,0.04355,0.05849,0.0783,22.97606460897155,0.063,25.232628,healthcare,-1.0429906558598805,-0.21491740535331397,-0.8872790020729987,-0.10898508336727857,1.2850828418469,-0.2069430676586192,0.011438841009054289,0.05456486260753993,0.09292065415008208,-0.4113585017703215,-0.6603092505485861,-0.2792537844080966,-0.1915801259457591,-0.715062354428731,0.32305156360700077,-0.0631085360009113,-0.6603092505485861,-0.2792537844080966
LLY,0.2318226420616124,139.015,0.024319718600426508,0.5851656,67.05061843578426,1.699,1.07459,0.20739001,0.49386,0.50125,27.698288474879163,0.555,42.54807,healthcare,-0.656339741858553,0.10281973114873681,-0.17413981830700365,0.6621678289223627,0.7403848084882084,0.5243904112679951,1.9109468523432074,0.9681448465594727,0.12343387365516592,1.2607675384039045,2.8536422862988693,1.0304725629504006,-0.13612356306674128,-0.24255327633893997,0.642314349559522,1.0658232777404377,2.8536422862988693,1.0304725629504006
MTD,0.3190462171837051,,0.020452881872580996,0.044412494,71.27456168424789,0.067,,0.20573999,0.23291999,0.29771,23.974237464041657,0.072,30.030794,healthcare,-0.08988485157861761,7.369899431104758e-17,-0.5820657260892008,-0.25745107020551056,1.1470598144970443,-0.19721553649998225,0.0,0.9589442535839205,0.10514570542403201,0.45607541352611286,0.08246176957094863,-0.2552953756149534,-0.17621292974695774,-0.2239835258892728,0.23079773593051714,0.3800413431335164,0.08246176957094863,-0.2552953756149534
DOCS,0.7602502719596707,1.071,0.03431927196903342,-0.64731073,56.4363670866164,-0.69,0.19282,0.1161,0.21582001,0.35479,22.05636145999973,0.051,21.163265,healthcare,2.775420704738573,-0.6125724303352416,0.8807474635716511,-1.43381370723503,-0.28153960604368444,-0.5319310404585355,0.21390522072916016,0.45910724414006493,0.10394724102990163,0.681740277867394,-1.3446885568972529,-0.311198329465621,-0.2046131680758444,1.0145319126583277,-0.7490947845790833,0.36467499594163016,-1.3446885568972529,-0.311198329465621
SOLV,0.27455302854371383,106.46,0.01787400559810102,0.004493475,53.50983667498481,-0.91,0.34794998,0.02747,0.0558,0.13604,23.315563196153537,-0.03,9.443085,healthcare,-0.37883636788589875,-0.06601393916030825,-0.8541202552472897,-0.32533839974596196,-0.5633016238378887,-0.6292063520449049,0.5124661089102669,-0.0350980112042175,0.09273212356582347,-0.1830843380165449,-0.40767794460850093,-0.5268240086039101,-0.24214965713130174,-0.43299018743116563,-0.5059487918762519,0.096753970813832,-0.40767794460850093,-0.5268240086039101
MASI,0.256449140604392,61.592,0.02841181094577854,0.10554767,67.07882852763575,,0.24987,0.10198,0.23612,0.23593001,22.96650612241223,0.085,44.432095,healthcare,-0.49640820373365124,-0.29870412866810225,0.2575490794128589,-0.15348298823371917,0.7431008343906369,0.0,0.32370281543478796,0.38037342708645705,0.105369980425866,0.21182921411553657,-0.667422013409651,-0.22068878513596868,-0.13008955302656205,-0.17918775099629822,0.1965392820523059,0.2553188592656619,-0.667422013409651,-0.22068878513596868
EXEL,0.25157096915459864,8.758,0.024734342527770032,0.24438334,59.47740696653306,0.436,0.40987,0.22031,0.41149,0.41501,23.33892517433146,0.1,18.016556,healthcare,-0.5280884469418834,-0.5727068359974861,-0.1303997139649037,0.08262458949155924,0.011247213923190637,-0.03405830933920796,0.6316364728037703,1.0401873486129036,0.11766091297658506,0.9198190818378206,-0.3902935804925201,-0.1807581038140633,-0.2146912050973926,-0.4103983323014244,0.01993783135851397,0.67732595405777,-0.3902935804925201,-0.1807581038140633
DOC,0.17085555907231192,118.243,0.018956425074119057,0.2231543,62.60036348524679,3.639,0.027999999,0.01498,0.12307999,0.53742003,23.414751743129607,0.071,66.875,real-estate,-0.330473567103075,0.022026969868665494,0.21610173468807906,0.6800203530733068,0.5516987909753496,1.8844354216251284,-0.44060038612694785,-0.8215909533739829,-0.8582496941593497,0.0178902801982679,0.007492701192304651,-0.14023962272480617,0.33332595694520595,-0.030781620848776826,1.0387181885579284,-0.5256376883655031,0.007492701192304651,-0.14023962272480617
DLR,0.16826115000705189,76.592,0.014988414626222659,0.11287594,45.58196135177176,0.676,0.05688,0.01255,0.17191,0.4575,24.903171885040486,0.167,47.633953,real-estate,-0.34664783648842407,-0.4383607600879036,-0.21169232274036207,0.24347025518200896,-1.1818812670124037,-0.11907609406408438,-0.25879836052212946,-0.9606424851725563,-0.617717751321835,-0.3093624054546302,1.629491420919063,0.18556296683727289,0.005079992534805923,-0.3322336397722299,-0.35249570196482644,-0.5366302506177878,1.629491420919063,0.18556296683727289
REG,0.08171642436629416,73.218,0.01019990717685923,0.1432991,60.206887600220156,0.172,0.08003,0.03208,0.40727,0.63662,23.42504273154393,0.1,27.40206,real-estate,-0.8861917831768912,-0.47565513959556155,-0.7279447514292751,0.3639039783182854,0.30788729615850297,-0.4598691429697082,-0.11306717122087052,0.15691982594931167,0.5416430201839965,0.424089534617803,0.018707256520294244,-0.04182009046126142,-0.3400694803412294,-0.6965972247339093,0.07064071050236008,0.25239630238256017,0.018707256520294244,-0.04182009046126142
AMT,0.2688243859893596,444.55,0.0160232246793493,-0.24858558,46.97656706066584,0.769,0.29952,0.04911,0.45907003,0.64602995,25.056707731469903,0.068,26.38226,real-estate,0.2802914117666465,3.6288488708779623,-0.10012870739517754,-1.1874184698583097,-1.0398197134815266,-0.056191662420784765,1.2686407657006549,1.1314250055911663,0.7968049964961361,0.46262094419509536,1.7968063740887774,-0.1504209536486211,-0.35746693457049905,1.2696705250831437,-0.761143281920207,0.9148729279957631,1.7968063740887774,-0.1504209536486211
O,0.11101236736244524,73.467,0.010364851850380004,0.09065747,54.21817635162274,0.179,0.02831,0.02313,0.45526,0.88232005,24.77986072911126,0.12,50.786884,real-estate,-0.7035527073802288,-0.4729028276520504,-0.710161947663204,0.15551578021978738,-0.3021529598062041,-0.4551359061793524,-0.43864890386281913,-0.3552247047491377,0.7780371543808218,1.4301702534007081,1.4951136794377822,0.026055449030838337,0.058867963470818276,-0.6288724942318277,-0.2005910285885897,0.35358344979239326,1.4951136794377822,0.026055449030838337
WY,0.1977567598581272,57.729,0.016535327688032016,-0.061737776,57.207635239619876,0.966,0.04161,0.00721,0.08975001,0.101619996,23.571759516936595,-0.02,42.75,real-estate,-0.16276398185479488,-0.646862206635904,-0.04491851407982708,-0.44775905592638315,0.0023683619818281,0.07701514439351657,-0.3549242897070203,-1.266212518013866,-1.022429976820269,-1.766602687761382,0.17859117059029003,-0.4490733274138602,-0.07823864717435677,-0.2848482341901753,-0.12279184985034615,-1.1025423680756343,0.17859117059029003,-0.4490733274138602
EXR,0.16700637805183377,98.092,0.015688191162692076,-0.014883697,60.87230789757315,-0.106,0.0683,0.03375,0.43982,0.65685,24.191087882236957,0.038,32.651688,real-estate,-0.35447043466410716,-0.20071133524657359,-0.1362489115497045,-0.26228157173042127,0.37567035526264725,-0.6478462612152706,-0.18690850385602245,0.2524819897779612,0.7019811962228933,0.5069263632671185,0.8535012899319843,-0.2522342628867708,-0.25051254481397667,-0.2304768938201284,-0.17815249256101487,0.31862026135298765,0.8535012899319843,-0.2522342628867708
LAMR,0.10042102628970134,504.797,0.014000747764171376,0.2700398,67.8375589186086,-0.261,0.55202,0.06593,0.25277,0.45459998,23.48505184339618,0.044,28.831793,real-estate,-0.7695820802946736,4.294786773129851,-0.3181733967830296,0.8656222210615725,1.0851858652525557,-0.7526536472874367,2.8581494179066103,2.0939133861887,-0.21940915179786533,-0.321237267531723,0.08410189870199207,-0.23187160103914087,-0.3156787032990874,1.0690104320173826,0.3993848130088972,1.1028540961914304,0.08410189870199207,-0.23187160103914087
HIW,0.3402547128017953,141.677,0.017255084389525988,-0.03454894,73.14897446416015,-0.685,0.03771,0.02111,0.25311002,0.57767,21.943350097511967,0.076,36.33735,real-estate,0.725607982548847,0.28105378948409465,0.032678973058003435,-0.34012879177165295,1.6262333735461068,-1.039352561446136,-0.37947511641435977,-0.470814866984989,-0.21773424591102214,0.18270391677909206,-1.595960193721931,-0.12327073785178119,-0.1876363573756962,0.34644691503031505,0.08225067344277259,-0.22133007813281969,-1.595960193721931,-0.12327073785178119
EGP,0.0683102638523511,46.083,0.011597625220056647,0.23250973,52.867700275945815,0.553,0.08455,0.03482,0.40153998,0.65327,23.110839492285997,0.091,36.756805,real-estate,-0.9697695252065625,-0.7755908206685611,-0.5772557649228626,0.7170549433801918,-0.43971924688894015,-0.20224582623748066,-0.08461339257544116,0.31371044205140686,0.5134174915982391,0.49226715186995834,-0.3236942183455845,-0.07236408323270635,-0.1804805923592829,-0.7742053702659953,0.025029956751257004,0.3086954232360408,-0.3236942183455845,-0.07236408323270635
MAA,0.1949344302432961,99.825,0.012055813852102913,-0.055406332,65.89763330957665,-0.315,0.06711,0.03188,0.26567,0.56001997,23.53141739043916,0.008,41.975834,real-estate,-0.18035917148613828,-0.1815556862582003,-0.52785811929051,-0.4226952764324438,0.8875752832824358,-0.7891671882416107,-0.19439965354364655,0.14547525543091064,-0.1558649898653991,0.11043142489746721,0.13462853148901582,-0.3540475721249205,-0.09144566575727184,-0.2965909923449495,-0.10809572713053955,-0.02358949077016695,0.13462853148901582,-0.3540475721249205
FRT,0.06963910088120472,138.432,0.010859522845614408,0.3312812,65.75721202760056,1.525,0.14783,0.033210002,0.34120998,0.63687,23.096235561226944,0.103,21.430555,real-estate,-0.9614851847138842,0.24518530652548456,-0.6568311122427283,1.1080536388392772,0.8732712650648856,0.4549979109376509,0.3137395084605701,0.2215817638239834,0.21623770172338014,0.42511322256453243,-0.3396087822605495,-0.03163875953744649,-0.4419414012250839,-0.4577103301437093,0.8121076049472712,0.2941680491431165,-0.3396087822605495,-0.03163875953744649
UDR,0.1790459642962955,142.368,0.012668361245999585,-0.017865896,62.07728904764684,1.516,0.123500004,0.02214,0.21954,0.59189,23.41728362126136,0.042,27.156462,real-estate,-0.2794122976056212,0.28869173146387883,-0.4618189446353134,-0.27408696369835883,0.49841579726333857,0.448912320778622,0.16058014548973334,-0.41187532881522326,-0.3830969425742876,0.24093128718904075,0.010251803258028325,-0.23865915498835086,-0.3442593018393664,-0.15084650359235194,0.2244137181145339,-0.0983652096776842,0.010251803258028325,-0.23865915498835086
ZG,0.6641309512199776,9.732,0.02831174473929285,-0.54795504,34.63482169274208,5.333,0.01332,0.00148,0.05085,0.04196,22.694218775600497,0.184,125.48,real-estate,2.7447427434598652,-1.1773952040363374,1.2247054696471145,-2.3725083376135516,-2.297011985869474,3.0298787248912533,-0.5330122095917984,-1.594099463366058,-1.214047692681862,-2.0108955629897967,-0.7777046486317313,0.2432571754055577,1.333108076092438,0.9306843363568807,-0.5465471995305907,-1.3380137321573788,-0.7777046486317313,0.2432571754055577
CBRE,0.27370200485780943,113.689,0.01928074000443934,-0.039048135,54.45656200245092,0.981,0.15597,0.02717,0.026500002,0.05213,24.398032839611666,0.186,30.75114,real-estate,0.31069984758108954,-0.028310494351214386,0.25106636034824764,-0.35793939412085396,-0.27786979813538576,0.08715779465856492,0.3649814903574275,-0.12404438027743542,-1.333993445857616,-1.9692519373168587,1.0790185659107618,0.2500447293547677,-0.282935271662898,0.1778185711927076,-0.18288379919922493,-0.7655770682736206,1.0790185659107618,0.2500447293547677
OHI,0.1085936584456141,81.511,0.0126493458640206,0.31197166,50.95680198088773,0.393,0.12630999,0.04981,0.65470004,0.91418,23.42237293114573,0.143,23.033817,real-estate,-0.7186316130583708,-0.38398878237653145,-0.46386900662914066,1.0316145117318745,-0.6343729606262276,-0.3104340957313295,0.17826924275538733,1.1714810024055702,1.7604596503170638,1.5606288405942694,0.01579785432539764,0.10411231944675307,-0.4145902762373144,-0.5221631340213476,0.028935818458105778,1.1677096840180727,0.01579785432539764,0.10411231944675307
HST,0.09481711204321795,80.482,0.015145940952804107,0.5702584,68.91625140563383,1.053,0.1487,0.042140003,0.19163,0.2702,23.523542564033352,0.028,16.129251,real-estate,-0.8045184439732874,-0.39536279438405364,-0.19470929628794922,2.0540735112221116,1.1950669086984553,0.13584251593079685,0.3192162313414382,0.7325818946934455,-0.5205789239336001,-1.0763094151440384,0.1260469771357596,-0.2861720326328207,-0.5323799123992788,-0.4648635115484301,1.128327645283788,-0.1362725532606887,0.1260469771357596,-0.2861720326328207
EPR,0.19507574573199943,134.85,0.014279370643792621,0.009751916,53.549500470439675,-0.051,0.1169,0.04264,0.51313,0.77099,22.213516874402654,0.036,17.90432,real-estate,-0.17947817133345773,0.205591807000757,-0.28813486393875304,-0.16475854666220183,-0.3702676490575648,-0.61065654357676,0.11903256742005452,0.7611931493208902,1.0630992203522802,0.9743013322257356,-1.3015472427746193,-0.2590218168359808,-0.5020978162222879,-0.08734040942381793,-0.3818942464321755,0.7294065673297401,-1.3015472427746193,-0.2590218168359808
NSA,0.14182780714419777,127.046,0.024921282515864705,0.3876989,64.15745180345928,2.366,0.07858,0.03359,0.35805,0.61885,22.59953742038489,0.18,59.293335,real-estate,-0.5114406650149629,0.1193305925141646,0.8591773012706663,1.3313898623540437,0.7103116405136324,1.023662502464694,-0.12219504268898397,0.2433263333632403,0.29919002403547046,0.351325795364302,-0.8808832019295557,0.2296820675071377,0.20398523345123104,0.15568907625662268,1.0217880017774565,0.1929117775185072,-0.8808832019295557,0.2296820675071377
AVB,0.198929622982619,81.307,0.0129642019766611,-0.05234158,58.14246040062502,0.403,0.09719,0.02646,0.2932,0.60330003,24.010541722402564,0.025,23.352724,real-estate,-0.15545202616450332,-0.3862436885471189,-0.4299241428992498,-0.41056308852529183,0.09759435582739687,-0.30367232888796397,-0.005043533708576717,-0.1646726056177593,-0.020254852035880327,0.28765252792030827,0.6567519771156426,-0.2963533635566356,-0.4091498271925079,-0.32387328587029063,-0.20554702052861962,0.024420384139522987,0.6567519771156426,-0.2963533635566356
KIM,0.12697711744229898,78.788,0.011776620226972907,0.2195468,64.839965734247,0.294,0.058579996,0.0232,0.34428,0.60686,23.56209750696308,0.04,29.137932,real-estate,-0.604024004709956,-0.4140873583692264,-0.5579581846181703,0.6657396321944067,0.7798359431145857,-0.37737558748064853,-0.2480967432915729,-0.3512191050676975,0.2313603256005822,0.30222972143917626,0.16806204150520046,-0.24544670893756085,-0.31045607215543736,-0.5253565158991176,0.3560666626094479,-0.016431450329878,0.16806204150520046,-0.24544670893756085
VTR,0.1251798546485653,93.736,0.012469613932142208,0.42039132,52.725328848042125,0.1,0.0214,0.022119999,0.13771,0.37435,24.488455026809827,0.219,161.45454,real-estate,-0.6152286420092016,-0.24886021406558903,-0.4832460353434856,1.4608067230264679,-0.4542219167815267,-0.5085538642419403,-0.4821479327212078,-0.4130198430899159,-0.7861836690032569,-0.649841016536714,1.1775557112641015,0.3620393695167323,1.946821954371542,-0.4491116304727587,0.1660103140010003,-0.5827981153377737,1.1775557112641015,0.3620393695167323
Z,0.6743799828744081,9.732,0.0283981281704715,-0.56111884,35.0097667800583,5.333,0.01332,0.00148,0.05085,0.04196,22.698989033867406,0.184,126.08,real-estate,2.8086380640311086,-1.1773952040363374,1.2340185294295292,-2.4246188167558014,-2.258818192990803,3.0298787248912533,-0.5330122095917984,-1.594099463366058,-1.214047692681862,-2.0108955629897967,-0.7725062825361484,0.2432571754055577,1.3433438797182093,0.9550871298081001,-0.5511860949517838,-1.3380137321573788,-0.7725062825361484,0.2432571754055577
REXR,0.257896670774657,37.706,0.015425787929590854,-0.054465055,46.809320506321704,0.28,0.02698,0.01922,0.41499,0.67689,22.77105025805378,-0.029,35.638298,real-estate,0.21216498867643832,-0.8681856686637156,-0.16453879264873825,-0.4189691186759009,-1.0568562888958462,-0.38684206106136027,-0.447021365278399,-0.5789660583838794,0.5796709992629606,0.5889851890769193,-0.6939779086711029,-0.4796173201853051,-0.19956195570270094,-0.2735198242120052,-0.6208891562110358,0.0356671911694004,-0.6939779086711029,-0.4796173201853051
HHH,0.31385639874400717,150.591,0.018726001096056617,0.057159662,65.84360815572498,-0.336,0.03612,0.020569999,0.2148,0.34737,22.173136176107864,0.184,33.40654,real-estate,0.5610335333584624,0.3795843463694723,0.19125956005207437,0.022910694674954275,0.882072009319791,-0.8033668986126783,-0.38948429961042896,-0.5017152646075247,-0.4064457276564497,-0.7603174197477136,-1.3455519153072915,0.2432571754055577,-0.23763501674977522,0.3772924799266697,0.03387193512735568,-0.5144906779055293,-1.3455519153072915,0.2432571754055577
EQIX,0.1365504086034438,162.961,0.014243765373062458,0.36434162,48.27408079079814,0.2,0.10059,0.03495,0.24343,0.44951,25.35609915146322,0.121,71.93858,real-estate,-0.5443414387576136,0.5163156666153911,-0.2919734937587853,1.2389272715930415,-0.9076484373604733,-0.44093619580828464,0.016359751113206446,0.32114941288836785,-0.26541709539858105,-0.3420794722320908,2.1230667398635186,0.029449226005443332,0.4197089744841795,-0.10666642196700261,-0.03655245385857214,-0.06749685090727439,2.1230667398635186,0.029449226005443332
NNN,0.08831627238622286,110.44,0.01067035572868168,0.086547256,60.21817861005116,-0.027,0.0885,0.03896,0.60551,0.90363,22.903937224401663,0.041,22.697561,real-estate,-0.8450464907069893,-0.06422319115630648,-0.6772253550370216,0.139245005753662,0.3090374552230295,-0.5944283031526827,-0.059747811679546056,0.55061305178231,1.51815423425315,1.5174292092423034,-0.5491649736567201,-0.24205293196295585,-0.42032669354396013,-0.5288316789667725,-0.0487152807253304,0.8816121708995543,-0.5491649736567201,-0.24205293196295585
BRX,0.12362340244264541,182.638,0.011591339915215186,0.2370342,61.34786925234231,0.808,0.14832,0.03658,0.37796003,0.65825,22.992765438025,0.051,22.048952,real-estate,-0.6249319989705471,0.7338146309225003,-0.577933388153852,0.7349655998444904,0.4241134273273169,-0.029820771731659087,0.31682409950841545,0.4144226626133369,0.39726492096572313,0.512659015768801,-0.45236485337099586,-0.20811516221690593,-0.43139175080047354,-0.15635025206729958,0.3764194184800494,0.41029267471406916,-0.45236485337099586,-0.20811516221690593
FR,0.1023622537849113,90.648,0.012729623347127957,0.31010962,52.14520788177441,1.997,0.12838,0.03424,0.34995,0.68388003,22.851554531647974,0.1,23.671816,real-estate,-0.7574799269117701,-0.2829933035497764,-0.4552142334954545,1.0242434033450838,-0.5133159568949707,0.7741533059445052,0.1913001291124282,0.2805211875480438,0.25929020142671266,0.6176076269100172,-0.606248762158294,-0.04182009046126142,-0.4037062221082501,-0.498562487985667,0.4283602507982061,0.33717978624930045,-0.606248762158294,-0.04182009046126142
VICI,0.18128300959853183,61.853,0.010994959971905027,-0.17586416,45.26667128433366,0.601,0.11331,0.05381,1.0749099,0.98765,24.07627084052942,0.035,9.092465,real-estate,-0.2654659335452669,-0.6012777309128506,-0.6422295383449005,-0.8995420177620492,-1.2139982994520817,-0.16978934538932605,0.0964332166817599,1.4003724127735921,3.83037309136039,1.8614702543790043,0.7283799687347686,-0.26241559381058577,-0.6524251784869093,-0.502991067601006,-0.7611098875344857,1.7971622437986867,0.7283799687347686,-0.26241559381058577
PLD,0.09585304447754693,60.934,0.013864202785381589,0.30315256,46.14997857647964,0.652,0.06844,0.024820002,0.38491002,0.69971,25.566990988698095,0.083,34.03769,real-estate,-0.7980601523791753,-0.611435862142115,-0.33289440905479184,0.9967030479749494,-1.1240201749060992,-0.13530433448816173,-0.18602719212806668,-0.2585179694229432,0.43149990468580235,0.6824274248543478,2.3528851092633283,-0.09951429902954624,-0.22686780431909911,-0.580796807858694,-0.08754048713977051,0.16734554199728507,2.3528851092633283,-0.09951429902954624
SBAC,0.2979767475003641,,0.020855909348321874,-0.24813604,39.10668488450916,-0.147,,0.08568,0.52423,0.64034,23.652638276953194,0.059,18.555204,real-estate,0.4620353605570842,1.5707913718937018e-16,0.4208864990814103,-1.1856389119195987,-1.8414855039767875,-0.6755695052730694,0.0,3.2240647248808094,1.1177767550383557,0.4393220112651316,0.26672841188802743,-0.18096494642006603,-0.49099394821036013,0.2943072865461649,-1.2342313070564852,1.1952908727960743,0.26672841188802743,-0.18096494642006603
INVH,0.2401499188191891,97.038,0.013354348649146511,-0.06680906,63.68820285616948,-0.037,0.061929997,0.02469,0.24277,0.53698003,23.610633506640198,0.092,31.8,real-estate,0.10152678952493435,-0.21236168379460904,-0.38786214981573347,-0.4678343411104807,0.6625115820314537,-0.6011900699960483,-0.22700820636326163,-0.26595705470560915,-0.2686681920555909,0.01608858941202478,0.2209539146532436,-0.06897030625810135,-0.2650420633446868,-0.1662323480284694,-0.13550427635835846,-0.18638621592810925,0.2209539146532436,-0.06897030625810135
ELS,0.10340745331233851,180.774,0.011053427423613689,0.046255827,60.18783726665805,-0.026,0.2185,0.05795,0.3691,0.48231998,23.28163506971696,0.012,32.225,real-estate,-0.7509638616757921,0.713210978461838,-0.635926120366954,-0.02025344230206061,0.3059467333428952,-0.5937521264683462,0.7586130785651043,1.6372750225044954,0.35362126352025736,-0.2077307479984055,-0.13757055599554902,-0.3404724642265005,-0.2577917024430986,-0.22455966786030268,-0.10268627847583721,0.6354446541478628,-0.13757055599554902,-0.3404724642265005
JLL,0.21887023698899585,53.531,0.021063936716238713,0.2187792,59.36853439481475,1.921,0.124280006,0.045029998,0.03287,0.05965,23.389082558963654,0.111,16.663979,real-estate,-0.031136679380099258,-0.6932646385188762,0.4433140790855109,0.6627009956464806,0.2224884210442412,0.7227638779349269,0.1654903234213688,0.8979556525700785,-1.3026154470652527,-1.9384594038792489,-0.020480169290455978,-0.0044885437406065485,-0.5232576277306096,-0.09369574627115484,0.5359844315418828,-0.5444072187382636,-0.020480169290455978,-0.0044885437406065485
BXP,0.33558751303216305,211.994,0.017764602534272124,-0.015414,66.47145250291949,0.655,0.05525,0.01675,0.25675,0.50564,23.193382824864887,0.006,33.321606,real-estate,0.6965113580573253,1.0583000502546902,0.0876104903351102,-0.26438083967892945,0.9460273931026102,-0.13327580443515205,-0.2690593470690431,-0.7203065042861331,-0.1998040537752906,-0.11224105443248349,-0.23374301707182737,-0.36083512607413043,-0.23908396299169396,0.6141406328823752,0.18279024966284288,-0.32535273989073754,-0.23374301707182737,-0.36083512607413043
GLPI,0.12387633698526078,166.337,0.011548435991224154,-0.032047212,46.55778639416244,0.364,0.19092,0.06159,0.79372,0.9626,23.257904165634955,0.063,14.0473175,real-estate,-0.6233551345184831,0.5536321530462899,-0.5825588910260672,-0.33022540181103505,-1.0824788189855095,-0.33004321957708965,0.5849946681578162,1.8455662059393951,2.4452586309438047,1.7588967221167529,-0.16343119504169434,-0.16738983852164604,-0.5678970165124708,-0.21742729083275347,-0.5809158134578781,1.6586790567894423,-0.16343119504169434,-0.16738983852164604
VNO,0.41222984562451565,126.133,0.020668964838027517,0.034293175,72.8033399342344,,0.12604,0.011419999,0.13672,0.40564,22.80872997433358,-0.022,10.767123,real-estate,1.1743210258808445,0.10923878205462335,0.4007318771057567,-0.06760903320529428,1.5910253014996334,7.5070692366514e-17,0.17656963308802462,-1.0253043658243752,-0.7910603139887716,-0.5217162331241055,-0.652916618350857,-0.4558608813630702,-0.6238560611063638,0.5614305616804082,0.5078054227647797,-0.5403778199623069,-0.652916618350857,-0.4558608813630702
CCI,0.3031951737087053,,0.01804904037330791,-0.24190128,39.90352520986827,,,0.04048,0.47722998,0.64799005,24.22136329022846,-0.048,31.95359,real-estate,0.49456848433909495,1.5707913718937018e-16,0.11827593813195388,-1.160957867621073,-1.7603153396682443,7.5070692366514e-17,0.0,0.6375917877221585,0.8862591673089646,0.4706470671726299,0.8864937707636257,-0.5440990827027999,-0.26242186821321645,0.20428147415701634,-0.9737577357631059,0.49862450555093824,0.8864937707636257,-0.5440990827027999
ADC,0.11136486101659376,59.607,0.010163091958819138,0.05644059,54.73473957690958,0.19,0.03704,0.02386,0.48668,0.86425,22.934055702088347,0.187,40.94054,real-estate,-0.7013551636716568,-0.6261038057125543,-0.7319138265381456,0.020064162028015278,-0.24953323093720162,-0.4476979626516502,-0.38369282254100534,-0.3134520223569738,0.9328090588705958,1.3561778838735423,-0.5163435068730177,0.25343850632937265,-0.10910744255550432,-0.6864575986407856,-0.22572234385361215,0.39796052446153973,-0.5163435068730177,0.25343850632937265
PSA,0.16199238575479347,107.646,0.014473694595811394,0.08842969,64.78796203385369,0.328,0.20175,0.07206,0.46032003,0.70512,24.746629065142525,0.032,32.883263,real-estate,-0.3857290604507336,-0.09510656292405882,-0.2671846590486144,0.1466968462323734,0.7745385845707956,-0.35438558021320565,0.6531704253989667,2.4446894725776938,0.8029623765283517,0.7045800320215642,1.4588996328161896,-0.2725969247344007,-0.24656195110624662,-0.2493400941411356,0.18894995019665442,1.151350576631644,1.4588996328161896,-0.2725969247344007
SPG,0.11539198161389172,457.473,0.01201254143254027,0.38528037,69.19301404777455,0.164,1.1359,0.05562,0.43376,0.73926,25.165710483106047,0.193,15.552851,real-estate,-0.6762489711825181,3.7716927554000326,-0.5325233499350669,1.3218158216424023,1.223259343772452,-0.46527855644440064,6.53372293018389,1.5039457759651225,0.6721302178267115,0.8443748580268842,1.9155916005326596,0.2738011681770026,-0.5422131077491034,0.8543068114274824,0.6932655363234845,2.3885434455006522,1.9155916005326596,0.2738011681770026
IRM,0.25149333736138413,,0.02031695798994349,0.30061042,51.845465668666925,8.6,,0.04557,0.20955999,0.33811,24.349746911465274,0.216,137.29347,real-estate,0.17224482304901015,1.5707913718937018e-16,0.3627817658946596,0.9866396822715294,-0.543849206673935,5.238947952618779,0.0,0.9288561074154665,-0.43225751401053814,-0.7982348212945578,1.026399207015419,0.35185803859291737,1.5346420078573433,0.17834219631455664,1.8939128094054578,-0.07540905697240735,1.026399207015419,0.35185803859291737
EQR,0.13294326370635023,78.42,0.012668812918985249,0.016057134,61.69947266023917,-0.646,0.08671,0.02706,0.27398002,0.60787,23.990799277466543,0.025,27.172,real-estate,-0.5668293856503411,-0.41815503224558026,-0.46177024944619904,-0.1397985859307766,0.45992951931233195,-1.0129816707570105,-0.07101601162983778,-0.13033889406255597,-0.11493062889314867,0.30636542074396195,0.635237742318073,-0.2963533635566356,-0.3439942286448044,-0.48225155578070683,-0.23095024579181836,-0.00248002846039512,0.635237742318073,-0.2963533635566356
KRC,0.35315344750719513,85.933,0.017844009193405803,0.111111164,62.29934129861556,,0.04414,0.0172,0.22495002,0.56251,22.204743417084174,-0.003,20.47541,real-estate,0.806022290627275,-0.335110375090561,0.09617137931050147,0.2364841779901083,0.5210351566539287,7.5070692366514e-17,-0.33899772776610515,-0.6945562206197307,-0.3564477032767776,0.12062747968944189,-1.311108075860284,-0.39137911884557536,-0.4582358623153131,0.18902776494907184,0.2525064448813457,-0.31734354299329287,-1.311108075860284,-0.39137911884557536
CPT,0.14814428434416774,104.147,0.01246995647008524,0.033371687,69.30918731525796,0.121,0.09064999,0.015829999,0.037249997,0.53007,23.15203252444951,-0.005,31.980448,real-estate,-0.4720619852351459,-0.13378262513428266,-0.48320910608173157,-0.07125685383488706,1.2350933372461614,-0.49435415387087256,-0.046213444522491445,-0.7729515858936308,-1.2810400022100812,-0.012206268278119962,-0.27880430887076285,-0.39816667279478535,-0.26196367952358146,-0.3630179054837201,0.2231607765134673,-0.5281028252260809,-0.27880430887076285,-0.39816667279478535
WPC,0.09711981852205308,104.704,0.010740096035539878,0.16685188,48.95948178187076,0.402,0.0626,0.032780003,0.54768,0.83485,23.491209162017103,0.089,30.555557,real-estate,-0.7901627298329135,-0.12762584701164928,-0.6697066024457856,0.45714047924749945,-0.8378300442745936,-0.30434850557230053,-0.2227904813513648,0.1969759944322736,1.2332892044427222,1.2357921813382056,0.09081180717397952,-0.07915163718191634,-0.2862718536304634,-0.5291650597634495,-0.22834602353313158,0.6108167247154591,0.09081180717397952,-0.07915163718191634
CUBE,0.17355602579780785,129.599,0.01406110114653047,-0.044825137,55.662649642598126,-0.077,0.11562,0.04217,0.40293,0.62605,22.926249783010416,0.033,27.81119,real-estate,-0.3136381046969318,0.1475500800313698,-0.31166665526660686,-0.3808083485432649,-0.1550116434892442,-0.6282371373695105,0.11097486019303025,0.7342984086026477,0.5202645967121434,0.38080800823009875,-0.5248499697958054,-0.26920314775979576,-0.3330898564455429,-0.15925155997738963,-0.3880190431340065,0.43658646843448,-0.5248499697958054,-0.26920314775979576
AMH,0.23198064808280278,67.703,0.012671069243602508,-0.04896474,65.33340007554004,0.179,0.0691,0.02174,0.25061,0.51697,23.34369295051133,0.028,27.252033,real-estate,0.05059727831505994,-0.5366149804327679,-0.4615269934680287,-0.39719546288628843,0.8300996475025174,-0.4551359061793524,-0.18187243683913235,-0.43476446985202555,-0.23004910449353402,-0.06584751668672245,-0.06994327767331629,-0.2861720326328207,-0.34262889185883544,-0.31584823186191224,-0.007410573854374473,-0.2281333819678536,-0.06994327767331629,-0.2861720326328207
STAG,0.09438719692953425,88.148,0.012385491704395167,0.07170224,52.95564060833332,-0.347,0.06915,0.029189998,0.37467,0.73134005,22.728721766986173,0.091,29.503878,real-estate,-0.8071986546442507,-0.3106269576010939,-0.4923153131592494,0.08047923168885106,-0.4307612022191694,-0.8108048421403804,-0.18155768265057665,-0.008454332487289284,0.38105854894381064,0.811944628612097,-0.7401051790475176,-0.07236408323270635,-0.304213153166043,-0.5367136418015314,-0.3870289375568996,0.25074779060451047,-0.7401051790475176,-0.07236408323270635
WELL,0.12611659152189253,44.486,0.013934180127354413,0.50217676,56.63290902573063,1.579,0.03665,0.0074400003,0.18039,0.254,25.799822426906456,0.383,109.64735,real-estate,-0.6093887631962336,-0.7932431988765427,-0.3253501015375367,1.784564184037702,-0.0561761415142678,0.49151145189182494,-0.38614790521173925,-1.253051244750849,-0.5759460851832837,-1.1426443940920812,2.6066120537275843,0.9186187933519507,1.063008248966486,-0.5759940212034377,0.7399664981384197,-0.8394474073094882,2.6066120537275843,0.9186187933519507
ESS,0.16485939332016586,121.856,0.013296474934253006,0.039189577,67.45629521765545,-0.478,0.105579995,0.03174,0.35173,0.65033996,23.723895462073806,0.064,32.799774,real-estate,-0.3678553360203424,0.061963126703629454,-0.3941015566010343,-0.04822603936665589,1.0463484266009628,-0.8993839877884691,0.04777218765563992,0.13746405606802978,0.2680583105925879,0.4802693653442225,0.3443805880327149,-0.16399606154704105,-0.2479862461211,-0.23333125530591578,0.03291279981527928,0.23339097991512003,0.3443805880327149,-0.16399606154704105
FRPT,0.44573100129066157,39.145,0.032163419396534616,-0.14927047,61.633720281093794,,0.17334,0.03413,0.0149300005,0.16337,21.78980997085981,0.131,15.51706,consumer-defensive,0.9146069390124243,-0.31764132114206023,1.6338267263104636,-0.3836653631829513,0.740600949214438,0.0,-0.2030310410704932,-0.8681683142299258,-1.0645197934355821,-0.07574172653960891,-1.3400782567322964,0.17582318229395985,-0.520378934150693,0.7435974480602758,0.11897852867716223,-0.5528652188189025,-1.3400782567322964,0.17582318229395985
KO,0.07867642040283929,124.943,0.010671915322799527,0.15320218,51.91044150740301,0.182,0.43372002,0.0951,0.35055,0.33916,26.580234928241683,0.121,25.556602,consumer-defensive,-1.53813988883328,-0.1853021315827004,-1.3772682542875243,0.6442778862187283,-0.075277311031886,-0.1557892836602437,0.10819912045834137,0.4701599929427028,2.0290350478742853,1.3882364020989768,2.0948818243828184,0.1281746234067078,-0.14804027068065242,-1.033570091567835,0.13773709717553287,0.9989076408435765,2.0948818243828184,0.1281746234067078
BRBR,0.8656005399892944,,0.04773489265470449,-0.7893841,66.00985432270559,-0.358,,0.18526,0.11174,0.13364,21.131816356274204,0.018,10.031008,consumer-defensive,3.7202759941735812,-4.383908706393251e-17,3.8154881310835362,-2.5590702627945507,1.1078014287621092,-0.27264715842541076,0.0,2.4492264219189894,-0.1721801143741414,-0.3233329988783376,-1.8118906366021332,-0.36260553313198784,-0.7238413300854023,2.5119213750857057,-0.5746386641526174,0.48842832716662765,-1.8118906366021332,-0.36260553313198784
POST,0.2436960139292866,238.094,0.01660861851771032,-0.19546312,33.13141652008659,0.511,0.09616,0.04447,0.1189,0.17589001,22.109603013149723,0.047,14.808725,consumer-defensive,-0.4354393488335364,-0.010772286623247649,-0.5454987731862793,-0.5406495491563756,-1.6510213159482678,-0.08459254144220667,-0.2952836796054908,-0.6411990720425389,-0.10618329446836387,0.02852484613424293,-1.1107715993361722,-0.22442471235895703,-0.5466491073507306,-0.33057013621435444,-0.75875446884895,-0.25353529999553764,-1.1107715993361722,-0.22442471235895703
LW,0.4136542482330844,220.065,0.028129008581687768,-0.1577239,48.04095891930249,-0.622,0.17355,0.06337,0.109280005,0.17886,22.508669062658033,0.029,20.272299,consumer-defensive,0.7002623744540347,-0.03858113121829297,1.0685803800064964,-0.4123940641176958,-0.39996477454215423,-0.3297776749772703,-0.20278002974511938,-0.22633266224160942,-0.1948549533384031,0.05325890610509042,-0.8246224660161656,-0.3101921183560107,-0.3440203578590044,0.5767538744140793,-0.3807121712123734,-0.14267718480501038,-0.8246224660161656,-0.3101921183560107
DAR,0.24613436765616398,87.92,0.023038807368620153,0.39464712,33.29020206227352,,0.04879,0.028169999,0.080570005,0.15564,22.884357851613736,0.123,39.57971,consumer-defensive,-0.41914568385788525,-0.24240828574778792,0.35541115414328617,1.464820491228449,-1.637697654771106,0.0,-0.3519046628576654,-0.9989939341918279,-0.45948745326785473,-0.14011712294655043,-0.5552359283987163,0.13770433518415823,0.372037765789142,-0.10204760515412899,-0.05762572118088564,-0.48762579331597466,-0.5552359283987163,0.13770433518415823
GIS,0.368472353574581,217.629,0.015169151710469403,-0.31603682,57.06478494751738,-0.145,0.23591,0.05311,0.19194001,0.18061,23.644926599958872,0.022,8.508557,consumer-defensive,0.39834610758262046,-0.04233854124844054,-0.7471771323718331,-0.9504152617600881,0.3572225541382148,-0.226553218934706,-0.12824161902935816,-0.4515458561335426,0.5670581002084785,0.06783289623602806,-0.00987235152367814,-0.3435461095770871,-0.7803047992893388,-0.1303898553458844,-0.2732486421855264,0.013775880320401446,-0.00987235152367814,-0.3435461095770871
COKE,0.24557502379557214,197.906,0.022210723962047315,0.6630341,61.362383078074224,2.658,1.35179,0.12697,0.07417,0.16225,23.265533390294156,0.083,26.1893,consumer-defensive,-0.4228833538153701,-0.07276029741617467,0.23939145722057506,2.37692472385346,0.717833102041454,0.3800257124852263,1.2055608464854535,1.1697257326440587,-0.518479070220519,-0.08506908022340884,-0.28191513308030225,-0.052889900364849786,-0.12457526324304552,-0.0854173980036566,1.1582611794600468,0.44293460717139616,-0.28191513308030225,-0.052889900364849786
CART,0.36391732636661694,1.311,0.026947244792872364,0.034837842,65.0690241633478,0.535,0.16283001,0.09151,0.17959,0.15630999,23.132789688797033,0.136,26.305555,consumer-defensive,0.3679083222590824,-0.37599840286644565,0.9030078355933172,0.24202061695157728,1.0288565695772547,-0.07939885811931036,-0.21559354830651858,0.3913573256842191,0.4532227111296305,-0.13453745000493497,-0.3770986125666986,0.19964746173758588,-0.12026368893799165,0.29830591832865133,0.3971594428031739,0.12361225962559899,-0.3770986125666986,0.19964746173758588
BJ,0.24137929843956127,134.579,0.018669412530374227,-0.16535872,40.68487871816253,-0.027,0.27885,0.06822,0.03672,0.05093,23.133568749453055,0.099,20.050575,consumer-defensive,-0.4509201979069919,-0.17043907614324968,-0.25676856210895654,-0.43834074617108776,-1.0172119044894912,-0.2010176092637991,-0.07691577945054504,-0.1198722343297305,-0.8636719341131683,-1.0121414124382524,-0.3765399894219858,0.023347793854753426,-0.3522434837565037,-0.29270927871973274,-0.5521900866414594,-0.5181503400829242,-0.3765399894219858,0.023347793854753426
DG,0.34567014348614206,178.649,0.02252104696534348,0.019254088,59.66004097803061,0.124,0.1891,0.04632,0.05919,0.07864,23.957689313842863,0.034,16.281471,consumer-defensive,0.24597626567242645,-0.1024632715338067,0.2828696630447608,0.1890597468542762,0.5749899373791644,-0.16834068502390978,-0.18419323874720267,-0.6005904552101728,-0.6565562157775788,-0.7813726887078059,0.21439322963259025,-0.28636783891238465,-0.49202905822191095,0.14212755239446018,0.19856966640317694,-0.5556781496106901,0.21439322963259025,-0.28636783891238465
SFM,0.6134662029203924,143.69,0.029250896004374975,-0.4950648,49.223057171269566,-0.055,0.37276,0.10539,0.09244,0.09443,22.796974432650316,0.041,16.234165,consumer-defensive,2.035453824291091,-0.15638580734822735,1.2257638686846049,-1.5588359024197276,-0.3007751608632047,-0.20707690647384483,0.035334094672564924,0.696031704945431,-0.35007657026541344,-0.6498736577549458,-0.6178939511338747,-0.25301384769130825,-0.4937835060656585,1.0349439618758227,-0.6888959899189256,-0.06714610710059084,-0.6178939511338747,-0.25301384769130825
CPB,0.3853493137572242,182.035,0.019113976253766967,-0.27390343,60.14362641722065,0.864,0.15389,0.05393,0.13102001,0.17174,22.616536399905385,-0.044,10.916667,consumer-defensive,0.5111220071546442,-0.09724053328993165,-0.19448238653598804,-0.8072263360013188,0.615567489045624,-0.008202115901273352,-0.22627947096820897,-0.43354636110514244,0.0055320850325051504,-0.006036413741924262,-0.7472765101151387,-0.6580265982329503,-0.6909947033816929,0.07313302910957482,-0.06662032095232272,-0.16508254019569263,-0.7472765101151387,-0.6580265982329503
MNST,0.17701365473161543,1.082,0.01663365936274358,0.53666985,65.71528116544569,0.289,0.26654,0.17725,0.31019,0.32096002,25.266625946103844,0.269,46.434784,consumer-defensive,-0.8810268813464212,-0.3763516240884916,-0.5419903931989648,1.9474800195034763,1.0830838575956032,-0.13263411217899762,-0.09162982428555176,2.27340208633669,1.6570194541037297,1.2366670712971128,1.1529623796611959,0.8333732949380376,0.6262733764522803,-0.5997896328779592,0.965976588306694,1.2688646968629953,1.1529623796611959,0.8333732949380376
HSY,0.27118762196821855,120.011,0.017620910512591494,0.03281951,44.09626610688115,0.936,0.23234,0.07837,0.21343,0.18853001,24.295298789518952,0.106,32.672253,consumer-defensive,-0.25173382404000316,-0.19290949868807306,-0.4036702936983622,0.23516138272180023,-0.7309631120281477,0.0073789340674156115,-0.13250881156071267,0.10292639315595377,0.7651406420809591,0.13379069485141512,0.4564751080192986,0.05670178507582979,0.1158594154862321,-0.28277120547547946,-0.1628075984129773,0.21733722963190383,0.4564751080192986,0.05670178507582979
CL,0.18637812679568438,1640.535,0.013691586335657473,0.003911376,55.57299948306994,-0.059,3.6357698,0.16098,0.20924,0.23663999,25.018663187732887,0.084,35.534885,consumer-defensive,-0.8184512308967284,2.152423887469601,-0.9541933406528929,0.13691804998378515,0.23204715212388632,-0.20794252036099417,3.9355836880329544,1.9162657642488006,0.7265195980299525,0.5344503369769045,0.9751614154075079,-0.04812504447612458,0.2220264670197155,0.12659310530665993,0.05367422724889243,1.778204846822153,0.9751614154075079,-0.04812504447612458
MKC,0.3918454205023026,65.143,0.0180131633024847,-0.3253855,59.040431069515655,-0.142,0.24728,0.05136,0.17422001,0.19653,23.330057830628522,0.167,8.389351,consumer-defensive,0.5545305519378179,-0.27754068650996816,-0.3487132091350518,-0.982186440069322,0.5229986013333014,-0.22590400851934395,-0.11465114869840554,-0.48995941259659154,0.4037251883746269,0.2004145664557579,-0.23564807352365344,0.34735799428806713,-0.7847258179690364,-0.023907781235734043,-0.22836394908512148,-0.00011770161615305696,-0.23564807352365344,0.34735799428806713
DLTR,0.38531266252511387,216.518,0.025799183632159144,0.20807886,67.40263697864819,0.095,0.33976,0.067389995,0.09088001,0.121800005,23.869292044234424,0.072,19.414125,consumer-defensive,0.5108770948228656,-0.044052204033126055,0.7421572414895848,0.8307744595637105,1.2246695261066394,-0.17461638570574284,-0.0041105421718885485,-0.13809134514808097,-0.36445567348954944,-0.42193641046710956,0.15100822828387714,-0.10530331514082704,-0.37584764242883234,0.40299404409310813,0.6269425333215358,-0.23214849281915712,0.15100822828387714,-0.10530331514082704
KMB,0.29602024110034064,371.264,0.01652584982075237,-0.16488111,68.64023805637328,0.179,1.11727,0.10163999,0.19649,0.2024,24.318853057192882,0.027,21.232107,consumer-defensive,-0.08579630146205314,0.19463587992632175,-0.5570951885467704,-0.43671760445779007,1.328516370126524,-0.1564384940756057,0.9252409606442037,0.6137167215900033,0.6089973279463401,0.24929989335210284,0.4733646261559251,-0.31972183013346106,-0.30842375117038734,-0.14941853669416727,0.2451200905310427,0.5993137258831625,0.4733646261559251,-0.31972183013346106
SYY,0.2397981266908399,670.44,0.017017225807262823,0.07807648,71.95853404760173,-0.135,0.81894994,0.08294,0.03748,0.054629996,24.411307513022308,0.047,23.216667,consumer-defensive,-0.4614859671219545,0.6561001258948881,-0.4882503202913089,0.38896569130928516,1.6069538831628973,-0.22438918421683254,0.5686613718528225,0.20324065203374478,-0.8566666850728902,-0.9813278666162475,0.5396588209133073,-0.22442471235895703,-0.23482194563223582,-0.0978787205061251,0.5905101300851167,-0.2665231319506426,0.5396588209133073,-0.22442471235895703
CASY,0.16072309718589423,73.514,0.019884429910157705,0.52796495,44.02867993303891,0.66,0.19153,0.076079994,0.05351,0.08438,24.104639128042052,0.145,41.503395,consumer-defensive,-0.9898842977215541,-0.264628831270902,-0.08653698031489931,1.91789670613046,-0.7366342535447643,-0.05234842414589203,-0.18128867912502017,0.052659378994970356,-0.7089112349207095,-0.7335700010783305,0.3197631603156021,0.24253116473611258,0.4433818870485943,-0.44701670310245173,0.3763046761466012,-0.39277763403227245,0.3197631603156021,0.24253116473611258
PEP,0.1902929402363885,244.837,0.013770821153034076,0.025284648,37.00066414550035,0.278,0.43879002,0.090909995,0.16961999,0.19587,25.944074474689604,0.085,21.289307,consumer-defensive,-0.7922915076613731,-0.0003715412072850044,-0.9430920440627272,0.20955440460965274,-1.3263535681072252,-0.13501455036865842,0.11425925102808017,0.3781868537152981,0.3613248124663901,0.1949180901778041,1.6387248482113859,-0.04336018858739938,-0.3063023624107719,-0.5785850309771284,-0.41727123795541027,0.2621722518468931,1.6387248482113859,-0.04336018858739938
PG,0.1552293897859122,67.651,0.012016613792678096,-0.07920855,54.90802629888018,0.058,0.31112,0.10925999,0.23047,0.28878,26.55651324663763,0.074,21.469986,consumer-defensive,-1.0265945694359848,-0.27367222002572755,-1.1888675356045784,-0.1455622563264454,0.17624939323465275,-0.18262331416187463,-0.03834370578477184,0.7809803217319654,0.9222056995103515,0.9686720462151838,2.0778722625815655,-0.09577360336337663,-0.2996014812971611,-0.8297114416887635,-0.050645392417889096,0.6583785904181823,2.0778722625815655,-0.09577360336337663
HRL,0.3428456499763793,4.244,0.019161804319000726,-0.14299673,71.63542747910162,-0.051,0.05831,0.045819998,0.11057,0.1024,23.337595269234512,-0.029,29.199999,consumer-defensive,0.2271023219674202,-0.37147439481290595,-0.18778137358394031,-0.36234426627881366,1.5798420795092452,-0.20621129258669543,-0.3405254827740534,-0.6115658009579656,-0.1829645109229906,-0.5834995427014755,-0.23024337541111242,-0.5865537599020723,-0.012916818886660813,-0.11071781547647536,0.33709550688124534,-0.4296388343391213,-0.23024337541111242,-0.5865537599020723
BF-A,0.2416556272776109,64.95,0.02326760646379404,-0.0007074475,50.92622606580965,-0.627,0.17846,0.08636,0.23246,0.30168,23.253347132310182,0.02,17.882353,consumer-defensive,-0.44907370227321136,-0.27783837950496754,0.38746734735711563,0.12122113180952099,-0.15786262005002394,-0.33085969233620705,-0.19691114589947492,0.27831171666438936,0.9405483910763427,1.0761031734660955,-0.29065325341107073,-0.35307582135453747,-0.4326568015738243,-0.11314824480702108,-0.12250039352557,0.5245130338268382,-0.29065325341107073,-0.35307582135453747
TGT,0.20270211170208902,117.548,0.019383471032503076,0.2895522,55.97733162959885,-0.247,0.22015,0.056750003,0.0452,0.078439996,24.806244401173974,0.067,17.230871,consumer-defensive,-0.7093704448726424,-0.1967085548885055,-0.1567244719309618,1.1076588980714823,0.26597457680744796,-0.24862637305701538,-0.14707942135264865,-0.37164559283858944,-0.7855081027163816,-0.7830383208918904,0.8228471512659905,-0.129127594584453,-0.4568184552782252,-0.35426782389736994,0.3750023672739717,-0.5218178594498775,0.8228471512659905,-0.129127594584453
PFGC,0.254690968823622,166.845,0.01813026536597569,0.2750424,70.52412176381867,-0.278,0.072519995,0.02925,0.00914,0.02569,23.588950682502624,0.064,53.233337,consumer-defensive,-0.3619684206839444,-0.1206703602020587,-0.3323064730413081,1.0583478249540668,1.4865926525731203,-0.2553348806824231,-0.3235403890668867,-0.9752872602525998,-1.1178887348116802,-1.2223399900981757,-0.05000971797375008,-0.14342216225062862,0.8784127805755196,-0.2716484179757704,0.7632018656149214,-0.9097640935573357,-0.05000971797375008,-0.14342216225062862
REYN,0.179972039517441,72.097,0.016184311760399257,0.24517906,80.19067419907542,0.899,0.14998999,0.06974,0.11174,0.18016,22.456531457980038,0.072,17.21154,consumer-defensive,-0.8612582439916451,-0.2668144839854829,-0.6049468203210794,0.9568582563679908,2.2977110177892888,-0.0006279943887162172,-0.23094112182092827,-0.0865073167161109,-0.1721801143741414,0.06408529877378691,-0.862007581613875,-0.10530331514082704,-0.4575353882522134,-0.5776731827660692,1.0846470932561878,-0.10638581353434842,-0.862007581613875,-0.10530331514082704
INGR,0.29984036095209937,41.43,0.010451351357121155,-0.30296612,35.192800088662096,-0.26,0.16193001,0.078839995,0.11942001,0.16574,22.510401855814198,-0.012,9.106731,consumer-defensive,-0.06026934352100735,-0.3141168211753578,-1.4081706540300618,-0.9059949221692043,-1.4780510577900365,-0.25143961819025085,-0.2166693111295491,0.11324306713872563,-0.10139013716121267,-0.05600437990513901,-0.823379971796298,-0.5055512097937439,-0.7581201908995808,-0.5941856062421423,-0.8784951993831639,-0.06520519026429379,-0.823379971796298,-0.5055512097937439
STZ,0.26513400819092725,133.573,0.019320860483926876,-0.16079795,47.582311931190134,,0.22636999,0.08507,0.26685,0.37028,23.899431592669377,-0.113,13.246666,consumer-defensive,-0.2921855245836672,-0.17199078159904954,-0.16549660383496753,-0.42284112088736814,-0.43844974606645476,0.0,-0.13964471690640226,0.24999543790019893,1.257535910148925,1.6474035865988503,0.17261970255973758,-0.9868016545549891,-0.6045815270090524,-0.20989097000589477,-0.2870969556512743,0.7538225544353929,0.17261970255973758,-0.9868016545549891
MDLZ,0.2593276610302558,83.793,0.01418109559267546,-0.12775522,45.1873580922203,0.413,0.101610005,0.03426,0.093059994,0.13271,25.03065388733223,0.082,28.633663,consumer-defensive,-0.3309849302340772,-0.24877397999837042,-0.8856100129478558,-0.31054650104222725,-0.6394098148856336,-0.10580008167736664,-0.2887693320895679,-0.8653147357498137,-0.34436181714241587,-0.331078033633636,0.9837593111755907,-0.057654756253574996,-0.0339206444909532,-0.48845630772676785,-0.3519187992017425,-0.4573809796538584,0.9837593111755907,-0.057654756253574996
BF-B,0.2548436575173629,64.95,0.02439416286074314,-0.004667878,52.097569832761295,-0.627,0.17846,0.08636,0.23246,0.30168,23.227054093943345,0.02,17.4183,consumer-defensive,-0.36094811817657635,-0.27783837950496754,0.5453049887141753,0.10776174036636235,-0.059575412928415776,-0.33085969233620705,-0.19691114589947492,0.27831171666438936,0.9405483910763427,1.0761031734660955,-0.30950659899205984,-0.35307582135453747,-0.4498672354560933,-0.031160502989122835,-0.09422445496608682,0.5245130338268382,-0.30950659899205984,-0.35307582135453747
TSN,0.18651000992067376,44.41,0.015761206885743537,0.022667885,34.677388913289846,36.022,0.02619,0.0247,0.0364,0.048639998,23.726936920988443,0.044,45.07874,consumer-defensive,-0.8175699561945257,-0.30952031793650736,-0.6642264761316448,0.20066142251314223,-1.521299100231445,7.600111145198255,-0.37891826263598816,-1.0751625070565272,-0.8666215126564433,-1.031212536179868,0.048932907191818455,-0.23871928002513265,0.5759814796141012,-0.5971055834208926,2.0931578224933176,-0.8379787046322067,0.048932907191818455,-0.23871928002513265
CHD,0.17184954781176556,56.794,0.014115702326178403,0.002662897,53.66864690698963,0.022,0.16779,0.08140001,0.20233999,0.22368,23.85680579952231,0.002,31.86842,consumer-defensive,-0.9155346835258165,-0.29041860783250595,-0.8947720211460087,0.13267513559112926,0.07225333125020521,-0.19041383914621912,-0.20966491181251493,0.16943694185229846,0.6629192185162562,0.42651961334430427,0.14205500335483268,-0.4388432273515911,0.08604748732525502,-0.700241770834777,0.004838209231705119,0.262302715475086,0.14205500335483268,-0.4388432273515911
ACI,0.3880312656562814,833.074,0.019412498624156678,-0.3775416,34.10853736547577,,0.08326,0.04137,0.01695,0.043270003,22.614373054925252,0.077,33.824997,consumer-defensive,0.529043453597122,0.9069550613805277,-0.15265752365097487,-1.1594372126932895,-1.569031312993335,0.0,-0.31070294673559534,-0.7092459434913687,-1.0459005834898754,-1.0759338242559735,-0.7488277302500009,-0.08147903569720102,0.15861148129591848,0.42778033044222497,-0.9094895085622081,-0.7854458244932032,-0.7488277302500009,-0.08147903569720102
PM,0.20507333275817444,,0.01772315577142497,0.030079365,45.14371516597367,-0.093,,0.15456,0.36044,0.44812,26.365027064398816,0.091,25.444445,consumer-defensive,-0.6935253765196828,-4.383908706393251e-17,-0.3893450894405703,0.22584909099846004,-0.6430718835732566,-0.21530023840176396,0.0,1.7753428885386433,2.1201954597273778,2.2956546676229563,1.9405676606042634,-0.014771053255048214,-0.152199861574222,-0.360956821986751,-0.21084101032552016,1.5477982539722444,1.9405676606042634,-0.014771053255048214
SEB,0.25045392761752355,35.336,0.02367480873729259,0.5747551,46.48956302266519,2.77,0.11635,0.02311,0.04,0.06307,22.176263474429632,0.036,7.3691916,consumer-defensive,-0.39028134720449814,-0.3235165160537319,0.4445189486602569,2.076911475998056,-0.5301420752821671,0.40426290132540915,-0.2711507336088388,-1.110063966928669,-0.8334387540445998,-0.911039560901348,-1.0629729122630425,-0.2768381271349343,-0.8225606900700146,-0.08975963819932438,0.6503441006804327,-0.7814232538708639,-1.0629729122630425,-0.2768381271349343
KVUE,0.37630042764823535,82.975,0.020567180175544153,-0.09060562,67.24137023853683,0.469,0.15701,0.07072,0.21617001,0.22692,24.325807302421154,0.045,22.750002,consumer-defensive,0.4506551778191386,-0.2500357047129274,0.009120628852600364,-0.1842948199795836,1.2111376681377346,-0.09368148725727524,-0.2225501598483697,-0.06499572509680325,0.7903965005320804,0.4535023150724404,0.4783511471777374,-0.23395442413640744,-0.25212925132289854,0.06991336731960386,0.3110537869669586,0.23908823266483697,0.4783511471777374,-0.23395442413640744
COST,0.1451586221421003,60.257,0.011934191163741297,-0.039839327,34.29994311940736,0.455,0.29152,0.086660005,0.036730003,0.04697,26.751209599966625,0.215,46.93778,consumer-defensive,-1.0938898565090531,-0.28507710088078136,-1.2004154646572773,-0.011767260259728813,-1.5529704967652342,-0.09671113586229807,-0.061771429486326045,0.2848970075253589,-0.8635797321313922,-1.0451202701059743,2.217478708267189,0.5760710769468766,0.6449280977902433,-0.8597941406823706,-0.553816297629087,-0.4213936060495834,2.217478708267189,0.5760710769468766
KDP,0.2747722628980078,85.985,0.018030816542306916,-0.002085209,67.37804968893512,-0.477,0.06312,0.036140002,0.19014,0.26216,24.519453880469747,0.094,24.244444,consumer-defensive,-0.22778039278669987,-0.24539292795153814,-0.3462398791327589,0.11653885513686801,1.2226064118401279,-0.2983991715681051,-0.3347761281309679,-0.8240475569054451,0.5504666287282274,0.7469808363377214,0.617204854596003,-0.00047648558887259984,-0.19670455795406805,-0.2731377332903323,0.3469153651362969,0.034655945007383976,0.617204854596003,-0.00047648558887259984
FLO,0.5525454021848974,111.007,0.022807262107608302,-0.5036991,58.18515668839489,,0.053629998,0.05286,0.0828,0.096990004,21.23892764509789,0.068,22.571428,consumer-defensive,1.6283664085929015,-0.20679772525270715,0.32297020581216895,-1.5881792840388884,0.45123270935968396,0.0,-0.3461194518443963,-0.4570335070568353,-0.438932623881572,-0.6285539588799968,-1.735086802992509,-0.1243627386957278,-0.2587520638466669,0.5815129630507877,-0.37898219155973484,-0.46765988541570014,-1.735086802992509,-0.1243627386957278
USFD,0.21092372453592403,122.894,0.0179910151802125,0.32317233,78.31292268522596,0.061,0.1513,0.055859998,0.02331,0.04314,23.837565984401774,0.028,34.42761,consumer-defensive,-0.6544316541642183,-0.1884626131720979,-0.35181630045777557,1.2219157926287487,2.140149286407101,-0.18197410374651263,-0.2293752773144858,-0.39118173987853,-0.9872777099422853,-1.0770164885068263,0.1282591506914412,-0.31495697424473584,0.1809607198378431,-0.398236855931364,1.0600303250964456,-0.6712128039105318,0.1282591506914412,-0.31495697424473584
CLX,0.31521231781990416,4876.087,0.01815439116783183,-0.21410072,54.9474565814448,0.027,5.46099,0.110369995,0.17006001,0.18846,23.169148696697167,0.001,15.5187,consumer-defensive,0.042449762596924435,7.143103500714268,-0.32892629636206366,-0.6039888134007585,0.1795579798841363,-0.1893318217872824,6.1172548380378275,0.8053456015844035,0.3653806673120522,0.13320765196623394,-0.3510274932323985,-0.44360808324031625,-0.5203181111163264,2.285542322316376,-0.2045875517679682,1.8552971897251291,-0.3510274932323985,-0.44360808324031625
ADM,0.12786165410536957,46.128,0.016767893335677075,0.4117539,44.26204218327819,0.009,0.047659997,0.01669,0.01274,0.03151,24.32934719184638,0.016,34.107143,consumer-defensive,-1.2094723493928718,-0.30687038754578755,-0.5231833687701936,1.5229573145742943,-0.7170528766076387,-0.19322708427945462,-0.35325534643245765,-1.250986842638826,-1.0847059761998368,-1.1738710629198572,0.48088941444533717,-0.3721352449094383,0.1690754909632337,-0.6798420352362843,0.20422578456240034,-0.9657048070477443,0.48088941444533717,-0.3721352449094383
PPC,0.4474516259581192,89.62,0.01900343885182151,-0.36359638,51.4937563606341,-0.656,0.25812,0.093109995,0.04165,0.11023,22.623578569185845,0.016,7.5361934,consumer-defensive,0.9261045661086778,-0.23978611947059134,-0.20996937223156212,-1.112044845944027,-0.1102412733463445,-0.3371353930180401,-0.10169418314101533,0.4264781818402742,-0.8182299896808384,-0.5182913468584804,-0.7422269434111326,-0.3721352449094383,-0.8163670582281348,0.15878302480217477,-0.5198071707694706,-0.252934334460015,-0.7422269434111326,-0.3721352449094383
SFD,0.1842714151945155,33.296,0.01567312877344275,0.03303051,46.57221283076975,0.088,0.14953,0.07285,0.08789,0.10778,22.97936267242984,0.008,9.439689,consumer-defensive,-0.8325287835714678,-0.3266631155863678,-0.6765667739972356,0.2358784592099513,-0.5232069474085838,-0.17613121000825427,-0.2314909441997792,-0.018240939230349425,-0.39201589017760446,-0.5386949330417931,-0.4871130019527154,-0.41025409201923985,-0.7457717056089513,-0.611919557718357,-0.15448656606896224,-0.29511067666238155,-0.4871130019527154,-0.41025409201923985
WMT,0.15752607951102743,74.816,0.01511133499600601,0.16653097,30.79197951616264,0.194,0.24132,0.06835,0.042150002,0.06182,27.527139588801127,0.073,39.880283,consumer-defensive,-1.0112475373292154,-0.26262056039271964,-0.7552776179459513,0.6895753360978912,-1.8473229789101366,-0.15319244199879553,-0.12177508917091895,-0.11701865584961847,-0.8136212547721053,-0.9214495538520178,2.7738570173104184,-0.10053845925210184,0.3831851815871117,-0.6763819052226289,-0.43698002827034693,-0.4934661384111651,2.7738570173104184,-0.10053845925210184
KR,0.26160674176909354,373.449,0.017384232052290827,-0.21639806,34.93249267525472,0.132,0.13779001,0.05771,0.03224,0.05436,24.25022332593212,0.022,32.473682,consumer-defensive,-0.31575556560098206,0.198006134817895,-0.43683043555636947,-0.6117962470466782,-1.4998933976553386,-0.16660945724961101,-0.24552366062727968,-0.35057307914495656,-0.9049660337190181,-0.9835763917816147,0.4241538798535301,-0.3435461095770871,0.10849496990256804,-0.1848599554464855,-0.7594330339838758,-0.6211597913182172,0.4241538798535301,-0.3435461095770871
IFF,0.22611806891692904,45.701,0.02169248075740777,0.01877749,59.414404008538995,,0.060510002,0.02123,0.10106,0.17417999,23.730192258383443,-0.036,24.526316,basic-materials,-0.6594924926996003,-0.6115989105084326,-0.3918536727459258,-0.3682984871004464,0.344743269722337,-6.466589031589144e-17,-0.16714837395349638,-0.7313594714722751,-0.32288914788063794,-0.2893673535473202,0.23201626534942899,-0.6799279080651914,-0.38565633462510773,-0.5543150253179863,-0.007851739126036487,-0.37769108671343243,0.23201626534942899,-0.6799279080651914
CTVA,0.20710126079043628,13.64,0.014754867488087194,0.109972,55.64504365180281,0.121,0.051370002,0.043270003,0.2369,0.23148,24.76002301201502,0.11,45.778378,basic-materials,-0.8230713522189612,-0.9555460933660869,-1.1575522186798843,-0.1329666889574625,0.09730591350403714,-0.24084661417150027,-0.21184753893431954,-0.27916285749109215,0.5614996150035627,0.08049834839250986,1.162278778788834,-0.16236989890952575,0.2782567341971297,-0.9787232214216441,-0.0921691298749752,0.037746891742665226,1.162278778788834,-0.16236989890952575
SW,0.3220784126552634,78.831,0.026496535106820554,0.006979227,66.27130779626182,-0.836,0.02113,0.03013,0.06795,0.15271,23.91216504829569,0.007,64.24999,basic-materials,0.16593959261100463,-0.25618360318570144,0.1383657683116936,-0.3987444695039248,0.7948605268971013,-0.7982594551923605,-0.3597362521092016,-0.548757415364001,-0.5384523983156783,-0.42795394231041345,0.39639518326811984,-0.5274964396152351,0.8553087213884747,0.01604058591233226,-0.13404779926639468,-0.46872500202482364,0.39639518326811984,-0.5274964396152351
AMCR,0.26509509943718085,143.74,0.020079371861478613,-0.09313619,69.76254911117621,-0.117,0.08737001,0.04079,0.0859,0.14425,23.7211300570864,0.774,34.959675,basic-materials,-0.32421970887885954,0.44015361936217534,-0.5698911458792547,-0.6570970951657619,1.0240409286431735,-0.3794717512278898,-0.03578951957951065,-0.33004528973319197,-0.42158860051111846,-0.4825623767314715,0.2238302346583133,2.1914555673874743,-0.05971886127244628,-0.15131907846531298,-0.004175972583492708,-0.31749644663882315,0.2238302346583133,2.1914555673874743
SLGN,0.3486788259064068,200.83,0.02084906692058073,-0.1715616,81.07537283852157,-0.052,0.12874,0.04516,0.08688,0.14874,22.313007845861147,0.065,17.37453,basic-materials,0.3947511383458479,1.0526093964540777,-0.4849405490834837,-0.8594776195569863,1.7666643261263937,-0.3416119448889599,0.16653039379740442,-0.24038562847553385,-0.41520829288724836,-0.4535798861226593,-1.048148974376731,-0.3218912031013405,-0.6090776756140394,0.32080666190548063,0.18852492056014913,-0.23566085342200926,-1.048148974376731,-0.3218912031013405
VVV,0.2901400998518393,574.54,0.01963399533681652,0.0096741915,70.51060892433027,0.175,0.31805,0.06799,0.17924,0.24408,22.341222675272128,0.25,52.72,basic-materials,-0.10878751977324626,5.061732683492346,-0.6190469785969642,-0.3917899846153442,1.073146857751068,-0.20939385198223545,1.0923508448389396,0.2280194210696229,0.18610314807259248,0.16183005923238336,-1.0226620698231763,0.3339186030205646,0.4951125651571542,1.4446327283740452,0.1573210070511628,0.4170758683033846,-1.0226620698231763,0.3339186030205646
NEU,0.3276746689372978,58.862,0.019677813950720418,0.12018311,65.83627206182516,-0.049,0.25268,0.10785,0.23582001,0.26228002,22.708100004596076,-0.045,18.052475,basic-materials,0.21407749325679928,-0.47040902642529153,-0.6142107550070117,-0.10661643084065477,0.7663028720692402,-0.33986456921177854,0.7726588957364878,1.0458304274152188,0.5544683206865183,0.2793093262101544,-0.6912559379929644,-0.7118321689035543,-0.5878987168173497,-0.29018076272516796,0.10660729067226897,0.6630667425120949,-0.6912559379929644,-0.7118321689035543
ECL,0.20094517034828294,92.369,0.013356341836118876,0.021972775,65.27190247611736,0.078,0.22427,0.08009,0.16933,0.24561001,25.08523389758854,0.1,37.75203,basic-materials,-0.8760248366800363,-0.1109493010264762,-1.3119063195201512,-0.36005290121343075,0.7292551756429769,-0.26589233221110004,0.6337198063376709,0.4762761490370516,0.12158391485570179,0.17170611724048768,1.4560469486989267,-0.1978190776188179,0.02751413180329007,-0.7662934857422212,0.03443664740614871,0.350821496867728,1.4560469486989267,-0.1978190776188179
CRH,0.24458242994196264,83.227,0.020173621357816137,0.16688108,53.16519348049011,,0.15812,0.060500003,-0.00041,0.19923,24.992927155979682,0.091,19.851578,basic-materials,-0.5006656749635064,-0.20902375739666657,-0.5594889081788939,0.013889915974818168,-0.06548233493459783,-6.466589031589144e-17,0.31021326766355156,0.07434651630054383,-0.9835114076705366,-0.1276721019714521,1.3726647995898136,-0.22972333845718088,-0.5316948532177944,-0.4230594468463556,-0.017197472986593243,-0.1816559314194733,1.3726647995898136,-0.22972333845718088
NEM,0.29386276619776874,15.762,0.03014337632046689,0.60649323,39.91608418148868,0.786,0.25832,0.14887,0.61379004,0.65445,25.32552607024602,0.458,12.114138,basic-materials,-0.07676587286027656,-0.9327814908264298,0.5408645681351808,1.1483301113879318,-0.9352120150203836,0.14648832760370567,0.8002413126393152,1.887441252309758,3.015248998241025,2.8107264225148345,1.67310669342678,1.0712615201738418,-0.773411988017605,-0.15622759851717516,0.11986880799041795,2.1284144964262333,1.67310669342678,1.0712615201738418
AU,0.370332887504678,22.027,0.037061995498922806,0.78580785,43.80339127735885,1.852,0.42970002,0.2283,0.56057,0.58731997,24.434394341460944,0.649,11.87812,basic-materials,0.5810151357867511,-0.8655712010474709,1.3044667522236728,1.6110600713156276,-0.6800321172184097,0.767389151562156,1.6383752063369927,3.5171133103637136,2.668758970736257,2.377408947226578,0.868133217055167,1.7483408335213222,-0.780785175366545,0.339970228987651,0.5661390352197913,2.550414108665885,0.868133217055167,1.7483408335213222
ESI,0.17845930973615146,78.598,0.026564421317602276,1.0017292,57.5714271885033,-0.425,0.05639,0.04535,0.13964,0.19253,23.177046709375034,0.415,77.01613,basic-materials,-1.0694438063503242,-0.25868320374731324,0.1458583123418426,2.168255450214649,0.22376218307555606,-0.5588689874185114,-0.18729724147202167,-0.23648738233389646,-0.07171336407562873,-0.17091991646567042,-0.2676489144908608,0.9188300517238853,1.254122125208505,-0.3940895659185983,0.6110495486238979,-0.16660447608680432,-0.2676489144908608,0.9188300517238853
VMC,0.22054989704325667,61.249,0.016503511656007143,0.14792001,59.0469447850707,0.297,0.13458,0.06059,0.15553,0.29155,24.368167067552193,0.074,34.953793,basic-materials,-0.7073888167643209,-0.44480153054302896,-0.9645558314852823,-0.03504003274484694,0.32062163364407337,-0.13833390777685933,0.19509091059040307,0.07619299239532772,0.031738766682836844,0.4682440523727638,0.8083090662737508,-0.28998694226297755,-0.05990261457934009,-0.705582059597544,0.04908256437412236,0.19281668051033285,0.8083090662737508,-0.28998694226297755
BALL,0.21964823141294415,145.542,0.016475746823511703,0.07152724,69.8765636972297,0.219,0.16785999,0.04701,0.09353,0.15022,23.53349846059422,0.163,18.19242,basic-materials,-0.7151447679467304,0.45948529409189337,-0.9676202127133153,-0.2321752323223587,1.0315253464418015,-0.18376567538357522,0.3578466834098936,-0.20242902130695994,-0.37191334829670114,-0.4440266375478172,0.05433962667448315,0.025510748249722773,-0.5835268438943211,-0.40775989552271746,0.20519481291195585,-0.16513058093539618,0.05433962667448315,0.025510748249722773
RS,0.2229705534649087,28.449,0.016609992099426808,0.16525066,53.893577641077805,0.364,0.11326,0.06737,0.09137999,0.09571,23.671472845848168,0.155,24.338762,basic-materials,-0.6865668042526405,-0.7966766310617607,-0.9528036744347604,0.009682539123642782,-0.01766800201070574,-0.0993091843198085,0.09082546229815473,0.21529882839691178,-0.38591102706649405,-0.7958831103955555,0.1789740852629208,-0.0028485947177109873,-0.39151550968820925,-0.8120157032497205,-0.035764882402290483,-0.21891746169174575,0.1789740852629208,-0.0028485947177109873
CCK,0.2018933146383073,189.508,0.015767148549648953,0.054970145,70.55903243030257,-0.055,0.26185,0.07235,0.110769995,0.16431999,23.248634931184288,0.129,17.749207,basic-materials,-0.8678690851685138,0.9311481193786788,-1.045827608669988,-0.27490160848660594,1.0763255891968937,-0.34335932056614127,0.8175047757008368,0.31747391147772125,-0.2596720508130454,-0.3530126447283641,-0.20298213413098923,-0.0950164593618706,-0.5973727899004974,-0.32751619148660766,0.15268822004804883,0.13057349790928713,-0.20298213413098923,-0.0950164593618706
NUE,0.18434312853228327,31.595,0.019035623829767232,0.70442176,48.6757025486968,3.821,0.12285,0.06146,0.11826,0.14502,24.649769408515418,0.213,22.076313,basic-materials,-1.0188323492704694,-0.7629266595302994,-0.6850887389386763,1.4010393704694177,-0.3601922225004678,1.914250054352202,0.13772535203186306,0.09404285630703546,-0.2109082385637338,-0.47759210551347914,1.0626849436410608,0.20275664179618358,-0.4621942729368673,-0.822282582579815,0.9850324007737173,-0.1141830339345786,1.0626849436410608,0.20275664179618358
ATR,0.30024445325379984,53.724,0.016220905650385822,-0.21206212,65.29189808208105,-0.043,0.14795999,0.06613,0.1106,0.20828,22.801494547443756,0.108,21.475128,basic-materials,-0.021871850504298747,-0.5255289735736222,-0.9957468188142202,-0.9639911500022496,0.730567774972143,-0.33636981785741576,0.26052574433786085,0.18985764305148922,-0.2607788063176574,-0.06925527791582864,-0.6068911607083187,-0.16945973465138417,-0.48097525420258613,-0.5143825476307137,-0.1899310642958408,0.030087325788966016,-0.6068911607083187,-0.16945973465138417
MLM,0.24686234595631493,50.35,0.016590988394056698,0.04222846,52.774853237003605,12.208,0.0947,0.04775,0.12702,0.33228,24.26794209482148,0.172,36.111458,basic-materials,-0.48105428387479293,-0.5617249061696649,-0.9549010974251133,-0.3077821365186277,-0.09110598158363811,6.799329989192281,5.779249026880979e-05,-0.18724637843953046,-0.15387610102791527,0.731152035111498,0.7177742529434182,0.05741500908808565,-0.02373723341218103,-0.6658934291565237,2.1334806236966717,0.09752183703358025,0.7177742529434182,0.05741500908808565
CRS,0.19075745663041377,33.822,0.03054080759808678,1.2337811,86.38734859514885,0.473,0.24892999,0.11332,0.2281,0.25287,24.145835666685862,0.116,64.93053,basic-materials,-0.963657555062316,-0.7390356275530062,0.5847287242316231,2.767076485488548,2.115365727192131,-0.03582120138221836,0.7543194738907836,1.1580588821244615,0.5042070567484025,0.21856860988972363,0.6074735726190239,-0.14110039168395042,0.8765687478205588,-0.3726548194612331,1.615540337099487,0.6587885056633428,0.6074735726190239,-0.14110039168395042
SOLS,0.17061188287712187,165.217,0.03381502605231774,0.70537186,52.63063858646703,-0.372,0.10743,,0.18246001,0.22708,23.367314829172958,0.106,75.08475,basic-materials,-1.1369458354617892,0.6705567149061022,0.9461014632629965,1.4034911489966078,-0.10057286415243936,-0.527998683788307,0.06231385049966469,1.4236587572703688e-16,0.2070670810847741,0.05209679857541125,-0.09577669303462658,-0.17654957039324262,1.1937859365195254,0.15990411423576986,0.25830653368528717,0.08036943253996255,-0.09577669303462658,-0.17654957039324262
LIN,0.19184834622365016,65.642,0.010914650224311121,0.07196641,54.93417303029532,0.134,0.18229,0.07237,0.28471002,0.39215,26.203615165293154,0.082,34.366886,basic-materials,-0.9542739364057997,-0.3976738684522123,-1.581393770636526,-0.23104193311618443,0.050641246146157476,-0.2332746529037143,0.42841663939073926,0.3178842531768411,0.8727676100070146,1.117606759554611,2.4662985511196513,-0.2616275992955438,-0.07823755203073895,-0.9777805251648459,-0.13789177995791377,0.6841688155323016,2.4662985511196513,-0.2616275992955438
FCX,0.24896085048655495,33.008,0.030996136199863928,0.39886498,49.88461642011375,1.531,0.15630999,0.077659994,0.31072,0.37027,25.227600062776038,0.088,33.27513,basic-materials,-0.46300335884733496,-0.7477681376695381,0.6349829593364645,0.6125354739938498,-0.2808338104811798,0.5804199541037484,0.30136141475250783,0.4264195094914963,1.0421060525485546,0.9763735981914021,1.5846485720132661,-0.24035809206996853,-0.11234394021862835,-0.19192951239346948,0.3040405392054728,0.6865651437459902,1.5846485720132661,-0.24035809206996853
RPM,0.26590284157378097,92.065,0.018011234629328743,-0.01565975,66.65968437484521,0.0,0.22903,0.08129,0.06436,0.14945,23.37901256061549,0.089,21.416185,basic-materials,-0.3172716691967056,-0.11421058244591811,-0.7981497140603147,-0.4571654332826397,0.8203552699640637,-0.31132409981781595,0.6569985837237452,0.5008966509842347,-0.5618251578765903,-0.4489969087658094,-0.08520994600857947,-0.2368131741990393,-0.4828166297837223,-0.4098773219009795,0.017288578954536022,0.0367682920163951,-0.08520994600857947,-0.2368131741990393
SON,0.18395329200387442,139.636,0.019842668650059604,0.21840835,72.34043416636216,0.236,0.20149,0.038340002,0.08723,0.16716999,22.440885313815794,-0.019,9.222586,basic-materials,-1.0221856467477295,0.3961263201997095,-0.5960158803903185,0.14685850259805933,1.1932646171000105,-0.17386387987954738,0.5223142288471729,-0.3803121068411874,-0.41292961159300906,-0.33461618632410706,-0.9326352219156977,-0.6196643042593947,-0.8637438890810915,-0.4073584023127795,0.38875307993950753,-0.15138591897778264,-0.9326352219156977,-0.6196643042593947
LPX,0.33829683491560814,21.85,0.02664315314249928,-0.11765993,59.15142294322794,-0.703,0.047930002,0.04271,0.066199996,0.12432,22.42720850819314,-0.207,67.230774,basic-materials,0.30544728490636236,-0.8674700392423433,0.1545478776868804,-0.7203817800814549,0.3274800384635505,-0.7207924668373193,-0.2286708570452639,-0.29065248661769916,-0.5498458308289469,-0.6112084876075571,-0.944989698153164,-1.2861088639940874,0.9484282244718096,-0.13582495888303356,-0.3712314028184079,-0.4200944155248667,-0.944989698153164,-1.2861088639940874
DD,0.17309717780633926,22.594,0.019527949764554433,0.5123844,40.73012933257925,,0.00896,0.01983,0.13801,0.22448999,23.63093344183016,0.043,118.98246,basic-materials,-1.1155678151659296,-0.8594884820842356,-0.6307511392833045,0.9054777709890154,-0.8817745187438036,-6.466589031589144e-17,-0.4192536304261182,-0.7600833904106552,-0.0823255083888004,0.03537854902046037,0.1423541962742294,-0.39987939626178326,2.565147612406253,-0.8686024788444899,0.007901084081737227,-0.3065709950512784,0.1423541962742294,-0.39987939626178326
PKG,0.17209653735346495,95.185,0.01695377658977151,0.1721332,65.17896817755957,-0.155,0.16313,0.08369,0.13447,0.21303,23.778701183680123,0.106,28.987833,basic-materials,-1.124175128390176,-0.08073953629901431,-0.9148604691633364,0.02744326303115663,0.7231545604295634,-0.4016051764721873,0.33471466991233967,0.5501376548786008,-0.10537274205053522,-0.03859451390873345,0.27583514977446916,-0.17654957039324262,-0.24627882654741715,-0.7065917112841756,0.1163308823295109,0.18522126720791793,0.27583514977446916,-0.17654957039324262
AVY,0.21623889103611496,164.751,0.01493964320490838,-0.09807819,56.39664767020411,0.043,0.30857,0.082650006,0.12604,0.16023001,23.242430093770416,0.07,18.282658,basic-materials,-0.7444712462308589,0.6655575137828788,-1.1371586781059886,-0.6698501627179931,0.14664449979863609,-0.2862783817782162,1.0459889100448254,0.5288000096268852,-0.16025640865178525,-0.37941304716494073,-0.2085870625405911,-0.3041666137466944,-0.5807078144982849,-0.40535747018465623,-0.2698280148991911,0.25877986596374614,-0.2085870625405911,-0.3041666137466944
GPK,0.612263276222859,178.202,0.027462777515782102,-0.5125858,57.230903331533916,,0.08554,0.03795,0.041279998,0.14342,21.86350930561588,0.017,11.48913,basic-materials,2.6620529632896366,0.8098584886937769,0.24500913092651955,-1.7395068910150222,0.2014087026641686,-6.466589031589144e-17,-0.04473918247957147,-0.3883138110081918,-0.7120879259577511,-0.48791994181060605,-1.4541881612638408,-0.49204726090594286,-0.7929371982921869,1.2389735276366443,-0.5126993961169511,-0.40826521531403015,-1.4541881612638408,-0.49204726090594286
CF,0.2544540543923024,43.847,0.026279114762359175,0.13958263,34.50164648967065,1.151,0.273,0.11338,0.33585,0.46402,23.53458875400862,0.194,9.753153,basic-materials,-0.41575189456203016,-0.6314884360072658,0.1143692676207806,-0.05655504090927861,-1.2906394671815817,0.3590857016607736,0.8720338445778802,1.1592899072218203,1.205715369474938,1.5815202562261752,0.05532450607188844,0.1354032022485285,-0.8471690096559418,-0.31095702098283845,-0.32936960214336225,1.2046398443752033,0.05532450607188844,0.1354032022485285
APD,0.22390714903454675,101.611,0.016398568553166987,-0.04946232,48.81260076175392,,0.12353,0.03599,0.23595,0.31111,24.902036124417698,0.088,30.861052,basic-materials,-0.6785103925723417,-0.011802054715679848,-0.9761383135480761,-0.5443945831509167,-0.35120562299709884,-6.466589031589144e-17,0.1410508916584451,-0.428527297521924,0.5553146229191988,0.594501851105139,1.2905614839024666,-0.24035809206996853,-0.18775958380917723,-0.5554835869453659,-0.29853340204933854,0.2155850170402147,1.2905614839024666,-0.24035809206996853
SMG,0.2385112129378459,,0.022236478372327513,0.008792877,67.18053515550163,0.085,,0.088199995,0.27681,0.16188999,22.10020954465067,0.05,19.571838,basic-materials,-0.5528890947310132,0.0,-0.3318131131809239,-0.39406425886731933,0.8545462010379646,-0.26181512229767684,0.0,0.6426696054446722,0.8213343877266814,-0.36869804610462537,-1.2403730673566862,-0.37506497116527876,-0.5404339130733666,-0.2949007359706457,0.0662222732909895,0.27382648676668203,-1.2403730673566862,-0.37506497116527876
SCCO,0.3022161120340025,62.412,0.03143757798719832,0.71005106,49.21981299245611,0.667,0.46343,0.23809,0.58341,0.60826,25.702686145961277,0.362,29.485617,basic-materials,-0.004912027778971141,-0.43232498353378246,0.6837045184021996,1.4155660485697361,-0.32447442506197954,0.07717575907551093,1.8033316550043739,3.717975572082815,2.817459201480332,2.5125746984121555,2.0138013937613852,0.7309494045646369,-0.2307280859627807,0.082155835696482,0.38942246086108917,2.712835281744919,2.0138013937613852,0.7309494045646369
EXP,0.2830850761496614,121.83,0.021825177347664065,0.08808339,63.27395024893556,-0.044,0.28914,0.09909,0.17377001,0.31538,22.662220837793022,0.019,17.097265,basic-materials,-0.16947345210258316,0.20510534337542485,-0.37720806160196657,-0.18945129477584455,0.5981008231383541,-0.33695227641647624,0.9509665057146949,0.8661007632007827,0.15049067980780334,0.6220642642230961,-0.7326993197080766,-0.4849574251640845,-0.6177394166266055,-0.11385872344304164,0.02389908398201111,0.6474055532365943,-0.7326993197080766,-0.4849574251640845
PPG,0.25677453335741035,93.736,0.018338626130968053,0.038656473,67.45273824930078,0.042,0.20748,0.06277,0.1374,0.16829,24.020418189319013,0.067,17.401722,basic-materials,-0.39579158891419525,-0.09628426253839363,-0.7620157891750918,-0.3169998199477438,0.8724148067189622,-0.28686084033727666,0.5516083205578,0.12092023759937703,-0.08629692435876037,-0.32738663636714144,0.49418196881608106,-0.31480136735948205,-0.6082281992588784,-0.4180305468758936,0.08951804881131391,0.06471124935781879,0.49418196881608106,-0.31480136735948205
AXTA,0.2847905326870333,127.564,0.019606484674833103,0.115082026,74.26325722303392,-0.067,0.16169001,0.06363,0.13557,0.19436,22.71438530741574,-0.006,20.011696,basic-materials,-0.15480344894077558,0.2666191185697665,-0.6220833072391986,-0.11978002226955113,1.319487161136744,-0.3503488232748668,0.3276723996081016,0.13856493066152484,-0.09821117226864026,-0.15910745370083165,-0.6855783239013978,-0.5735803719373149,-0.5266927770543766,-0.1700892125367359,0.28311943853077537,0.052229676075038624,-0.6855783239013978,-0.5735803719373149
AA,0.3777300534676777,37.019,0.034731343664075195,0.77052975,42.58744425992275,-0.227,0.15427,0.04241,0.13937001,0.13402,23.344974812021302,-0.052,13.36923,basic-materials,0.6446441088433396,-0.7047385331518359,1.047234667968867,1.5716342029688564,-0.7598522158084086,-0.4435421927245404,0.29138484477775617,-0.2968076121044948,-0.07347113882600492,-0.5485959800562259,-0.11595678615429048,-0.7366465940000588,-0.7342029935504216,0.3290467478867903,0.12274659814530248,-0.15687247155224238,-0.11595678615429048,-0.7366465940000588
SHW,0.21355625434187372,329.521,0.015784444304505187,-0.030959725,66.21167074221981,0.075,0.60723,0.09445,0.14163,0.1904,25.164994001353588,0.068,33.107693,basic-materials,-0.7675467617448128,2.4331934989192026,-1.0439186907424332,-0.49664775111397297,0.7909456889436451,-0.26763970788828145,2.506585476037456,0.7709014890050085,-0.058757433288382135,-0.18466884853622043,1.528095520116133,-0.3112564494885528,-0.11757466147778847,0.20724268214398553,0.00888607664713024,0.7585151708044655,1.528095520116133,-0.3112564494885528
STLD,0.20327536216542055,45.994,0.0220772184182677,0.7994776,50.19169435839498,0.931,0.15247,0.06657,0.103369996,0.121800005,24.222529169180152,0.191,24.567451,basic-materials,-0.8559809829810708,-0.6084556359824574,-0.3493905004631426,1.6463355155026194,-0.2606758669549031,0.23094481866747238,0.28258194576621554,0.1988851604321232,-0.3078498773807303,-0.6274747975010433,0.6767520342917015,0.12476844863574083,-0.3843712798343773,-0.6046090398088902,0.5388681557383962,-0.1134643921708587,0.6767520342917015,0.12476844863574083
EMN,0.30020386123530346,89.616,0.024567601619067972,-0.1442455,44.95347638058904,-0.408,0.06633,0.035269998,0.09784,0.15858,22.759168229315403,-0.049,19.358383,basic-materials,-0.022221015098433546,-0.14048320809135634,-0.07452899959169479,-0.7889871160030598,-0.6045354837217557,-0.5489671919144836,-0.1386856769305138,-0.4432996397244038,-0.34385301578763977,-0.3900636928953296,-0.6451251976584368,-0.7260118403872712,-0.5471022337335196,-0.07907774092716156,-0.6474965972130997,-0.32897550633447176,-0.6451251976584368,-0.7260118403872712
NYT,0.20137433953666667,2.387,0.018525820137296044,0.2533263,41.75218981776689,0.8,0.19677,0.10237,0.1313,0.18608,23.15046852363894,0.121,30.034338,communication-services,-0.8249300008131573,-0.7918383584798759,-0.6454760263702894,0.3895972983631556,-0.7414462675685495,0.4345957394389402,0.4220486311552241,1.013537674592696,0.15192500926949168,-0.15112281933091984,-0.3437307252431583,-0.16489845599614092,0.07146267068464159,-0.7540814618877741,0.02758225674451544,0.359097123921623,-0.3437307252431583,-0.16489845599614092
GTM,0.7860655790245428,106.562,0.04014739731658565,-0.7103175,38.167939162848526,0.232,0.08123,0.02722,0.21889,0.26372,20.57653213785459,0.015,7.3250003,communication-services,2.2003145882420307,-0.10849848577681698,1.4385138170369114,-1.4478337131268768,-1.0982958334810062,-0.10905272305535972,0.1985194591720671,-0.22424079945652106,0.1537639278281829,0.359709342381281,-1.7177444678988032,-0.20353588374420353,-0.9828943139894456,1.1767766398340418,-0.8850607565544143,0.12193798248125248,-1.7177444678988032,-0.20353588374420353
T,0.2812148232609362,125.175,0.014768016601126643,-0.24445981,35.0134896524966,-0.113,0.18370001,0.041160002,0.22723,0.35101002,25.691902152592935,0.029,6.969697,communication-services,-0.4118282215117356,0.01359419529466886,-1.007670899480559,-0.559558017743261,-1.4123542090907568,-0.43926173636615806,0.39676280769557254,0.0053617874204321524,0.15393902293926276,0.934033783552085,1.012932458631877,-0.19843282724917638,-0.999390458482147,-0.4686349752325419,-0.8037246544000586,0.37252435040183807,1.012932458631877,-0.19843282724917638
PINS,0.6063313557027633,42.273,0.031963691362985776,-0.38677132,54.76190753437419,,0.0887,0.040560003,-0.03295,0.07976,23.189678207657312,0.178,43.812504,communication-services,1.270353696321527,-0.5302046252172485,0.6497295416201666,-0.8309109613993856,0.553806929482384,-5.3131253553101904e-17,0.2129712759862802,-0.004520658975456883,0.14847664332286495,-0.8506549604082149,-0.32279988756434974,-0.14412172598067327,0.7111601268592012,0.4632928709081483,-0.09236801063900056,-0.12343192501863165,-0.32279988756434974,-0.14412172598067327
NWSA,0.2781179874890091,31.559,0.015565662819969272,-0.1503532,45.00458218225162,-0.104,0.06524,0.04113,0.10114,0.14227,23.326076669422566,0.088,31.430378,communication-services,-0.4278515258294485,-0.6004835155089747,-0.930789985340196,-0.3801199270294537,-0.41763665848031506,-0.4306475881928329,0.1675844456701571,0.004867631335556222,0.15129181160160576,-0.43937059115744626,-0.2499879245424126,-0.1769270891629906,0.13627849861979144,-0.6530416755595397,-0.4094680579008672,-0.028906675637531798,-0.2499879245424126,-0.1769270891629906
CHTR,0.6998230583207393,459.525,0.031879651404987976,-0.65049493,50.931987344554685,0.089,0.27504998,0.054130003,0.23879999,0.40221,23.827010563940753,-0.01,3.8476734,communication-services,1.7540880989685046,2.2067757305792166,0.6416293730961266,-1.3337668293830771,0.17249839701660066,-0.2459219662537486,0.5734927986492356,0.21898770952551297,0.15418193045535905,1.270903908011403,0.017419638065340654,-0.21264848462818056,-1.144340849922992,1.5341644008812825,-0.46906346620674166,0.5543915866603777,0.017419638065340654,-0.21264848462818056
TTD,0.8069295954627543,17.264,0.04049417967256369,-0.746224,41.634879259129754,-0.2,0.16735001,0.06573,0.09675,0.23903999,22.863280106390327,0.118,20.545454,communication-services,2.3082668689892896,-0.6942521114320871,1.4719383402221717,-1.5162985510826306,-0.7531257581949001,-0.5225318353749682,0.3651313210941824,0.41004860886863326,0.15119964523018603,0.1973272859750634,-0.497037090625949,-0.16599196810221817,-0.36909051736197385,1.0286510325931246,-0.9306520482174996,0.2809267152920163,-0.497037090625949,-0.16599196810221817
NWS,0.26843069967813005,31.559,0.015867222419688527,-0.17000872,43.12602020541306,-0.104,0.06524,0.04113,0.10114,0.14227,23.44836914665802,0.088,35.518986,communication-services,-0.4779744164309074,-0.6004835155089747,-0.901724245233187,-0.4175981549752596,-0.6046671121274675,-0.4306475881928329,0.1675844456701571,0.004867631335556222,0.15129181160160576,-0.43937059115744626,-0.18470599089675518,-0.1769270891629906,0.3261058048733924,-0.6600607257243564,-0.48430428509851997,-0.028906675637531798,-0.18470599089675518,-0.1769270891629906
SIRI,0.17439771091207446,84.878,0.02212400383070213,0.23741007,67.12833981708134,0.218,0.07375,0.04407,0.21999,0.28878,23.020210424959163,0.011,12.51695,communication-services,-0.9645094818551185,-0.2507355080920858,-0.2986660684475964,0.35924897402587663,1.7850143468303625,-0.12245250910275446,0.18404829588286842,0.053291699382192234,0.15378702190758195,0.5245915419241421,-0.41326485152020176,-0.20499389988563985,-0.7418406777016938,-0.5046370194649336,0.6739369372511614,0.2289296397741962,-0.41326485152020176,-0.20499389988563985
CMCSA,0.3157356656657546,106.858,0.01835124941964275,-0.28866667,48.84741432681338,-0.326,0.20918,0.04535,0.13145,0.28235,25.19716733493058,0.053,4.8137255,communication-services,-0.23321430592395256,-0.10655686252440412,-0.6623019775730649,-0.6438495946564298,-0.03504260614204925,-0.6431299098015205,0.44605760661230376,0.07437428683106784,0.151928158462137,0.4822853750023306,0.7488340752403371,-0.18968473040055844,-1.0994886489187299,-0.3340243820071405,-0.44067403686666645,0.2886613567269598,0.7488340752403371,-0.18968473040055844
MTCH,0.24606842567591114,,0.020278790245643,0.19132578,57.986728354822326,0.52,,0.15228,0.27365,0.3145,22.906593335656666,0.039,14.522902,communication-services,-0.5936788153602247,0.0,-0.476516478632454,0.2713776012338761,0.8748715035637915,0.16660001849104586,1.3424313733939405e-17,1.8355938773843985,0.15491359308990152,0.6938162096113886,-0.473915706360421,-0.19478778689558557,-0.6487076444947872,-0.35673176466422624,0.43761637442957113,0.6710809200214222,-0.473915706360421,-0.19478778689558557
TKO,0.18280148663750473,58.229,0.020646873827253057,0.20505667,55.09566039230043,0.63,0.06736,0.03852,0.21215001,0.28448,24.373290959421162,0.259,74.55926,communication-services,-0.9210275971885048,-0.42554063665137376,-0.44103884260065424,0.2975590212786669,0.5870355102764172,0.2718840517205758,0.17168589836709575,-0.03812108213441661,0.153622424315266,0.49629970401375506,0.30903398210232996,-0.11459689911658769,2.138681148076385,-0.5958690254801776,0.38549286109188663,0.19587173614042502,0.30903398210232996,-0.11459689911658769
NXST,0.38427585196654945,576.199,0.02230243231605364,-0.0400877,41.506576780274365,0.51,0.06609,0.04133,0.22206,0.2839,22.419606602081593,0.131,37.75687,communication-services,0.12141872726623194,2.9721032689306126,-0.2814682873531048,-0.1698708192186068,-0.7658996092151158,0.15702874274290676,0.16922889604392966,0.008161785624443009,0.15383048076608738,0.4924835956444469,-0.7338780224917234,-0.1612534156425501,0.4300070571891033,0.9373512362812466,-0.2595805618969386,0.20592618951972674,-0.7338780224917234,-0.1612534156425501
FWONA,0.24987414917236472,59.738,0.014710744520919162,-0.061240077,59.187101840229175,,0.0273,0.022230001,0.09001,0.21489,23.811487244348278,0.591,38.227074,communication-services,-0.5739876627697212,-0.4156422937868773,-1.0131910533746753,-0.21020318421335746,0.9943812138047493,-5.3131253553101904e-17,0.09418391957494351,-0.30642993249347544,0.15105814150732294,0.038432494668674495,0.009133009627475512,0.006418440622627309,0.4518378511193771,-0.6676070033104246,0.26139267653046394,-0.005688844185633623,0.009133009627475512,0.006418440622627309
SPOT,0.44111954338138043,5.943,0.028360403891895952,-0.3600194,53.395977595352576,2.224,0.37987998,0.116409995,0.15773,0.13954,25.270874118686777,0.082,31.254597,communication-services,0.41553305335954444,-0.7685126412988625,0.3024276574717535,-0.7799016492189924,0.41781434616853846,1.7975454059739457,0.7763018959228583,1.2447872233186925,0.15247989701359727,-0.45733261848194795,0.7881800879729329,-0.17911411337514507,0.1281172775585979,-0.016850643489188206,0.4784860343078306,0.4290590994433,0.7881800879729329,-0.17911411337514507
EA,0.07142971447300242,27.41,0.013136617622751867,0.28913617,68.6148354259912,0.853,0.1349,0.05696,0.24009001,0.19718,24.66317793173174,0.119,58.41595,communication-services,-1.497275073393652,-0.6276990387328287,-1.1649128468781087,0.4578778867459446,1.933010501073191,0.48532350090407733,0.3023519904195661,0.26559994330094683,0.15420901393200118,-0.07809040053899008,0.46378088492844516,-0.16562746406685908,1.3891739682937254,-1.096628986334863,0.9587372962410711,0.16101763677838102,0.46378088492844516,-0.16562746406685908
META,0.33296881593442285,35.608,0.02279702873890434,-0.21776366,41.69134414128529,0.624,0.32930002,0.16395001,0.40617,0.5085,27.9886035141181,0.331,20.490723,communication-services,-0.14404845037200778,-0.5739239460866115,-0.2337967454827137,-0.5086550451953241,-0.7475040897831632,0.2661412862716923,0.6784475028317971,2.027807944848658,0.15769579981895465,1.9702386641730436,2.23895313689735,-0.08835260857073382,-0.37163158715848305,-0.317256380647111,-0.33000594956893164,1.2085474779181133,2.23895313689735,-0.08835260857073382
IAC,0.2435804693350324,30.911,0.020724528638304842,0.15649796,59.63653645125451,,0.029779999,0.00403,-0.09503999,0.07112,21.868166073596527,-0.122,25.914112,communication-services,-0.606551723229755,-0.6047340961426352,-0.43355410473062334,0.20496953994546976,1.0391271206319816,-5.3131253553101904e-17,0.09898184343671482,-0.6061979892529462,0.14717308772382448,-0.9075018161165278,-1.0282469387479365,-0.2534729365883977,-0.11983260700792528,-0.5482799747010044,0.4146988868591505,-0.3168862185522337,-1.0282469387479365,-0.2534729365883977
GOOG,0.207502320825124,20.026,0.01859882477160357,0.98564243,38.04111867563001,0.82,0.38884997,0.14641,0.36121,0.38181,29.092315058000874,0.218,26.951181,communication-services,-0.7932232794143986,-0.6761346674349107,-0.6384394945226374,1.7859435079027863,-1.110922136764409,0.4537382909352183,0.7936556646384303,1.738910449005571,0.1567518818100637,1.1366821653667751,2.828134298327059,-0.12954156456631002,-0.07168320880953706,-0.7025991471239822,0.37625322069119854,0.95650004020521,2.828134298327059,-0.12954156456631002
VZ,0.16354950198490856,192.045,0.01514071935485395,0.009615421,39.67197139389085,0.043,0.17198,0.0508,0.25186002,0.36725,25.898246285224573,0.029,10.32683,communication-services,-1.0206390817899391,0.4522305023515784,-0.971748045798933,-0.0750992284158211,-0.948553725453681,-0.2899498346951884,0.3740887196660216,0.16413999120323322,0.15445612079151685,1.0408846863027668,1.1230826843787478,-0.19843282724917638,-0.843524326506406,-0.5133855417457646,-0.4378675961882301,0.4333923794908846,1.1230826843787478,-0.19843282724917638
FWONK,0.2484076729185022,59.738,0.01525659927320454,-0.08190924,58.52099767240729,,0.0273,0.022230001,0.09001,0.21489,23.894740890519728,0.591,41.545853,communication-services,-0.5815753416202909,-0.4156422937868773,-0.9605789913449037,-0.24961417931107133,0.928063590952803,-5.3131253553101904e-17,0.09418391957494351,-0.30642993249347544,0.15105814150732294,0.038432494668674495,0.053575309987942306,0.006418440622627309,0.6059232703185324,-0.652598875584024,0.22614980388057723,-0.005688844185633623,0.053575309987942306,0.006418440622627309
TMUS,0.340216045896248,218.569,0.01604350521241985,-0.27965719,39.32902499592699,-0.12,0.18024999,0.05865,0.2401,0.3743,25.92462169799403,0.106,17.824654,communication-services,-0.10655063657398736,0.6262156886590028,-0.8847332761390627,-0.6266707387872806,-0.9826976191226997,-0.44596162938985545,0.3900882351326045,0.2934355470420404,0.15420922366823134,1.0872701414814248,1.137162356204983,-0.17036601652652714,-0.49541276074035545,-0.12168940801801575,-0.6851099957666119,0.48125078683107525,1.137162356204983,-0.17036601652652714
FOXA,0.35580954253634434,67.867,0.021602497895964197,-0.09969628,35.44391842275522,-0.493,0.152,0.08713,0.21357,0.21906,23.80984454770345,-0.086,13.7263155,communication-services,-0.025868495045373065,-0.36231980926368873,-0.34893127631187004,-0.2835296768202274,-1.3695005320990963,-0.8029702147954433,0.33543446264487325,0.7625231177795214,0.15365223646236217,0.06586899794456168,0.008256108482025492,-0.24035079131547074,-0.6856918380132131,-0.24570652687364394,-0.8186668079049223,0.32936970370782964,0.008256108482025492,-0.24035079131547074
TIGO,0.11052107499485823,375.071,0.023479193437466357,1.4583001,59.37347822839644,-0.43,0.37443,0.057579998,0.21813999,0.43287998,23.44495993900173,0.451,12.331522,communication-services,-1.2950128896791613,1.652796507068162,-0.16804648630662128,2.6871850877029386,1.0129369286855034,-0.742671177582167,0.7657581057486782,0.2758117886549531,0.15374818165501014,1.4726969551915932,-0.1865258875333544,-0.04461212432764407,-0.7504497930152657,0.06324571036079317,0.9858169462687583,0.6670037578125587,-0.1865258875333544,-0.04461212432764407
IRDM,0.5074100179986633,381.969,0.0434933088901586,0.7845701,61.58470495490341,-0.259,0.21393,0.05501,0.23150998,0.50076,22.48313917871801,0.019,55.404037,communication-services,0.7585258777731443,1.6980442002949985,1.7610085952135763,1.402548175836563,1.233087630591703,-0.5790023622889887,0.45524718223044464,0.23348193898430059,0.15402887948285027,1.919313355934347,-0.699963185323688,-0.20207786760276722,1.2493358298710147,1.405859557760573,0.6855444813797592,0.6905178391579856,-0.699963185323688,-0.20207786760276722
GOOGL,0.20366459999534114,20.026,0.018855554510977014,1.0112033,38.2621750491596,0.82,0.38884997,0.14641,0.36121,0.38181,29.10368428697473,0.218,27.238567,communication-services,-0.8130799890596021,-0.6761346674349107,-0.6136946683280288,1.834681781545667,-1.0889136673433402,0.4537382909352183,0.7936556646384303,1.738910449005571,0.1567518818100637,1.1366821653667751,2.834203398146212,-0.12954156456631002,-0.05834035221017667,-0.7009697749408472,0.39983546837918177,0.95650004020521,2.834203398146212,-0.12954156456631002
VSNT,0.42212853961829594,36.248,0.0281354228004303,-0.21204817,29.317492558506387,-0.218,0.0892,,0.262,0.33513,22.35159284266879,-0.011,6.0016665,communication-services,0.3172719071427481,-0.5697258417570704,0.28074291608192614,-0.4977570156829035,-1.9794501758976093,-0.5397601317216185,0.21393859973555818,0.0,0.15466900579444823,0.8295512366093625,-0.7701849959814311,-0.21301298866353965,-1.0443345133258315,0.009429660489201278,-1.0056557744340437,0.2995397105348422,-0.7701849959814311,-0.21301298866353965
FOX,0.3413730621239867,67.867,0.020735582004366,-0.113975585,35.43702699076374,-0.493,0.152,0.08713,0.21357,0.21906,23.702266218642574,-0.086,12.326316,communication-services,-0.10056413148203239,-0.36231980926368873,-0.43248872904521873,-0.31075678898503833,-1.3701866460881666,-0.8029702147954433,0.33543446264487325,0.7625231177795214,0.15365223646236217,0.06586899794456168,-0.04917114704687521,-0.24035079131547074,-0.7506914989837412,-0.29845755659698,-0.8279712166228829,0.32936970370782964,-0.04917114704687521,-0.24035079131547074
NFLX,0.4534297456158831,53.788,0.021369648386097985,-0.4296537,28.32964565238929,0.864,0.48494998,0.15402001,0.32303002,0.30472,26.429216028033416,0.162,23.032259,communication-services,0.4792271369800269,-0.45467154497558093,-0.3713744130719551,-0.9126770816800329,-2.077800646769987,0.49585190422703024,0.9795753085961342,1.8642531844054282,0.1559503077286336,0.6294687271082288,1.4065239254222268,-0.14995379054641858,-0.2536322747698773,-0.11560627368916972,-0.8315419414076634,0.9073118819596062,1.4065239254222268,-0.14995379054641858
DIS,0.2496346968861132,41.069,0.015548050462153228,-0.20131183,41.622224813867795,-0.298,0.1101,0.04449,0.15512,0.20275,25.84209301277389,0.065,15.4,communication-services,-0.5752266102421578,-0.538102308987198,-0.9324875476642916,-0.4772854637817748,-0.7543856403106769,-0.6163303377067311,0.254372732455378,0.060209423388854585,0.1524251010615687,-0.041442601199255816,1.0931070530972415,-0.1853106819762495,-0.6079854352097638,-0.6819388222978825,-0.6160004805997276,0.10639116392663638,1.0931070530972415,-0.1853106819762495
RDDT,0.5499242725287113,0.669,0.04210808089226726,0.1455692,53.825531432609644,6.75,0.26221,0.13109,0.27571,0.2576,24.232292252327117,0.691,49.45299,communication-services,0.9784984201827007,-0.8031076447894883,1.6274937709030726,0.18413109057119706,0.4605809144471473,6.129504809581695,0.548651963460727,1.4865782304768416,0.1549568420022306,0.3194428195878926,0.23376632501730063,0.04286884415853544,0.9730385616079348,0.600961515432095,2.2580722715333463,0.6274074638819229,0.23376632501730063,0.04286884415853544
PEG,0.13150447389833958,141.01,0.011978251124068043,-0.005309522,60.97696396119223,0.254,0.13441,0.03662,0.2843,0.37479,24.42317842240411,0.194,17.955753,utilities,-0.19578667299130822,-0.3871531042846853,-0.3930090170132277,-1.1145955785707442,0.5772776914961911,-0.16992232950600303,0.41123322292615433,0.5330038456110863,0.6141834921700287,-0.2637775311788906,0.5088957439249717,0.3726281466761403,-0.2699570349856426,-0.3253162647630738,-0.23574673886018538,0.32366075738209465,0.5088957439249717,0.3726281466761403
EXC,0.1374030207504412,174.794,0.011544942928853595,0.086155295,63.770519687945054,-0.003,0.09764,0.028399998,0.22299999,0.33280998,24.588238381834827,0.079,17.076923,utilities,-0.12115003555855042,-0.05742321534102143,-0.4594792699292204,-0.5018974028783171,1.0184065097080588,-0.2862605357707691,0.0855831327543726,-0.1725737349155474,-0.07679299388858575,-0.5964554339420045,0.703173931293614,-0.2614179419481836,-0.2859328580678137,-0.21268417360959743,0.0767495236863242,-0.19005975749794127,0.703173931293614,-0.2614179419481836
AEP,0.09085655826621435,157.099,0.011692186717719197,0.32167828,63.9875140099464,0.067,0.12585,0.031689998,0.23738001,0.40748,25.033245945902,0.102,20.238165,utilities,-0.7101207653536206,-0.23012539343888241,-0.43689180910041764,1.0758076423647611,1.052671961406925,-0.25457308659359545,0.33542237789296275,0.1098289019612591,0.08529924213311464,-0.004719992823115815,1.2269548846543474,-0.13460872422331885,-0.22846617746755135,-0.4590459892976402,0.6246355057260303,0.13145763229105517,1.2269548846543474,-0.13460872422331885
MDU,0.0970464766603586,89.405,0.013521301294361635,0.27906978,44.102304305221935,-0.021,0.06726,0.0251,0.1894,0.27886,22.212346305176297,-0.102,23.054346,utilities,-0.6317972889947786,-0.8908149240495965,-0.15630235830182343,0.7903847762260711,-2.0873903516283017,-0.29440873698775666,-0.18347451585641694,-0.4558345667964555,-0.4555336013012858,-1.023991347467342,-2.0932886852532224,-1.2593513510003802,-0.17727219293883525,-0.5596381904487329,-0.5304714374633291,-0.5297085078553752,-2.0932886852532224,-1.2593513510003802
NRG,0.34239262600542525,479.237,0.028485443035959155,-0.04392153,60.3469796192448,-0.856,0.062480003,0.022449998,0.03637,0.06973,24.151322003158363,0.195,160.5055,utilities,2.4726642086140096,2.913922882802354,2.1392237757988286,-1.37324702114042,0.4777972173485414,-0.6723947378868994,-0.2258081153688142,-0.6833019079906233,-2.1804946846934388,-2.681278071124215,0.18891643133000874,0.3781415909250475,2.3213854754887886,2.508603622405064,-0.5226148472262593,-1.4427206947942728,0.18891643133000874,0.3781415909250475
DUK,0.10880492906975481,161.495,0.009362314646843072,0.07958269,58.142914586438685,0.12,0.09661,0.02782,0.25507,0.50361997,25.315161208700378,0.113,19.443932,utilities,-0.4830129576576874,-0.18722068731182967,-0.7942983560419055,-0.5459255136331544,0.12975454403698408,-0.23058116078802116,0.07646103341042547,-0.22235883053356367,0.28470160974467035,0.7571577669137469,1.5587736154775103,-0.07396083748533999,-0.2429041528371017,-0.4881773336704742,-0.21558404346139717,0.22399039488381978,1.5587736154775103,-0.07396083748533999
ED,0.0962515577669596,106.177,0.010420146135491247,0.114209175,58.01641885654773,0.129,0.08732,0.0317,0.25613,0.34952,24.43122317579407,0.062,18.655987,utilities,-0.6418557109625436,-0.7271211726476569,-0.632025111802557,-0.3139720162556744,0.10977967426751412,-0.22650706017952738,-0.005814988827699495,0.11068744031203186,0.296649977701252,-0.46403400087147034,0.5183645461215772,-0.35514649417960537,-0.2572278217133136,-0.6670006651375858,-0.1435664673892292,-0.0156278929214715,0.5183645461215772,-0.35514649417960537
SRE,0.12651628370707993,85.267,0.012393127806616529,0.23273826,55.49294974628726,0.137,0.05689,0.01809,0.30616,0.41452998,24.827646710219668,-0.039,31.534012,utilities,-0.25890420890068844,-0.9312015650763807,-0.3293661911389147,0.4800224017946305,-0.28869991779607057,-0.2228856374164218,-0.2753154577949912,-1.0575496076798645,0.8605904011614188,0.051148788585799694,0.9849613268556879,-0.912004363319229,-0.02312446947479654,-0.5064906550386613,-0.010521051139287288,-0.1052814689319093,0.9849613268556879,-0.912004363319229
FE,0.1471401913344873,198.922,0.009624809001073438,0.19019318,63.83928774165422,0.129,0.094610006,0.03758,0.20514,0.33707002,24.03740161781229,0.116,25.836956,utilities,0.002058220427994343,0.1780646712453127,-0.7540312521481574,0.1950243691556063,1.0292656345047977,-0.22650706017952738,0.05874827228877673,0.6154070466450483,-0.2781116091912914,-0.5626960128438968,0.05483033288611425,-0.05742050473861849,-0.1266884792892329,-0.19130278682495008,0.3325943144936256,-0.041663075775340785,0.05483033288611425,-0.05742050473861849
XEL,0.11496771911423982,164.845,0.012141230824969729,0.1931305,56.00873892627916,0.06,0.0959,0.02338,0.18155001,0.4099,24.637862464725647,0.029,23.14121,utilities,-0.40503274699604747,-0.15452488077733784,-0.36800763910541673,0.21470068475382034,-0.20725193763325112,-0.25774183151131286,0.07017298434809298,-0.603473635315637,-0.5440190437309895,0.014457714207198324,0.7615822630726261,-0.5370901543935418,-0.17569313453594762,-0.30918842229293403,-0.08343102813024787,-0.26571549512283377,0.7615822630726261,-0.5370901543935418
AWK,0.1544983237215055,142.33,0.013704417487669821,-0.07056677,58.554332452935796,-0.048,0.10217,0.035099998,0.33223,0.54486,23.969562758032627,0.057,23.329788,utilities,0.09516356873194776,-0.37426998051587035,-0.12821200640763636,-1.551736307779313,0.19472130861628856,-0.3066310388132379,0.12570265705347972,0.40253193896731126,1.1544526206218741,1.0839714914019176,-0.025017079875915345,-0.38271371542414123,-0.17226506680363346,-0.13577280606385297,-0.5545486793254207,0.6916646770111456,-0.025017079875915345,-0.38271371542414123
OGE,0.09651365543276212,118.683,0.010208372049698704,0.10185802,57.98262924101546,-0.226,0.09591,0.03378,0.14682001,0.39283,23.030059507839596,0.007,21.626667,utilities,-0.6385392859268578,-0.6050633348803865,-0.6645116357112887,-0.3967090771759887,0.1044439750277105,-0.38720769529233656,0.0702615484193934,0.289227709218949,-0.9354971749876678,-0.12081644240745658,-1.1308272903228862,-0.6583859278694993,-0.20322527501629148,-0.6360380855061777,-0.2264909324802049,-0.17420608993919548,-1.1308272903228862,-0.6583859278694993
EIX,0.10393032557550762,226.101,0.015069114116330929,0.42700458,60.41746796798,-0.632,0.18864,0.039,0.27492002,0.4372,24.07834630627535,0.077,8.092391,utilities,-0.5446932363349609,0.4433301416336573,0.08113489970341137,1.781360159486545,0.48892799296811706,-0.5709949005199437,0.8915161815885347,0.7372951148411166,0.5084519332404284,0.23080126872272752,0.10302287991213024,-0.27244483044599793,-0.4492582949647158,-0.006742731665964082,0.5664310839782395,0.5920161245982019,0.10302287991213024,-0.27244483044599793
CEG,0.39774601719176844,66.428,0.029388883958409953,-0.15783322,45.016666515906685,10.91,0.16104999,0.04196,0.21858,0.26641,25.20845158741452,0.638,21.597391,utilities,3.173072477334757,-1.1150691171072142,2.2778132307715,-2.1363107536468906,-1.9430039277047655,4.653812790950603,0.6471678203065016,0.9913716513624987,-0.1266153211380303,-1.1226535179332153,1.4331747005758453,2.8205973931909214,-0.20375746917961507,1.445272196999681,0.19149936986631566,0.09731765814943866,1.4331747005758453,2.8205973931909214
SO,0.14990262744422989,190.431,0.010281137199397624,0.04821241,57.25925176592126,-0.008,0.109910004,0.03237,0.25819,0.46310002,25.404415002153794,0.08,24.47826,utilities,0.03701241296450947,0.09519300160818732,-0.6533493314729311,-0.7560665706798287,-0.009784156401157288,-0.2885239249977101,0.19425128366566233,0.16819800770031806,0.31987039089989117,0.43605044047449687,1.6638267444599102,-0.2559044976992764,-0.15138755296497625,-0.17371463896674477,-0.35145821735956534,0.2795925306850921,1.6638267444599102,-0.2559044976992764
NFG,0.20931449205447764,63.438,0.012463592816141981,-0.06407815,42.115678787637606,0.093,0.20833,0.07555,0.41976002,0.61460996,22.716288535871712,0.176,10.433784,utilities,0.7887741450153859,-1.1442513444320295,-0.3185567325212059,-1.5082707899205563,-2.4010972730292135,-0.2428034626135024,1.0658988379791352,3.8746253208737262,2.141094966100125,1.6367170691937118,-1.500140695542791,0.27338615019581125,-0.40669525053765515,-0.2246779773126165,-1.3840571751877573,2.1795840485366744,-1.500140695542791,0.27338615019581125
ATO,0.12582367438818345,64.588,0.009643209332345377,0.13791084,45.91632000123947,0.145,0.096,0.03876,0.3932,0.52042,24.082087163828625,0.006,21.241678,utilities,-0.26766806751081496,-1.133027410845562,-0.7512086083881461,-0.15520094577539278,-1.800940150353044,-0.21926421465331625,0.07105862506109757,0.7166943145826264,1.8417092190301567,0.8902924997403959,0.10742592852041276,-0.6638993721184065,-0.21022380277772654,-0.7173013622481744,-0.7251351035939178,0.8799386646035692,0.10742592852041276,-0.6638993721184065
PCG,0.1682120481734195,187.872,0.016568693472774038,0.22009909,55.90093764607756,0.398,0.08826999,0.02528,0.23921,0.39922002,24.335302535408214,0.15,13.03876,utilities,0.268688727628595,0.0702173093927352,0.311173057742504,0.39535600595778697,-0.2242747773359457,-0.10473671977010293,0.002598509381772759,-0.4403839666025877,0.10592697220562859,-0.0701776277471884,0.4054644326738608,0.13003659972422504,-0.3593406589678389,0.21669303158794473,0.02211483628391278,-0.1005090281905937,0.4054644326738608,0.13003659972422504
ETR,0.10557259138728733,192.883,0.012575628928519725,0.40954804,58.78276800573756,0.012,0.10751,0.027660001,0.18648,0.41319,24.70468640005034,0.12,29.30102,utilities,-0.523912999941934,0.11912438000298553,-0.3013701922994416,1.6644234994383222,0.23079343865471416,-0.2794703680899462,0.17299587112792394,-0.23609261153588965,-0.48844797340809554,0.04052988616163402,0.8402350936712534,-0.03536672774298989,-0.06371694485217703,-0.23538627074613003,0.53858219000103,-0.1277537069136068,0.8402350936712534,-0.03536672774298989
D,0.09768738551884443,154.901,0.012967697798666977,0.20000005,65.02777281317671,-0.102,0.09787,0.03086,0.28751,0.47223,24.818641683745057,0.231,20.144543,utilities,-0.6236876166809601,-0.2515777465024085,-0.24122612568127483,0.26071795009015086,1.21693864565771,-0.3310756424642004,0.08762010639428307,0.03858463940731523,0.6503667573970351,0.5084025403226906,0.9743622680244127,0.5766255838857054,-0.23016808626515614,-0.37216382962154776,0.38219365109455355,0.321243510880331,0.9743622680244127,0.5766255838857054
NEE,0.14527990721136128,156.686,0.014460960175691845,0.21352315,41.736585796677566,1.6,0.10325,0.02412,0.30175,0.50811,25.933044746580652,0.073,22.27665,utilities,-0.021480687560878085,-0.2341562495877614,-0.012157003594497291,0.35130555493613497,-2.460959634639944,0.43938205038650746,0.13526757675392911,-0.5399545011852918,0.8108806816439429,0.7927397834002431,2.2860323289675613,-0.2944986074416266,-0.19140955022945128,-0.08926464691437892,-0.5567573431057672,0.2997333851532058,2.2860323289675613,-0.2944986074416266
PNW,0.08434633911045308,212.957,0.010256499056010358,0.18736243,64.23840591151671,,0.09559,0.024920002,0.11757,0.39101002,23.285675563658646,0.114,19.962687,utilities,-0.792497133452354,0.31504546071145995,-0.657128866779254,0.17606193728585978,1.092290160886083,0.0,0.06742749813777875,-0.4712849953169879,-1.26520461103832,-0.13523918754837866,-0.8299631427844792,-0.06844739323643283,-0.23347395802924167,-0.3781935131733827,0.42278403272398096,-0.4510753239414769,-0.8299631427844792,-0.06844739323643283
WTRG,0.12163272610235429,122.667,0.013305069549390416,0.019904494,55.66203254188357,-0.233,0.08342,0.029260002,0.36077,0.51743,23.10890268275496,0.1,19.54592,utilities,-0.3206977874658953,-0.566179724959964,-0.1894726951093008,-0.945693676049257,-0.2620001483634923,-0.39037644021005397,-0.04035497663487788,-0.09875385730928551,1.476156791830212,0.8665977294839329,-1.0380276242998558,-0.14563561272113312,-0.24105016259495654,-0.35878340251172003,-0.5326900882076011,0.5509114218424954,-1.0380276242998558,-0.14563561272113312
LNT,0.07010222514965117,159.526,0.009887047206974125,0.25782263,61.88796526889682,0.049,0.113120005,0.02617,0.21030001,0.42009997,23.70408523710436,0.05,23.990566,utilities,-0.9727335197861283,-0.20643801360031153,-0.7138034418667754,0.6480558406785004,0.7211333971148923,-0.26272128781058296,0.2226803594095162,-0.36398933231068575,-0.2199477430218189,0.09528913419810542,-0.33748832808746954,-0.42130782516649135,-0.1602531049627873,-0.6309916584177384,0.36882264999426995,-0.06649189543122076,-0.33748832808746954,-0.42130782516649135
DTE,0.1013397291271527,218.787,0.010372837970981284,0.16302955,66.49627914534678,-0.444,0.10423,0.027780002,0.10231,0.21476999,24.179496548203765,0.158,25.060854,utilities,-0.577473073928616,0.371945924023725,-0.6392822689362049,0.013062527519995964,1.448829657046202,-0.4858914655869631,0.143946855741374,-0.22579212556997655,-1.4372160214321268,-1.5318836761243317,0.22207831723035334,0.1741441537154824,-0.14079686002921576,-0.28160313961369865,0.32533357299307836,-0.7627362418462653,0.22207831723035334,0.1741441537154824
UGI,0.19641276095532773,129.716,0.014097487037333167,-0.0054162145,54.0673243927409,0.064,0.12269,0.045819998,0.30391002,0.23522,22.72544274453044,0.007,12.161972,utilities,0.6255234579484352,-0.49738189204604366,-0.0679144337601417,-1.1153102828937196,-0.5138196178973409,-0.2559311201297601,0.30743613136201825,1.322701017179885,0.8352285248076932,-1.3698240477991257,-1.4893660469172498,-0.6583859278694993,-0.3752793615252967,0.02007571071408329,-0.6283536736402735,0.27388540638761766,-1.4893660469172498,-0.6583859278694993
NI,0.09139166233857661,140.908,0.011430286799545815,0.2019471,54.045302249557416,0.06,0.091120005,0.033859998,0.34759,0.43721,23.84990945940602,0.082,23.656715,utilities,-0.7033498826872457,-0.3881486183940937,-0.47706772543878023,0.27376071365881277,-0.5172971221776349,-0.25774183151131286,0.02783940254851004,0.29609447096511077,1.3275912355398867,0.23088051544599336,-0.16585090808010283,-0.2448776092014621,-0.16632201989719547,-0.5228554088400399,-0.16709274667671167,0.4706014061248752,-0.16585090808010283,-0.2448776092014621
CNP,0.06667090300919495,215.591,0.010390118986529596,0.22645128,60.71038411296956,0.067,0.09561,0.02843,0.21982999,0.38929,24.083975319383374,0.019,27.018406,utilities,-1.0161513908200726,0.34075314859559486,-0.6366313302121566,0.4379076159899995,0.5351822171588098,-0.25457308659359545,0.06760462628037972,-0.16999846320990047,-0.11252537730591003,-0.1488697824435361,0.10964831752324414,-0.5922245968826134,-0.10521147443000989,-0.43734319081221146,0.23950558218507126,-0.09094724916974173,0.10964831752324414,-0.5922245968826134
EVRG,0.07303631546970167,155.555,0.009948214153832603,0.25266337,64.1978530885367,0.185,0.08866999,0.028970001,0.21916,0.46213,23.71515277466403,0.05,22.986702,utilities,-0.9356073188923356,-0.24519474427149582,-0.7044203227088975,0.6134953474352579,1.0858864873509508,-0.20115710083778848,0.0061410722337910326,-0.12364657679162937,-0.12007753489763665,0.4283633498242713,-0.32446166103179286,-0.42130782516649135,-0.17850186031087573,-0.6284074619575764,0.4994082446494734,0.047695077592199084,-0.32446166103179286,-0.42130782516649135
AES,0.18981488154839385,259.603,0.026080743367237206,0.35840297,59.79382862311538,9.511,0.052600004,0.027139999,0.18742001,0.30071,23.070335793876477,0.087,7.635417,utilities,0.5420378901522028,0.7703077268630742,1.7703385413807595,1.3218164499466964,0.39044945375159995,4.020516485252518,-0.31330940895725895,-0.28072785043595433,-0.4778521381601086,-0.850837257131653,-1.083421463542281,-0.2173103879569263,-0.4575654030256059,1.0275613861320123,1.9109274629836046,-0.48068166367124376,-1.083421463542281,-0.2173103879569263
PPL,0.13288120904593734,135.116,0.010787535040314265,0.08090615,58.83556097147132,0.073,0.08316,0.031170001,0.27181,0.39218,24.03190679381814,0.108,22.300613,utilities,-0.17836630071511325,-0.4446782039008925,-0.5756669960507196,-0.5370600115286468,0.23912994626793527,-0.2518570195212663,-0.04265764248868974,0.06519409224453321,0.4733956470967229,-0.1259674794197314,0.0483628379880502,-0.10152805872987584,-0.1909739385087339,-0.3995705002222418,-0.18326236159399265,0.09249115435820873,0.0483628379880502,-0.10152805872987584
VST,0.3801310259362448,355.187,0.030877625497809067,-0.12274444,58.27160275706688,,0.42898,0.06022,0.26578,0.34919,24.702709248489608,0.434,26.526756,utilities,2.950183052416264,1.7032020468012445,2.506188848272639,-1.901260466570135,0.1500756208937715,0.0,3.020065071223727,2.558749204362648,0.4054252142871127,-0.46664914273924046,0.8379079549593782,1.6958547664138597,-0.11414894062751042,2.3865246491633827,-0.5837282818921211,1.3793975867835617,0.8379079549593782,1.6958547664138597
CWEN-A,0.13268672216168387,159.672,0.017009298432305333,0.50745714,,,-0.04025,0.00799,-0.02258,0.73127997,22.840445516384474,0.211,28.272728,utilities,-0.18082721989222905,-0.20501306203194278,0.37876264736840876,2.320290191367388,1.122014049382213e-15,0.0,-1.1356268464076342,-1.9244999518913377,-2.8449817517127642,2.561288668782076,-1.3540059624047533,0.46635669890756204,-0.0824097649297937,-0.0023592115185877005,0.7734300637891298,-0.835954970307415,-1.3540059624047533,0.46635669890756204
ES,0.15130858919827603,181.822,0.01554791496149893,0.14283502,61.876710903677235,0.074,0.10912,0.03292,0.24872999,0.35159,24.025721598247067,0.094,15.475374,utilities,0.05480260100780321,0.011169658785667688,0.1545838065697059,-0.1222151901401835,0.7193562266144093,-0.2514043416758781,0.18725468660729758,0.21540817495935824,0.21323673018956946,-0.4476299291554576,0.04108276480607867,-0.17871627821457614,-0.3150466382999723,0.0735186887877256,0.11524556493278255,0.04206741565019194,0.04108276480607867,-0.17871627821457614
AEE,0.08073830777573818,155.674,0.010471331487778191,0.18881631,59.04217302055075,0.196,0.117469996,0.03086,0.27786,0.44786,24.166372711699836,0.037,20.330936,utilities,-0.8381509755472418,-0.24403331114385268,-0.624173187122426,0.18580108784553018,0.2717559390719824,-0.19617764453851833,0.261205650717551,0.03858463940731523,0.5415915208111745,0.31527827572402944,0.20663135373842278,-0.4929826004022845,-0.22677973858499598,-0.5687858246045069,0.08712646079299809,0.28916502166501756,0.20663135373842278,-0.4929826004022845
IDA,0.08799609794545575,109.882,0.01047891882993935,0.3160944,63.52576450495547,0.1,0.09498,0.02318,0.19734,0.35861,22.849503449245365,-0.067,25.17471,utilities,-0.7463152968550838,-0.6909605866147337,-0.6230092752509627,1.0384027341005766,0.9797573560185686,-0.23963471769578504,0.06202508978845086,-0.6206409688643794,-0.3660335620793447,-0.3919987294228931,-1.3433446319186069,-1.0663808022886296,-0.13872712718800223,-0.6867617195735933,0.5928417908077867,-0.3291620426445416,-1.3433446319186069,-1.0663808022886296
WEC,0.11222418888324957,153.184,0.009641474904894969,0.13069212,61.18787489408916,0.079,0.11679,0.030439999,0.28952998,0.38994,24.36177222997033,0.09,23.400803,utilities,-0.43974771599951856,-0.26833556734411684,-0.7514746726642579,-0.20355720690293044,0.6105825186330859,-0.24914095244893716,0.25518332929474846,0.002533153118289208,0.673136063345088,-0.14371874543126173,0.43661968254467015,-0.2007700552102048,-0.1709741196623429,-0.4865193186692978,0.05262811976040609,0.196783450081716,0.43661968254467015,-0.2007700552102048
CMS,0.11476882497732069,189.842,0.010435088133301487,0.11122203,59.232526739122754,0.089,0.103719994,0.03131,0.19816999,0.3455,23.88588242518423,0.116,21.132597,utilities,-0.4075494328776635,0.08944439562346623,-0.6297329825871719,-0.33398209610997237,0.30181458802312006,-0.2446141739950552,0.13943003496660783,0.07721113989198475,-0.35667787724888883,-0.49589118362430673,-0.12351015742337922,-0.05742050473861849,-0.2122067332166354,-0.31594600661378974,-0.09226056069396917,-0.15898197150365073,-0.12351015742337922,-0.05742050473861849
HAL,0.20790554067038527,74.651,0.022791648724836393,0.6072607,30.98562640044244,1.335,0.14626999,0.07375,0.12569,0.18597999,24.06830740637209,-0.003,18.756907,energy,0.1185803721387519,-0.08152450773708934,0.6130439456573714,1.1585262952361957,-1.1621059331993564,0.7204714135943909,-0.13656875434025997,0.21696604774446865,-0.3678792603053129,-0.9211241489735469,-0.11622063965702988,-0.5879696382584333,-0.29762362606062076,0.21669993668634466,0.23896392521041007,-0.3021515289686628,-0.11622063965702988,-0.5879696382584333
BKR,0.20072349698412906,82.935,0.021145806990188677,0.4554149,37.7417440419747,1.325,0.17184,0.05011,0.12282,0.17284,24.731685928591133,0.025,17.731628,energy,-0.010247260070647376,-0.004219589030327594,0.22308429186395728,0.5940046010439561,-0.332365307697067,0.7118961959193036,0.052264293853961294,-0.3806693230686901,-0.3804007676757505,-0.974523583428406,0.4951595442836403,-0.4605740500441365,-0.3306332552452923,0.06953914758766076,0.32451182975539755,-0.42083234507972134,0.4951595442836403,-0.4605740500441365
XOM,0.201122624890944,18.261,0.015492898726102381,0.24551451,32.691055644493176,-0.434,0.09873,0.04221,0.06355,0.1718,27.063090954932413,0.026,23.05565,energy,-0.003087918603251275,-0.6077466668237977,-1.1162948860865054,-0.1863483871480904,-0.9526566602900672,-0.7964845931285578,-0.4876488369379122,-0.5803867270206342,-0.6389895279007809,-0.9787500259015777,2.643819451265196,-0.45602420760791157,-0.15922235929303627,-0.5757098238378515,-0.6451632135222385,-0.6714437794402263,2.643819451265196,-0.45602420760791157
NOV,0.1610168889438252,37.317,0.024265558145480665,0.42647064,43.02816596811575,-0.737,0.0152,0.0319,0.0229,0.106979996,22.618991980486612,-0.024,74.2,energy,-0.7224830136191608,-0.4299192246610682,0.9622665928278281,0.48639765575906396,0.31687724081937474,-1.056313688683704,-1.1045130663873064,-0.8410305795199433,-0.8163411915273623,-1.242171197071548,-1.4519327587378654,-0.6835163294191559,1.4874084879115332,-0.06337854848413364,-0.08434626403508842,-1.00101400862654,-1.4519327587378654,-0.6835163294191559
TRGP,0.16011251091161857,585.249,0.017117906372690554,0.57789147,48.26780648686945,1.429,0.74097997,0.09126,0.20899999,0.31503,24.776000254139227,-0.102,27.389174,energy,-0.738705259765384,4.683291629616256,-0.7312715840672429,1.049339426210371,0.9603744136205036,0.801078459740212,4.255330127002546,0.6596308253645368,-0.00440655862723499,-0.39667949183195894,0.5360003306482222,-1.0384040394446972,-0.01970129204902327,1.0711049285945429,0.9369307665236956,1.1284687254769723,0.5360003306482222,-1.0384040394446972
RRC,0.23597468031326932,21.275,0.020346398391783586,-0.066991806,35.86063491041078,2.607,0.21134001,0.109060004,0.44257,0.52551,22.893780288413655,0.261,9.838624,energy,0.6220694841957531,-0.5796205170190922,0.03367537500947409,-1.3481625101208392,-0.5633903949257026,1.8112391018654994,0.3439695881421615,1.1096271024802609,1.0146347660167325,0.4586874425461282,-1.1986834891003595,0.6131887649049369,-0.5847544604910146,0.02537478072871167,-0.03343793439368081,0.7317297247963208,-1.1986834891003595,0.6131887649049369
FTI,0.16438774280780197,38.688,0.020588903648678235,0.8830831,43.77472158213502,0.939,0.33407003,0.091800004,0.14057,0.18801,23.99791452941965,0.116,25.402302,energy,-0.66201845216696,-0.4171252792787685,0.09113367372126467,2.183959521207343,0.4085641466749851,0.3808927936609327,1.250323703042302,0.6732824958713302,-0.30295938933942035,-0.9128744177380049,-0.18109583325741133,-0.046538388347671725,-0.08367013170867367,-0.3293366859081546,0.9911388205144203,0.17694309795905175,-0.18109583325741133,-0.046538388347671725
LNG,0.24091149600614342,321.125,0.017063347895314093,0.03359604,48.63298216958902,,0.2892,0.064330004,-0.53749,0.2909,24.636987218836417,0.242,40.510166,energy,0.7106234256851709,2.218530119656728,-0.7441984679232866,-0.9742040520069625,1.0052228184995577,9.520404104054558e-17,0.9189611209601615,-0.02117789483245493,-3.2612636707327747,-0.4947410849835326,0.4078837090710173,0.526741758616664,0.4027389222292768,0.7283183591395375,0.010339588830865122,-0.7145553823971502,0.4078837090710173,0.526741758616664
OXY,0.263370441934899,41.989,0.021731633445885714,0.14535701,29.02648165321189,3.156,0.04053,0.02497,0.17725,0.51267,24.600892155946788,-0.083,65.63513,energy,1.1134799039125702,-0.3863208929133629,0.36188784571571175,-0.5587069350042658,-1.4027148263932188,2.282018552227794,-0.9174524781920094,-1.016225719948674,-0.1429284170928519,0.40650713355042933,0.37461792573665004,-0.9519570331564242,1.211656051048087,0.3630156189049731,0.10686559694343645,-0.41752487042077646,0.37461792573665004,-0.9519570331564242
WMB,0.12360428964224132,199.855,0.014079716934056428,0.27826977,45.23299628475247,0.25,0.19656,0.048860002,0.33609,0.5633,25.2332203538639,0.09,32.605263,energy,-1.3935700737056027,1.0868585248270572,-1.451128953525774,-0.06457317262844403,0.5876595721995092,-0.2099397041525843,0.2348200672526089,-0.4122701275630094,0.5500737538898346,0.6122617320280167,0.9573816375617742,-0.16483429168951882,0.14823461972157184,-0.5859468341347732,0.10438223180616024,0.2462213564018627,0.9573816375617742,-0.16483429168951882
TPL,0.3422960093504078,1.156,0.030014278529775482,0.17896843,59.526530962926984,0.183,0.36466,0.25188,0.77222,0.82268,24.13064314056004,0.208,59.868675,energy,2.529204231847351,-0.7673676994745894,2.3243471401986775,-0.4337487487218205,2.3430947250156775,-0.26739366257566943,1.4762288661325698,4.720214296600137,2.4528629557953936,1.6663527403850489,-0.05877103681727763,0.3720471157850178,1.026000691619,1.3620612241904795,0.5473174379060625,2.5789147147282874,-0.05877103681727763,0.3720471157850178
CVX,0.20777538058442577,23.989,0.014218077109368883,0.15731263,34.26178731868423,-0.445,0.06638,0.0346,0.07312,0.20408002,26.522743909681346,0.023,28.87805,energy,0.11624563060627928,-0.5542939176262686,-1.4183464052844696,-0.5142591672193246,-0.7597500309223821,-0.8059173325711537,-0.7265517200061261,-0.7727727325996586,-0.597236627017475,-0.8475676724757732,2.1458270308709877,-0.46967373491658626,0.028234191523698892,-0.618798230768153,-0.6933088435709536,-0.7360321880247582,2.1458270308709877,-0.46967373491658626
OKE,0.20757401437131062,149.644,0.01660345412382307,0.095567346,43.86124938648795,0.18,0.15903,0.05657,0.1492,0.21324,24.726500714412843,0.196,15.497326,energy,0.11263363190843789,0.6182977723904071,-0.8531639973159252,-0.7438114652220418,0.41919090575712176,-0.26996622787819563,-0.04233681687567752,-0.21735610414089793,-0.2653076093370243,-0.8103425488936533,0.4903807685290522,0.3174490065503192,-0.4025682900080934,-0.04074419767236007,-0.19819559578103854,-0.3338357698118133,0.4903807685290522,0.3174490065503192
DINO,0.17570837587044968,34.67,0.023198538299398403,0.68154836,49.52051036086204,,0.13044,0.06067,0.11891,0.08196,23.253479176041072,0.118,10.457958,energy,-0.45895503229899054,-0.45462059112857156,0.7094508566549914,1.4347077614392587,1.1142230218191043,9.520404104054558e-17,-0.2534723169350356,-0.11370529955824349,-0.3974596853825139,-1.3438496333917302,-0.867179280394172,-0.037438703475222004,-0.5648145361567999,-0.06804158892419021,0.8496435944194544,-0.5271217338168808,-0.867179280394172,-0.037438703475222004
VLO,0.14186984547311413,42.664,0.02238948270511096,0.9297153,53.64747277827968,,0.1585,0.06487,0.060510002,0.078099996,25.071388783666468,0.066,19.01022,energy,-1.0659323689694271,-0.3800219044866289,0.5177562162736143,2.3573254526187575,1.621068603755409,9.520404104054558e-17,-0.04625083628915987,-0.0075264265711341575,-0.6522527186196364,-1.3595362534419353,0.8082350917499646,-0.2740305101589161,-0.28946802334403665,-0.30939935239414723,1.3261313521247222,-0.5163915587304664,0.8082350917499646,-0.2740305101589161
OVV,0.16678237290258638,67.572,0.0225792022765745,0.35334516,38.16684408248225,,0.07126,0.06467,0.2922,0.49543,23.41759767464755,0.085,17.31908,energy,-0.6190648670030616,-0.14758456562279257,0.5627076698965787,0.2145368610698414,-0.2801573989206609,9.520404104054558e-17,-0.6905132016329302,-0.012582563380043925,0.35858631190777657,0.3364457217836192,-0.7159250650323982,-0.1875835038706432,-0.3439155486511632,-0.06798058757642515,-0.021873512616939792,-0.0020159328303945845,-0.7159250650323982,-0.1875835038706432
AR,0.2642303411293971,57.771,0.024107215296916135,-0.08550185,41.657685972234006,1.606,0.12837,0.05886,0.36523998,0.37962002,23.110893761548745,0.343,11.372169,energy,1.128904312619238,-0.23904587757896972,0.9247494238880675,-1.4169778569954508,0.1485641667499015,0.9528598125892578,-0.26875914747448537,-0.1594633376788787,0.6772520428856914,-0.13419294964828665,-0.9985882633801951,0.9862758446753777,-0.5353808248386633,0.6048692863094453,-0.10518462588543047,0.028709152021010167,-0.9985882633801951,0.9862758446753777
EOG,0.18511282567115406,26.873,0.016508237532038086,0.08862114,41.39002466858605,0.396,0.18195,0.08968,0.37877998,0.53398,24.95879014734417,0.156,12.7561455,energy,-0.2902630759446499,-0.5273809063333785,-0.8757242644340809,-0.7696355840276216,0.11569181767380642,-0.08474152609630929,0.12692606040170915,0.6196873445741481,0.7363256351490103,0.49310856538051806,0.7044623998697421,0.13545530910132372,-0.49082265963163235,-0.5644560822373698,-0.24622843081670812,0.4940119013763464,0.7044623998697421,0.13545530910132372
KMI,0.10084525949668902,98.84,0.012752630912388173,0.13907516,42.732041402492484,0.36,0.10597,0.04319,0.29909,0.42439,24.98774239442698,0.138,21.456375,energy,-1.8018093010225564,0.1442032419729371,-1.7655638075396094,-0.5820611575422716,0.2805092266219314,-0.1156123097266237,-0.43418185476128573,-0.5556116566569752,0.3886466553859352,0.04774718977003458,0.7311452506918843,0.05355814524927581,-0.21071222177370297,-1.1410566221964096,-0.1390547468823213,-0.13834991656557283,0.7311452506918843,0.05355814524927581
PR,0.17552479014074726,32.695,0.021096044945174804,0.3202287,37.63207192450473,-0.887,0.068569995,0.05252,0.09172,0.7018,23.487121561322468,0.009,20.685394,energy,-0.4622480942599275,-0.47305096467345986,0.21129385695326658,0.09141880245478885,-0.34583449461445986,-1.1849419538100139,-0.7103787333166369,-0.31974287452132505,-0.5160867883101092,1.1751100806186905,-0.6518507466758161,-0.5333715290237346,-0.2355345354253308,-0.24133506732670695,-0.47978588198989497,-0.0927745788823452,-0.6518507466758161,-0.5333715290237346
DTM,0.08456853002297572,68.866,0.013173689142133582,0.40895665,49.50455470491327,0.198,0.098579995,0.039389998,0.49702,0.70298,23.429284168265262,0.109,32.60889,energy,-2.093772509520453,-0.13550917151287595,-1.665799827782751,0.4212853687753873,1.1122634561854556,-0.25453083606303845,-0.48875661520606206,-0.6516783065876327,1.2521943744907142,1.1799054672709433,-0.7051546068726755,-0.07838728540124597,0.14835139371679934,-1.2983605029386933,0.42633932963260146,0.3229162299919907,-0.7051546068726755,-0.07838728540124597
COP,0.2172451476792764,36.143,0.018533170466219204,0.1327318,32.194554400552164,-0.202,0.112840004,0.05865,0.22051,0.39319,25.564723543830294,-0.053,17.620338,energy,0.2861092134105246,-0.44087479860623213,-0.3959441438156365,-0.6056440576558821,-1.013633581440429,-0.5975395430665317,-0.3834472716920381,-0.16477228132823424,0.04581040132008584,-0.07904608442512086,1.2629002434108354,-0.8154617600696776,-0.33421632056893796,-0.18356990967044803,-0.7389390607209476,-0.14536380903132684,1.2629002434108354,-0.8154617600696776
AM,0.12669491189785792,191.718,0.013053139551601502,0.25412536,55.29573593705071,-0.003,0.20407,0.0761,0.55439,0.73934996,23.103348384218364,0.086,26.453487,energy,-1.3381321559431858,1.0109253858221177,-1.6943624019350523,-0.154335571314954,1.8234971251215468,-0.4268927113322938,0.29028098384742446,0.27637565524916097,1.5024936350628417,1.327708874666675,-1.0055422029872823,-0.1830336614344184,-0.04982643935323781,-0.6738563906853735,0.4140896141580997,0.8492147872065255,-1.0055422029872823,-0.1830336614344184
EQT,0.25124505811772935,20.816,0.02020738074997514,-0.06676239,43.31432394012877,4.9,0.13402,0.07727,0.57368,0.81861997,24.227521037734537,0.499,10.089184,energy,0.8959812983575265,-0.5839038291492713,0.0007370490881170951,-1.3473096033628333,0.35202122546981107,3.7775365147630247,-0.2270342235383059,0.3059540555812844,1.586653871012577,1.6498532372750951,0.03051317213812228,1.6960512647264598,-0.5766874926817537,0.10427150609879077,0.9274160456233341,0.8288567350826627,0.03051317213812228,1.6960512647264598
MPC,0.1832866274930289,146.523,0.02027793400743944,0.52527213,50.60534944170677,,0.27458,0.051459998,0.03556,0.07546,25.035934916501493,0.088,16.831469,energy,-0.3230204354805147,0.5891731162721304,0.017453676984701585,0.8537149244850847,1.2474556126751286,9.520404104054558e-17,0.8109932646863658,-0.3465404501699159,-0.7611069464717037,-1.3702648988490544,0.7755602445809252,-0.1739339765619686,-0.3596145518457735,0.09453545259210577,0.7003901790534045,-0.41672975770107706,0.7755602445809252,-0.1739339765619686
PSX,0.17277459002442494,91.385,0.018839366681334076,0.41331708,46.30559931525236,-0.568,0.14547,0.038,0.0063899998,0.05235,24.939504445385,0.069,16.688055,energy,-0.5115797030004622,0.07463441423767536,-0.32339514501132127,0.4374962704335608,0.7193894141980548,-0.9113925099747279,-0.14247663432250854,-0.6868184068481891,-0.8883725814891138,-1.464181327267325,0.6866883905880112,-0.2603809828502414,-0.3642318735307885,-0.25344681125803603,0.08183105821896257,-0.7954622374817841,0.6866883905880112,-0.2603809828502414
DVN,0.20080862145889636,56.404,0.021429052347358646,0.28606427,33.25243122939938,-0.753,0.15178001,0.060739998,0.06856,0.42005002,24.587329329598713,-0.008,11.509749,energy,-0.008720343080665022,-0.2518024956224443,0.2901953992659306,-0.03559532572466795,-0.8837123118230762,-1.0700340369638435,-0.09587757462577713,-0.11193570223649305,-0.6171314261844422,0.030110001496268995,0.3621182095268098,-0.6107188504395578,-0.530951333175197,0.009890853520940416,-0.6631138915038625,-0.19870867538761083,0.3621182095268098,-0.6107188504395578
APA,0.2613650372547376,61.314,0.02886862043238359,0.74023235,36.05915750450786,0.322,0.26217,0.09611,0.38487998,0.62251,23.166701481652357,-0.119,7.5920744,energy,1.0775080346434884,-0.20598318721464612,2.0528991475882634,1.6528789947348814,-0.5390091940434325,-0.14819813689195555,0.7193461308725627,0.7822421429806038,0.7629392919293829,0.8528844809092715,-0.9471549820190154,-1.11575136086052,-0.6570838159552075,0.9748079983390352,0.3218905545998311,0.7793530116729552,-0.9471549820190154,-1.11575136086052
EXE,0.2840437615500307,25.883,0.019827117180003066,-0.212699,42.43258041517011,,0.17568001,0.09668,0.3404,0.57302,23.805876461042406,0.41,6.7849708,energy,1.4843067788621211,-0.5366194226925884,-0.08936119485287661,-1.8898625242988891,0.24373145570110874,9.520404104054558e-17,0.08062254609540713,0.7966521328859972,0.5688778294182617,0.6517627136041996,-0.35808116762632003,1.291115287902445,-0.6830691239051541,0.28610872043888536,-0.5487103561992601,0.5244788055009664,-0.35808116762632003,1.291115287902445
MTDR,0.28762440833888087,60.382,0.02572463784548527,0.0052524805,33.602486613318575,,0.100839995,0.047519997,0.04972,0.5843,22.544841690772806,-0.064,12.829896,energy,1.5485344928300113,-0.21468045716089215,1.3079755408346558,-1.0795777549897156,-0.8407208796686051,9.520404104054558e-17,-0.47206664563159023,-0.4461463705861264,-0.699328359584806,0.6976033588901406,-1.5202708436261667,-0.8655100268681514,-0.48844820676837847,0.8806098588345916,-0.640099544886107,-0.2299845042280955,-1.5202708436261667,-0.8655100268681514
SLB,0.20048263385487697,42.515,0.021541564120369217,0.3176136,34.972887441795734,-0.138,0.14066,0.06467,0.12269,0.20897,24.964667939081185,0.027,20.480177,energy,-0.0145677331815911,-0.38141234785786354,0.3168535226609342,0.08169656659128709,-0.6724175284037491,-0.5426581499459727,-0.1779982067354329,-0.012582563380043925,-0.38096794396779127,-0.8276953463556186,0.7098794661041442,-0.4514743651716867,-0.24214165121760844,-0.026375519459506818,-0.37779303725281155,-0.3498110151097217,0.7098794661041442,-0.4514743651716867
WFRD,0.27373901006310447,92.666,0.026097102010349794,0.5519755,27.228785800701473,0.447,0.30778998,0.08741,0.11806,0.20176001,22.491742027473048,-0.034,12.754304,energy,1.2994656956607744,0.08658849449641041,1.3962258225739945,0.9529908456698802,-1.6234956594496677,-0.04100791595336391,1.0562470504247807,0.5623001917930199,-0.4011681457535495,-0.8569959309394112,-1.569208336819041,-0.7290147537814048,-0.49088194811032315,0.9274266709103931,-0.23717090991105047,0.09009579138121002,-1.569208336819041,-0.7290147537814048
